Row ID,Order ID,Order Date,Ship Date,Ship Mode,Customer ID,Customer Name,Segment,City,State,Country,Market,Region,Product ID,Category,Sub-Category,Product Name,Sales,Quantity,Discount,Profit,Shipping Cost,Order Priority
21316,ID-2013-63976,2013-08-22,2013-08-26,Standard Class,JB-16000,Joy Bell-,Consumer,Mataram,Nusa Tenggara Barat,Indonesia,APAC,Southeast Asia,TEC-PH-10000499,Technology,Phones,"Motorola Smart Phone, Full Size",3200.5962,6,0.17,-77.20379999999989,660.87,High
21209,IN-2014-30110,2014-08-26,2014-08-27,First Class,LA-16780,Laura Armstrong,Corporate,Palembang,Sumatera Selatan,Indonesia,APAC,Southeast Asia,FUR-TA-10000687,Furniture,Tables,"Bevis Conference Table, with Bottom Storage",3427.1495999999997,7,0.47000000000000003,-452.81039999999985,586.57,High
23013,ID-2012-78207,2012-09-18,2012-09-21,Second Class,AM-10705,Anne McFarland,Consumer,Bandung,Jawa Barat,Indonesia,APAC,Southeast Asia,OFF-AP-10001621,Office Supplies,Appliances,"Hamilton Beach Refrigerator, Black",2487.8088,6,0.17,-269.7912,562.14,Critical
24424,IN-2014-39077,2014-07-19,2014-07-23,Standard Class,JK-16120,Julie Kriz,Home Office,Palembang,Sumatera Selatan,Indonesia,APAC,Southeast Asia,FUR-BO-10001212,Furniture,Bookcases,"Safco Classic Bookcase, Mobile",3278.5847999999996,8,0.07,140.82479999999995,492.28,High
23815,IN-2012-57025,2012-01-11,2012-01-15,Standard Class,PM-18940,Paul MacIntyre,Consumer,Tasikmalaya,Jawa Barat,Indonesia,APAC,Southeast Asia,FUR-BO-10004679,Furniture,Bookcases,"Safco Library with Doors, Pine",3637.6019999999994,10,0.07,156.40199999999993,487.86,High
23175,IN-2012-30943,2012-08-03,2012-08-08,Standard Class,KH-16330,Katharine Harms,Corporate,Yogyakarta,Yogyakarta,Indonesia,APAC,Southeast Asia,OFF-AP-10002312,Office Supplies,Appliances,"KitchenAid Refrigerator, Black",3501.7367999999997,8,0.17,210.85680000000002,479.96,High
24015,ID-2014-10076,2014-07-09,2014-07-13,Standard Class,HG-15025,Hunter Glantz,Consumer,Medan,Sumatera Utara,Indonesia,APAC,Southeast Asia,FUR-BO-10004679,Furniture,Bookcases,"Safco Library with Doors, Pine",2910.0815999999995,8,0.07,125.12159999999994,456.32,High
20601,ID-2013-70122,2013-06-11,2013-06-15,Standard Class,AD-10180,Alan Dominguez,Home Office,Jakarta,Jakarta,Indonesia,APAC,Southeast Asia,FUR-CH-10002061,Furniture,Chairs,"Harbour Creations Executive Leather Armchair, Red",3126.400199999999,9,0.27,-128.71979999999962,455.71,High
23229,ID-2012-36403,2012-10-10,2012-10-11,First Class,SW-20245,Scot Wooten,Consumer,Surakarta,Jawa Tengah,Indonesia,APAC,Southeast Asia,TEC-PH-10001699,Technology,Phones,"Samsung Smart Phone, Full Size",2645.376,5,0.17,-0.024000000000114596,451.03,High
29651,ID-2013-31720,2013-05-01,2013-05-04,Second Class,JS-16030,Joy Smith,Consumer,Medan,Sumatera Utara,Indonesia,APAC,Southeast Asia,FUR-TA-10003179,Furniture,Tables,"Lesro Wood Table, Fully Assembled",1242.585,5,0.47000000000000003,-140.71500000000015,437.85,Critical
21670,IN-2014-56808,2014-07-12,2014-07-14,Second Class,AG-10330,Alex Grayson,Consumer,Jambi,Jambi,Indonesia,APAC,Southeast Asia,OFF-AP-10001956,Office Supplies,Appliances,"Breville Refrigerator, Black",1722.2831999999999,4,0.17,539.4431999999999,430.04,Critical
28110,IN-2011-67651,2011-05-21,2011-05-25,Second Class,EP-13915,Emily Phan,Consumer,Jakarta,Jakarta,Indonesia,APAC,Southeast Asia,FUR-BO-10002444,Furniture,Bookcases,"Sauder Library with Doors, Mobile",2539.8764999999994,7,0.07,709.9364999999999,393.58,High
25761,ID-2014-41191,2014-11-07,2014-11-09,First Class,DK-12895,Dana Kaydos,Consumer,Surabaya,Jawa Timur,Indonesia,APAC,Southeast Asia,OFF-AP-10002793,Office Supplies,Appliances,"KitchenAid Stove, Black",3309.2598,7,0.17,318.85979999999995,374.8,High
29383,IN-2014-17972,2014-03-26,2014-03-29,First Class,AP-10915,Arthur Prichep,Consumer,Jakarta,Jakarta,Indonesia,APAC,Southeast Asia,OFF-AP-10003917,Office Supplies,Appliances,"KitchenAid Stove, Silver",1421.5410000000002,3,0.17,428.12099999999987,367.57,Critical
24211,IN-2014-16054,2014-10-11,2014-10-13,Second Class,PS-18760,Pamela Stobb,Consumer,Bandung,Jawa Barat,Indonesia,APAC,Southeast Asia,FUR-BO-10001541,Furniture,Bookcases,"Bush Stackable Bookrack, Traditional",1029.2588999999998,9,0.07,10.818900000000014,354.47,Critical
25179,ID-2013-57949,2013-06-13,2013-06-13,Same Day,AM-10705,Anne McFarland,Consumer,Medan,Sumatera Utara,Indonesia,APAC,Southeast Asia,TEC-CO-10001419,Technology,Copiers,"Hewlett Copy Machine, Color",1479.3137999999997,6,0.07,-63.646199999999986,350.31,High
25941,IN-2014-27947,2014-04-30,2014-05-04,Standard Class,BS-11800,Bryan Spruell,Home Office,Kendari,Sulawesi Tenggara,Indonesia,APAC,Southeast Asia,OFF-AP-10000136,Office Supplies,Appliances,"Hamilton Beach Refrigerator, White",4135.641,10,0.17,847.0409999999999,348.08,Medium
29552,IN-2014-44257,2014-04-16,2014-04-18,Second Class,SV-20785,Stewart Visinsky,Consumer,Medan,Sumatera Utara,Indonesia,APAC,Southeast Asia,OFF-ST-10003150,Office Supplies,Storage,"Smead Lockers, Wire Frame",1803.0837,11,0.17,-130.38630000000003,332.13,High
21391,ID-2014-27163,2014-10-27,2014-10-31,Second Class,DV-13045,Darrin Van Huff,Corporate,Manado,Sulawesi Utara,Indonesia,APAC,Southeast Asia,FUR-BO-10003046,Furniture,Bookcases,"Safco Library with Doors, Mobile",2189.0897999999997,6,0.07,541.3697999999999,320.28,High
21339,ID-2013-60896,2013-08-05,2013-08-07,First Class,JE-16165,Justin Ellison,Corporate,Jakarta,Jakarta,Indonesia,APAC,Southeast Asia,FUR-BO-10000980,Furniture,Bookcases,"Bush Library with Doors, Traditional",677.6351999999999,2,0.07,211.2552,307.25,Critical
29626,ID-2012-39903,2012-01-02,2012-01-06,Standard Class,JS-15595,Jill Stevenson,Corporate,Medan,Sumatera Utara,Indonesia,APAC,Southeast Asia,OFF-AP-10004964,Office Supplies,Appliances,"Hoover Stove, White",2821.7178,6,0.17,339.8778,301.26,High
23255,ID-2012-48639,2012-10-30,2012-11-03,Standard Class,BS-11380,Bill Stewart,Corporate,Bandung,Jawa Barat,Indonesia,APAC,Southeast Asia,TEC-CO-10001895,Technology,Copiers,"Sharp Wireless Fax, Color",2991.1031999999996,9,0.07,-128.7468,300.6,Medium
20872,IN-2013-34170,2013-12-18,2013-12-25,Standard Class,FH-14275,Frank Hawley,Corporate,Palu,Sulawesi Tengah,Indonesia,APAC,Southeast Asia,FUR-BO-10002990,Furniture,Bookcases,"Dania Library with Doors, Traditional",3707.352,11,0.07,1554.432,298.44,Medium
20959,IN-2014-79544,2014-07-11,2014-07-14,First Class,JH-16180,Justin Hirsh,Consumer,Depok,Yogyakarta,Indonesia,APAC,Southeast Asia,FUR-BO-10004842,Furniture,Bookcases,"Dania 3-Shelf Cabinet, Pine",796.8240000000001,6,0.07,231.264,270.56,High
26873,ID-2014-29032,2014-07-21,2014-07-25,Standard Class,EB-13930,Eric Barreto,Consumer,Depok,Jawa Barat,Indonesia,APAC,Southeast Asia,FUR-CH-10003232,Furniture,Chairs,"Harbour Creations Executive Leather Armchair, Adjustable",2063.7684,6,0.27,141.1884,263.01,High
29782,IN-2013-48324,2013-02-27,2013-03-04,Standard Class,DK-12895,Dana Kaydos,Consumer,Jakarta,Jakarta,Indonesia,APAC,Southeast Asia,TEC-CO-10003819,Technology,Copiers,"Sharp Copy Machine, High-Speed",1781.1359999999997,8,0.07,-134.064,255.36,High
26535,IN-2014-43550,2014-12-31,2015-01-01,First Class,ML-17395,Marina Lichtenstein,Corporate,Jakarta,Jakarta,Indonesia,APAC,Southeast Asia,FUR-BO-10004679,Furniture,Bookcases,"Safco Library with Doors, Pine",1091.2805999999998,3,0.07,46.92059999999999,243.11,High
29525,IN-2013-79992,2013-03-05,2013-03-12,Standard Class,TS-21505,Tony Sayre,Consumer,Jakarta,Jakarta,Indonesia,APAC,Southeast Asia,OFF-AP-10001018,Office Supplies,Appliances,"Cuisinart Refrigerator, White",2051.0129999999995,5,0.17,667.113,235.88,Medium
27747,IN-2014-35528,2014-12-08,2014-12-14,Standard Class,MC-17425,Mark Cousins,Corporate,Samarinda,Kalimantan Timur,Indonesia,APAC,Southeast Asia,TEC-PH-10000030,Technology,Phones,"Samsung Smart Phone, with Caller ID",3696.0315,7,0.17,756.8715,234.16,Medium
25774,IN-2014-72516,2014-06-02,2014-06-04,First Class,IM-15070,Irene Maddox,Consumer,Bandung,Jawa Barat,Indonesia,APAC,Southeast Asia,TEC-AC-10004938,Technology,Accessories,"Memorex Router, Bluetooth",1043.9304,8,0.47000000000000003,-295.5096,234.13,Medium
24939,IN-2011-31594,2011-06-08,2011-06-13,Standard Class,SW-20350,Sean Wendt,Home Office,Depok,Jawa Barat,Indonesia,APAC,Southeast Asia,TEC-PH-10001990,Technology,Phones,"Cisco Smart Phone, Full Size",2166.8976000000002,4,0.17,391.49759999999986,232.49,Medium
26969,ID-2014-79257,2014-10-29,2014-10-31,Second Class,KD-16270,Karen Daniels,Consumer,Bekasi,Jawa Barat,Indonesia,APAC,Southeast Asia,TEC-MA-10000606,Technology,Machines,"Okidata Printer, White",886.1412,4,0.17,106.74119999999999,226.8,High
30241,ID-2011-74175,2011-11-23,2011-11-25,First Class,BM-11140,Becky Martin,Consumer,Jakarta,Jakarta,Indonesia,APAC,Southeast Asia,TEC-MA-10004553,Technology,Machines,"Epson Receipt Printer, Red",473.84700000000004,5,0.17,-5.852999999999994,226.73,Critical
26695,ID-2012-61449,2012-12-07,2012-12-09,First Class,CB-12025,Cassandra Brandow,Consumer,Jakarta,Jakarta,Indonesia,APAC,Southeast Asia,OFF-ST-10004315,Office Supplies,Storage,"Rogers Lockers, Blue",1053.8676,6,0.17,-152.49239999999998,221.64,High
21476,ID-2013-33421,2013-10-16,2013-10-18,First Class,EB-13840,Ellis Ballard,Corporate,Depok,Jawa Barat,Indonesia,APAC,Southeast Asia,OFF-AP-10001931,Office Supplies,Appliances,"Cuisinart Stove, Red",893.5613999999999,2,0.17,247.6014,211.08,Critical
21617,IN-2011-30824,2011-06-01,2011-06-03,First Class,AB-10060,Adam Bellavance,Home Office,Denpasar,Bali,Indonesia,APAC,Southeast Asia,FUR-CH-10003841,Furniture,Chairs,"Harbour Creations Swivel Stool, Black",1037.7096,8,0.27,298.5095999999999,202.94,Medium
29532,IN-2013-16712,2013-10-22,2013-10-24,Second Class,JL-15175,James Lanier,Home Office,Kendari,Sulawesi Tenggara,Indonesia,APAC,Southeast Asia,FUR-BO-10004771,Furniture,Bookcases,"Ikea Classic Bookcase, Traditional",1148.7824999999998,3,0.07,172.9125,201.68,High
29624,ID-2012-39903,2012-01-02,2012-01-06,Standard Class,JS-15595,Jill Stevenson,Corporate,Medan,Sumatera Utara,Indonesia,APAC,Southeast Asia,OFF-ST-10002395,Office Supplies,Storage,"Rogers Lockers, Single Width",1229.6864999999998,7,0.17,399.97650000000004,200.9,High
28124,IN-2013-75701,2013-05-28,2013-06-01,Standard Class,JD-15790,John Dryer,Consumer,Semarang,Jawa Tengah,Indonesia,APAC,Southeast Asia,TEC-MA-10000697,Technology,Machines,"StarTech Card Printer, Wireless",1764.1649999999997,13,0.17,127.33499999999992,200.7,High
21150,IN-2012-70437,2012-10-05,2012-10-08,First Class,BD-11500,Bradley Drucker,Consumer,Jakarta,Jakarta,Indonesia,APAC,Southeast Asia,TEC-MA-10001627,Technology,Machines,"Konica Printer, White",883.9500000000002,4,0.17,234.26999999999995,199.66,High
25880,IN-2011-22396,2011-11-18,2011-11-19,First Class,TM-21490,Tony Molinari,Consumer,Surabaya,Jawa Timur,Indonesia,APAC,Southeast Asia,OFF-ST-10004802,Office Supplies,Storage,"Rogers File Cart, Industrial",470.1120000000001,4,0.17,39.55199999999998,199.05,Critical
27564,IN-2011-73531,2011-06-25,2011-07-02,Standard Class,JS-16030,Joy Smith,Consumer,Jakarta,Jakarta,Indonesia,APAC,Southeast Asia,FUR-TA-10000989,Furniture,Tables,"Lesro Conference Table, Rectangular",2266.1475,5,0.47000000000000003,-0.052500000000009095,196.97,Low
25187,IN-2014-79005,2014-02-10,2014-02-14,Standard Class,LS-16945,Linda Southworth,Corporate,Tegal,Jawa Tengah,Indonesia,APAC,Southeast Asia,TEC-PH-10002683,Technology,Phones,"Apple Smart Phone, Cordless",1584.3869999999997,3,0.17,381.717,193.62,High
29617,IN-2014-41352,2014-10-13,2014-10-18,Standard Class,SP-20650,Stephanie Phelps,Corporate,Balikpapan,Kalimantan Timur,Indonesia,APAC,Southeast Asia,OFF-ST-10004768,Office Supplies,Storage,"Eldon Lockers, Industrial",1317.3095999999998,8,0.17,396.6696,191.58,High
24255,ID-2012-27450,2012-11-16,2012-11-17,First Class,AH-10075,Adam Hart,Corporate,Bandung,Jawa Barat,Indonesia,APAC,Southeast Asia,FUR-TA-10001889,Furniture,Tables,"Bevis Conference Table, Fully Assembled",1471.1156999999998,3,0.47000000000000003,-916.0443,191.26,Medium
25857,ID-2012-56402,2012-06-10,2012-06-17,Standard Class,KD-16270,Karen Daniels,Consumer,Bekasi,Jawa Barat,Indonesia,APAC,Southeast Asia,FUR-TA-10000989,Furniture,Tables,"Lesro Conference Table, Rectangular",2266.1475,5,0.47000000000000003,-0.052500000000009095,190.79,Medium
23459,IN-2014-37719,2014-07-29,2014-08-02,Standard Class,MD-17860,Michael Dominguez,Corporate,Jakarta,Jakarta,Indonesia,APAC,Southeast Asia,TEC-CO-10002119,Technology,Copiers,"Sharp Fax Machine, Digital",1922.3378999999998,7,0.07,227.21790000000001,187.29,High
24796,IN-2014-66797,2014-12-04,2014-12-09,Standard Class,SP-20650,Stephanie Phelps,Corporate,Bandung,Jawa Barat,Indonesia,APAC,Southeast Asia,TEC-CO-10001654,Technology,Copiers,"Hewlett Wireless Fax, Digital",2472.6933,7,0.07,903.9932999999999,184.56,Medium
25642,ID-2013-34387,2013-06-13,2013-06-17,Standard Class,JP-15460,Jennifer Patt,Corporate,Medan,Sumatera Utara,Indonesia,APAC,Southeast Asia,OFF-ST-10000103,Office Supplies,Storage,"Smead Lockers, Industrial",1981.0439999999994,12,0.17,-71.67600000000004,183.59,Medium
24241,ID-2014-36473,2014-10-24,2014-10-26,First Class,RB-19435,Richard Bierner,Consumer,Depok,Yogyakarta,Indonesia,APAC,Southeast Asia,FUR-BO-10002277,Furniture,Bookcases,"Bush Floating Shelf Set, Mobile",646.4988,4,0.07,-13.981200000000001,181.61,High
20960,IN-2014-79544,2014-07-11,2014-07-14,First Class,JH-16180,Justin Hirsh,Consumer,Depok,Yogyakarta,Indonesia,APAC,Southeast Asia,TEC-CO-10000660,Technology,Copiers,"Brother Fax and Copier, Laser",890.4285,5,0.07,114.7785,181.55,High
27673,IN-2011-26064,2011-06-24,2011-06-28,Standard Class,AA-10480,Andrew Allen,Consumer,Jakarta,Jakarta,Indonesia,APAC,Southeast Asia,TEC-PH-10001751,Technology,Phones,"Samsung Smart Phone, Cordless",1591.1100000000004,3,0.17,364.23,179.38,Medium
23986,ID-2014-17475,2014-03-17,2014-03-22,Second Class,DH-13075,Dave Hallsten,Corporate,Depok,Yogyakarta,Indonesia,APAC,Southeast Asia,OFF-AP-10002326,Office Supplies,Appliances,"Hamilton Beach Microwave, White",2096.4555,9,0.17,-429.3945,172.27,Medium
29622,IN-2014-27933,2014-07-22,2014-07-29,Standard Class,KM-16660,Khloe Miller,Consumer,Jember,Jawa Timur,Indonesia,APAC,Southeast Asia,FUR-BO-10000668,Furniture,Bookcases,"Sauder Classic Bookcase, Mobile",2039.0714999999998,5,0.07,109.62149999999997,170.58,Medium
22218,IN-2011-44145,2011-07-30,2011-08-03,Standard Class,HJ-14875,Heather Jas,Home Office,Samarinda,Kalimantan Timur,Indonesia,APAC,Southeast Asia,OFF-AP-10001931,Office Supplies,Appliances,"Cuisinart Stove, Red",1340.3420999999998,3,0.17,371.4021000000001,168.55,High
23408,ID-2013-10006,2013-06-21,2013-06-28,Standard Class,JE-15745,Joel Eaton,Consumer,Jakarta,Jakarta,Indonesia,APAC,Southeast Asia,FUR-TA-10002972,Furniture,Tables,"Barricks Computer Table, Fully Assembled",1524.2058000000002,6,0.47000000000000003,-575.3142,166.65,Low
26647,IN-2014-23894,2014-04-02,2014-04-05,Second Class,LP-17095,Liz Preis,Consumer,Jakarta,Jakarta,Indonesia,APAC,Southeast Asia,FUR-BO-10000035,Furniture,Bookcases,"Dania Classic Bookcase, Pine",766.5246,2,0.07,288.4446,166.24,Critical
25772,ID-2013-15032,2013-09-30,2013-10-04,Standard Class,CC-12370,Christopher Conant,Consumer,Bogor,Jawa Barat,Indonesia,APAC,Southeast Asia,FUR-BO-10000243,Furniture,Bookcases,"Safco Floating Shelf Set, Pine",1289.5658999999998,7,0.07,263.2959,164.71,High
29983,ID-2012-48100,2012-06-26,2012-06-30,Standard Class,EB-13870,Emily Burns,Consumer,Pematangsiantar,Sumatera Utara,Indonesia,APAC,Southeast Asia,TEC-PH-10003794,Technology,Phones,"Nokia Smart Phone, Full Size",1587.0014999999999,3,0.17,-76.55849999999998,164.0,High
20857,IN-2014-66027,2014-12-15,2014-12-19,Standard Class,SV-20935,Susan Vittorini,Consumer,Surabaya,Jawa Timur,Indonesia,APAC,Southeast Asia,FUR-BO-10002387,Furniture,Bookcases,"Safco Library with Doors, Metal",2534.0175,7,0.07,136.2375,163.3,Medium
29675,IN-2014-70871,2014-11-01,2014-11-05,Standard Class,MC-17635,Matthew Clasen,Corporate,Bogor,Jawa Barat,Indonesia,APAC,Southeast Asia,FUR-BO-10004648,Furniture,Bookcases,"Sauder Library with Doors, Pine",1808.757,5,0.07,155.457,161.95,Medium
27053,ID-2014-31545,2014-11-24,2014-11-27,First Class,AA-10645,Anna Andreadi,Consumer,Jakarta,Jakarta,Indonesia,APAC,Southeast Asia,TEC-CO-10002587,Technology,Copiers,"Sharp Fax and Copier, Laser",783.9899999999999,5,0.07,337.14000000000004,159.38,Critical
22123,IN-2013-61288,2013-07-16,2013-07-20,Standard Class,FW-14395,Fred Wasserman,Corporate,Surabaya,Jawa Timur,Indonesia,APAC,Southeast Asia,OFF-AP-10003917,Office Supplies,Appliances,"KitchenAid Stove, Silver",1895.3880000000001,4,0.17,570.8279999999999,155.81,Medium
23958,ID-2014-47022,2014-08-01,2014-08-06,Standard Class,SG-20890,Susan Gilcrest,Corporate,Jakarta,Jakarta,Indonesia,APAC,Southeast Asia,TEC-PH-10000780,Technology,Phones,"Cisco Smart Phone, with Caller ID",2172.0768,4,0.17,628.0368000000001,155.13,Medium
28150,IN-2014-68043,2014-11-18,2014-11-22,Standard Class,CD-11920,Carlos Daly,Consumer,Padang,Sumatera Barat,Indonesia,APAC,Southeast Asia,TEC-CO-10004997,Technology,Copiers,"Hewlett Wireless Fax, Color",2129.4954,6,0.07,938.7954,154.56,High
22665,IN-2011-27534,2011-11-09,2011-11-10,First Class,MH-17785,Maya Herman,Corporate,Bandung,Jawa Barat,Indonesia,APAC,Southeast Asia,OFF-ST-10003295,Office Supplies,Storage,"Tenex Lockers, Blue",677.7779999999999,4,0.17,73.45800000000003,153.25,High
24035,ID-2014-10048,2014-06-30,2014-07-02,First Class,TT-21460,Tonja Turnell,Home Office,Bekasi,Jawa Barat,Indonesia,APAC,Southeast Asia,TEC-CO-10003102,Technology,Copiers,"Canon Copy Machine, Color",1961.0351999999998,8,0.07,-147.6048,151.74,High
24662,ID-2013-18714,2013-06-25,2013-06-27,Second Class,KM-16660,Khloe Miller,Consumer,Depok,Jawa Barat,Indonesia,APAC,Southeast Asia,FUR-TA-10000434,Furniture,Tables,"Chromcraft Coffee Table, with Bottom Storage",566.2308,4,0.47000000000000003,-363.28920000000005,150.83,Critical
22771,IN-2013-28353,2013-08-21,2013-08-23,Second Class,CC-12145,Charles Crestani,Consumer,Medan,Sumatera Utara,Indonesia,APAC,Southeast Asia,TEC-PH-10000720,Technology,Phones,"Samsung Audio Dock, Full Size",837.2376,6,0.17,211.73759999999993,149.15,High
24184,ID-2012-67707,2012-04-16,2012-04-22,Standard Class,SC-20800,Stuart Calhoun,Consumer,Surakarta,Jawa Tengah,Indonesia,APAC,Southeast Asia,FUR-TA-10001360,Furniture,Tables,"Bevis Round Table, Rectangular",1093.4112,4,0.47000000000000003,-20.668800000000033,147.76,Low
29869,ID-2013-15963,2013-01-12,2013-01-16,Standard Class,FM-14215,Filia McAdams,Corporate,Jakarta,Jakarta,Indonesia,APAC,Southeast Asia,FUR-TA-10001205,Furniture,Tables,"Chromcraft Wood Table, Rectangular",2035.5816000000002,8,0.47000000000000003,-499.29840000000036,147.46,Medium
29338,IN-2012-40120,2012-08-27,2012-08-27,Same Day,ML-18040,Michelle Lonsdale,Corporate,Jakarta,Jakarta,Indonesia,APAC,Southeast Asia,TEC-CO-10002587,Technology,Copiers,"Sharp Fax and Copier, Laser",627.1919999999999,4,0.07,269.712,146.35,Medium
20710,IN-2012-52223,2012-06-05,2012-06-09,Standard Class,ST-20530,Shui Tom,Consumer,Medan,Sumatera Utara,Indonesia,APAC,Southeast Asia,TEC-CO-10002376,Technology,Copiers,"Hewlett Fax Machine, Laser",1487.628,5,0.07,655.728,145.28,Medium
23122,ID-2011-74539,2011-08-12,2011-08-18,Standard Class,TB-21175,Thomas Boland,Corporate,Kendari,Sulawesi Tenggara,Indonesia,APAC,Southeast Asia,TEC-CO-10001501,Technology,Copiers,"Canon Fax and Copier, Laser",1067.6771999999999,6,0.07,91.71719999999999,145.08,Low
28648,ID-2012-43711,2012-08-10,2012-08-10,Same Day,BE-11410,Bobby Elias,Consumer,Bekasi,Jawa Barat,Indonesia,APAC,Southeast Asia,FUR-BO-10002990,Furniture,Bookcases,"Dania Library with Doors, Traditional",1685.1599999999999,5,0.07,706.5600000000001,141.54,High
29811,IN-2014-61575,2014-08-28,2014-09-01,Standard Class,HK-14890,Heather Kirkland,Corporate,Bandung,Jawa Barat,Indonesia,APAC,Southeast Asia,TEC-CO-10002119,Technology,Copiers,"Sharp Fax Machine, Digital",823.8590999999999,3,0.07,97.37910000000001,140.86,High
26460,ID-2013-19792,2013-06-12,2013-06-16,Second Class,CG-12520,Claire Gute,Consumer,Bandung,Jawa Barat,Indonesia,APAC,Southeast Asia,TEC-CO-10002283,Technology,Copiers,"Brother Copy Machine, Color",969.0228,4,0.07,302.0628,139.89,High
24692,IN-2014-26281,2014-04-03,2014-04-05,First Class,CM-11935,Carlos Meador,Consumer,Jakarta,Jakarta,Indonesia,APAC,Southeast Asia,FUR-BO-10003408,Furniture,Bookcases,"Ikea 3-Shelf Cabinet, Metal",527.8679999999999,4,0.07,73.78800000000001,138.9,High
22350,IN-2014-28717,2014-05-10,2014-05-14,Standard Class,JG-15310,Jason Gross,Corporate,Denpasar,Bali,Indonesia,APAC,Southeast Asia,OFF-ST-10004768,Office Supplies,Storage,"Eldon Lockers, Industrial",1152.6458999999998,7,0.17,347.08590000000004,138.79,High
21533,ID-2013-50928,2013-06-15,2013-06-18,First Class,CV-12805,Cynthia Voltz,Corporate,Jakarta,Jakarta,Indonesia,APAC,Southeast Asia,TEC-CO-10003506,Technology,Copiers,"HP Fax Machine, Laser",1115.7767999999999,4,0.07,311.8968,138.36,High
25881,IN-2011-22396,2011-11-18,2011-11-19,First Class,TM-21490,Tony Molinari,Consumer,Surabaya,Jawa Timur,Indonesia,APAC,Southeast Asia,FUR-CH-10001664,Furniture,Chairs,"Novimex Swivel Stool, Black",827.9733000000001,7,0.27,-56.75670000000002,137.51,Critical
28758,IN-2014-53070,2014-10-28,2014-10-28,Same Day,BE-11455,Brad Eason,Home Office,Jakarta,Jakarta,Indonesia,APAC,Southeast Asia,OFF-AP-10002244,Office Supplies,Appliances,"Breville Refrigerator, White",1718.0003999999997,4,0.17,372.56039999999996,131.73,High
27017,IN-2014-74588,2014-10-20,2014-10-24,Standard Class,OT-18730,Olvera Toch,Consumer,Bandung,Jawa Barat,Indonesia,APAC,Southeast Asia,TEC-CO-10000794,Technology,Copiers,"Hewlett Wireless Fax, High-Speed",1759.5135,5,0.07,624.3135000000001,130.81,Medium
26227,IN-2013-28892,2013-02-08,2013-02-14,Standard Class,CK-12595,Clytie Kelty,Consumer,Jakarta,Jakarta,Indonesia,APAC,Southeast Asia,TEC-CO-10001626,Technology,Copiers,"Brother Copy Machine, Color",1226.3445,5,0.07,118.5945,130.25,Low
30046,ID-2012-66503,2012-06-25,2012-07-02,Standard Class,PS-19045,Penelope Sewall,Home Office,Bandung,Jawa Barat,Indonesia,APAC,Southeast Asia,TEC-MA-10004172,Technology,Machines,"Konica Printer, Red",1319.6502,6,0.17,-222.76980000000003,128.71,Low
21475,ID-2013-33421,2013-10-16,2013-10-18,First Class,EB-13840,Ellis Ballard,Corporate,Depok,Jawa Barat,Indonesia,APAC,Southeast Asia,FUR-TA-10002957,Furniture,Tables,"Bevis Training Table, Fully Assembled",534.9555,3,0.47000000000000003,-90.90450000000004,128.3,Critical
28293,ID-2011-41443,2011-12-21,2011-12-23,First Class,TT-21070,Ted Trevino,Consumer,Padang,Sumatera Barat,Indonesia,APAC,Southeast Asia,OFF-ST-10004315,Office Supplies,Storage,"Rogers Lockers, Blue",878.223,5,0.17,-127.077,128.13,High
23937,ID-2013-30537,2013-12-23,2013-12-28,Standard Class,JH-15430,Jennifer Halladay,Consumer,Depok,Jawa Barat,Indonesia,APAC,Southeast Asia,FUR-TA-10003893,Furniture,Tables,"Lesro Wood Table, with Bottom Storage",990.9516000000001,4,0.47000000000000003,-878.7684,127.59,High
20798,ID-2011-23068,2011-10-19,2011-10-22,First Class,EB-13870,Emily Burns,Consumer,Bekasi,Jawa Barat,Indonesia,APAC,Southeast Asia,OFF-BI-10000389,Office Supplies,Binders,"Ibico Binding Machine, Clear",380.07360000000006,9,0.17,-77.84640000000002,121.7,Critical
20584,IN-2011-24055,2011-10-26,2011-10-31,Standard Class,TB-21520,Tracy Blumstein,Consumer,Pekanbaru,Riau,Indonesia,APAC,Southeast Asia,OFF-AP-10003598,Office Supplies,Appliances,"Breville Refrigerator, Red",862.0877999999998,2,0.17,114.24780000000001,120.5,High
24296,IN-2014-71690,2014-11-11,2014-11-11,Same Day,EJ-13720,Ed Jacobs,Consumer,Jakarta,Jakarta,Indonesia,APAC,Southeast Asia,FUR-CH-10002510,Furniture,Chairs,"Office Star Steel Folding Chair, Adjustable",550.1279999999999,8,0.27,143.08800000000002,119.77,High
26656,IN-2013-55555,2013-03-05,2013-03-09,Standard Class,VP-21760,Victoria Pisteka,Corporate,Yogyakarta,Yogyakarta,Indonesia,APAC,Southeast Asia,TEC-PH-10004085,Technology,Phones,"Apple Audio Dock, with Caller ID",831.1122,6,0.17,59.99219999999994,119.31,High
28649,ID-2012-43711,2012-08-10,2012-08-10,Same Day,BE-11410,Bobby Elias,Consumer,Bekasi,Jawa Barat,Indonesia,APAC,Southeast Asia,TEC-MA-10000768,Technology,Machines,"Epson Card Printer, White",558.9552,4,0.17,-94.32480000000002,118.92,High
24738,IN-2012-64116,2012-11-20,2012-11-20,Same Day,AR-10345,Alex Russell,Corporate,Jakarta,Jakarta,Indonesia,APAC,Southeast Asia,OFF-AP-10000729,Office Supplies,Appliances,"KitchenAid Refrigerator, White",873.2927999999998,2,0.17,168.29279999999997,117.41,High
20597,ID-2013-70122,2013-06-11,2013-06-15,Standard Class,AD-10180,Alan Dominguez,Home Office,Jakarta,Jakarta,Indonesia,APAC,Southeast Asia,FUR-TA-10001386,Furniture,Tables,"Lesro Conference Table, Fully Assembled",2276.4825,5,0.47000000000000003,-472.5675000000001,111.63,High
26228,IN-2013-28892,2013-02-08,2013-02-14,Standard Class,CK-12595,Clytie Kelty,Consumer,Jakarta,Jakarta,Indonesia,APAC,Southeast Asia,FUR-BO-10001216,Furniture,Bookcases,"Sauder 3-Shelf Cabinet, Mobile",629.424,4,0.07,223.34399999999997,110.85,Low
21731,ID-2014-43690,2014-05-25,2014-05-29,Standard Class,LS-16945,Linda Southworth,Corporate,Samarinda,Kalimantan Timur,Indonesia,APAC,Southeast Asia,FUR-TA-10001549,Furniture,Tables,"Barricks Coffee Table, Rectangular",951.0426,6,0.47000000000000003,-646.0974000000001,110.58,High
28755,IN-2014-53070,2014-10-28,2014-10-28,Same Day,BE-11455,Brad Eason,Home Office,Jakarta,Jakarta,Indonesia,APAC,Southeast Asia,FUR-FU-10002246,Furniture,Furnishings,"Tenex Frame, Duo Pack",642.6335999999999,8,0.27,105.51360000000005,108.46,High
21242,ID-2014-19225,2014-12-01,2014-12-05,Standard Class,HL-15040,Hunter Lopez,Consumer,Bogor,Jawa Barat,Indonesia,APAC,Southeast Asia,TEC-CO-10000208,Technology,Copiers,"Brother Wireless Fax, Color",1414.53,4,0.07,-106.47000000000001,106.99,Medium
20314,ID-2012-73146,2012-10-24,2012-10-30,Standard Class,HM-14980,Henry MacAllister,Consumer,Denpasar,Bali,Indonesia,APAC,Southeast Asia,OFF-AP-10000487,Office Supplies,Appliances,"Hoover Stove, Silver",1417.3578,3,0.17,-290.3022,105.65,Medium
24257,ID-2012-27450,2012-11-16,2012-11-17,First Class,AH-10075,Adam Hart,Corporate,Bandung,Jawa Barat,Indonesia,APAC,Southeast Asia,FUR-CH-10001147,Furniture,Chairs,"Hon Swivel Stool, Adjustable",485.1288000000001,4,0.27,-119.67120000000004,104.75,Medium
20473,ID-2013-52370,2013-05-29,2013-06-02,Standard Class,JR-15670,Jim Radford,Consumer,Jakarta,Jakarta,Indonesia,APAC,Southeast Asia,FUR-CH-10002573,Furniture,Chairs,"Office Star Executive Leather Armchair, Adjustable",1697.2499999999995,5,0.27,-232.49999999999983,103.96,Medium
23455,IN-2014-37033,2014-08-27,2014-08-31,Standard Class,AT-10435,Alyssa Tate,Home Office,Depok,Jawa Barat,Indonesia,APAC,Southeast Asia,TEC-CO-10004170,Technology,Copiers,"HP Wireless Fax, High-Speed",999.9638999999999,3,0.07,268.8039,102.59,Medium
29399,ID-2012-59181,2012-07-24,2012-07-26,First Class,HA-14920,Helen Andreada,Consumer,Depok,Jawa Barat,Indonesia,APAC,Southeast Asia,OFF-ST-10003964,Office Supplies,Storage,"Fellowes Lockers, Industrial",1034.8937999999998,6,0.17,-62.38620000000003,102.46,High
28410,IN-2014-49206,2014-12-30,2015-01-01,Second Class,TR-21325,Toby Ritter,Consumer,Bandung,Jawa Barat,Indonesia,APAC,Southeast Asia,OFF-ST-10003907,Office Supplies,Storage,"Rogers Shelving, Wire Frame",457.16399999999993,9,0.17,65.934,101.88,High
23545,IN-2011-15788,2011-12-06,2011-12-12,Standard Class,SC-20695,Steve Chapman,Corporate,Jakarta,Jakarta,Indonesia,APAC,Southeast Asia,OFF-AP-10003568,Office Supplies,Appliances,"Hoover Stove, Black",1885.428,4,0.17,658.6679999999999,101.67,Medium
26505,ID-2012-10139,2012-06-11,2012-06-15,Standard Class,KA-16525,Kelly Andreada,Consumer,Bekasi,Jawa Barat,Indonesia,APAC,Southeast Asia,TEC-CO-10004997,Technology,Copiers,"Hewlett Wireless Fax, Color",1419.6635999999999,4,0.07,625.8636,101.45,High
26115,IN-2012-73006,2012-10-05,2012-10-07,Second Class,KC-16540,Kelly Collister,Consumer,Kupang,Nusa Tenggara Timur,Indonesia,APAC,Southeast Asia,TEC-MA-10002780,Technology,Machines,"Okidata Inkjet, Wireless",1825.6182,7,0.17,593.7582,100.92,High
25773,IN-2014-72516,2014-06-02,2014-06-04,First Class,IM-15070,Irene Maddox,Consumer,Bandung,Jawa Barat,Indonesia,APAC,Southeast Asia,FUR-BO-10000668,Furniture,Bookcases,"Sauder Classic Bookcase, Mobile",815.6285999999999,2,0.07,43.84859999999999,100.7,Medium
21911,ID-2012-77801,2012-11-23,2012-11-29,Standard Class,DP-13165,David Philippe,Consumer,Semarang,Jawa Tengah,Indonesia,APAC,Southeast Asia,OFF-AP-10003800,Office Supplies,Appliances,"Hoover Microwave, Silver",770.3811000000001,3,0.17,232.0011,99.97,Low
29379,ID-2012-70857,2012-12-12,2012-12-13,First Class,KT-16480,Kean Thornton,Consumer,Bandung,Jawa Barat,Indonesia,APAC,Southeast Asia,OFF-ST-10003528,Office Supplies,Storage,"Fellowes Folders, Wire Frame",169.12079999999997,8,0.17,-26.719199999999994,99.72,Critical
22916,ID-2014-54589,2014-10-19,2014-10-26,Standard Class,SM-20320,Sean Miller,Home Office,Jakarta,Jakarta,Indonesia,APAC,Southeast Asia,FUR-BO-10002462,Furniture,Bookcases,"Ikea Classic Bookcase, Pine",768.3659999999999,2,0.07,-41.334,98.06,Low
23159,ID-2011-37621,2011-06-30,2011-07-02,First Class,PM-19135,Peter McVee,Home Office,Kendari,Sulawesi Tenggara,Indonesia,APAC,Southeast Asia,FUR-TA-10002527,Furniture,Tables,"Barricks Round Table, Fully Assembled",533.1588000000002,2,0.47000000000000003,-301.8012000000001,97.72,Critical
26659,IN-2013-55555,2013-03-05,2013-03-09,Standard Class,VP-21760,Victoria Pisteka,Corporate,Yogyakarta,Yogyakarta,Indonesia,APAC,Southeast Asia,FUR-BO-10000203,Furniture,Bookcases,"Sauder Library with Doors, Metal",719.9874,2,0.07,270.94739999999996,97.67,High
22127,IN-2013-61288,2013-07-16,2013-07-20,Standard Class,FW-14395,Fred Wasserman,Corporate,Surabaya,Jawa Timur,Indonesia,APAC,Southeast Asia,OFF-AP-10001664,Office Supplies,Appliances,"Cuisinart Stove, Black",1785.2304,4,0.17,215.03040000000004,96.05,Medium
26175,ID-2013-59062,2013-10-17,2013-10-23,Standard Class,DR-12940,Daniel Raglin,Home Office,Jayapura,Papua,Indonesia,APAC,Southeast Asia,OFF-AP-10001621,Office Supplies,Appliances,"Hamilton Beach Refrigerator, Black",1243.9044,3,0.17,-134.8956,93.89,Medium
23452,IN-2014-37033,2014-08-27,2014-08-31,Standard Class,AT-10435,Alyssa Tate,Home Office,Depok,Jawa Barat,Indonesia,APAC,Southeast Asia,TEC-CO-10002376,Technology,Copiers,"Hewlett Fax Machine, Laser",892.5768,3,0.07,393.4368,93.01,Medium
20409,ID-2011-36011,2011-01-26,2011-01-27,First Class,HK-14890,Heather Kirkland,Corporate,Depok,Jawa Barat,Indonesia,APAC,Southeast Asia,FUR-CH-10003950,Furniture,Chairs,"Novimex Executive Leather Armchair, Black",334.30349999999993,1,0.27,-109.9365,92.67,High
27018,IN-2014-74588,2014-10-20,2014-10-24,Standard Class,OT-18730,Olvera Toch,Consumer,Bandung,Jawa Barat,Indonesia,APAC,Southeast Asia,FUR-BO-10004665,Furniture,Bookcases,"Bush Classic Bookcase, Mobile",1158.4079999999997,3,0.07,435.8879999999999,92.31,Medium
29505,IN-2013-38384,2013-12-11,2013-12-13,First Class,MC-17635,Matthew Clasen,Corporate,Tasikmalaya,Jawa Barat,Indonesia,APAC,Southeast Asia,TEC-CO-10004535,Technology,Copiers,"Hewlett Fax Machine, High-Speed",591.7031999999999,2,0.07,184.4832,90.59,High
23458,IN-2014-37719,2014-07-29,2014-08-02,Standard Class,MD-17860,Michael Dominguez,Corporate,Jakarta,Jakarta,Indonesia,APAC,Southeast Asia,TEC-PH-10002443,Technology,Phones,"Cisco Signal Booster, with Caller ID",504.0755999999999,4,0.17,12.075599999999994,90.47,High
22216,IN-2011-44145,2011-07-30,2011-08-03,Standard Class,HJ-14875,Heather Jas,Home Office,Samarinda,Kalimantan Timur,Indonesia,APAC,Southeast Asia,OFF-AP-10003500,Office Supplies,Appliances,"KitchenAid Microwave, White",512.0436,2,0.17,67.8036,88.19,High
24088,IN-2013-76681,2013-05-25,2013-05-29,Standard Class,JE-15715,Joe Elijah,Consumer,Dumai,Riau,Indonesia,APAC,Southeast Asia,FUR-BO-10001393,Furniture,Bookcases,"Safco 3-Shelf Cabinet, Pine",1107.9369,7,0.07,47.64689999999999,86.92,Medium
27563,IN-2011-73531,2011-06-25,2011-07-02,Standard Class,JS-16030,Joy Smith,Consumer,Jakarta,Jakarta,Indonesia,APAC,Southeast Asia,FUR-TA-10004653,Furniture,Tables,"Chromcraft Training Table, Rectangular",1044.2166,7,0.47000000000000003,-650.2734,86.74,Low
22563,IN-2012-72040,2012-02-10,2012-02-13,First Class,MA-17995,Michelle Arnett,Home Office,Medan,Sumatera Utara,Indonesia,APAC,Southeast Asia,FUR-CH-10002940,Furniture,Chairs,"Harbour Creations Chairmat, Black",406.28880000000004,8,0.27,-89.07120000000003,86.67,Medium
22025,IN-2013-58509,2013-11-04,2013-11-07,Second Class,JH-15985,Joseph Holt,Consumer,Medan,Sumatera Utara,Indonesia,APAC,Southeast Asia,OFF-ST-10000007,Office Supplies,Storage,"Fellowes File Cart, Single Width",341.97659999999996,3,0.17,135.96659999999997,86.41,Critical
22026,IN-2013-58509,2013-11-04,2013-11-07,Second Class,JH-15985,Joseph Holt,Consumer,Medan,Sumatera Utara,Indonesia,APAC,Southeast Asia,TEC-CO-10004027,Technology,Copiers,"Sharp Fax Machine, Color",828.8810999999998,3,0.07,-53.478899999999996,86.0,Critical
21912,IN-2011-50361,2011-07-27,2011-07-31,Standard Class,MC-17845,Michael Chen,Consumer,Jakarta,Jakarta,Indonesia,APAC,Southeast Asia,TEC-CO-10002119,Technology,Copiers,"Sharp Fax Machine, Digital",823.8590999999999,3,0.07,97.37910000000001,84.76,Medium
27909,IN-2014-19274,2014-11-28,2014-11-29,First Class,DB-13270,Deborah Brumfield,Home Office,Surabaya,Jawa Timur,Indonesia,APAC,Southeast Asia,TEC-CO-10001787,Technology,Copiers,"HP Fax and Copier, Laser",643.1507999999999,4,0.07,117.55080000000001,84.42,Medium
23315,ID-2014-64830,2014-02-18,2014-02-21,First Class,CR-12625,Corey Roper,Home Office,Surabaya,Jawa Timur,Indonesia,APAC,Southeast Asia,TEC-AC-10000053,Technology,Accessories,"SanDisk Router, USB",951.8376,7,0.47000000000000003,35.81759999999986,83.79,Medium
27476,IN-2012-48744,2012-09-04,2012-09-11,Standard Class,SS-20410,Shahid Shariari,Consumer,Jakarta,Jakarta,Indonesia,APAC,Southeast Asia,TEC-CO-10002197,Technology,Copiers,"Hewlett Fax and Copier, High-Speed",888.4754999999998,5,0.07,296.1255,83.68,Low
26597,ID-2011-23978,2011-04-11,2011-04-18,Standard Class,SS-20875,Sung Shariari,Consumer,Kendari,Sulawesi Tenggara,Indonesia,APAC,Southeast Asia,OFF-ST-10004608,Office Supplies,Storage,"Smead Shelving, Industrial",492.1235999999999,12,0.17,-41.75639999999999,83.25,Low
27671,IN-2012-34072,2012-09-18,2012-09-20,First Class,CM-12655,Corinna Mitchell,Home Office,Depok,Yogyakarta,Indonesia,APAC,Southeast Asia,FUR-CH-10000608,Furniture,Chairs,"Office Star Chairmat, Set of Two",347.83770000000004,7,0.27,47.53769999999997,82.3,High
21338,ID-2013-60896,2013-08-05,2013-08-07,First Class,JE-16165,Justin Ellison,Corporate,Jakarta,Jakarta,Indonesia,APAC,Southeast Asia,TEC-PH-10003487,Technology,Phones,"Motorola Office Telephone, with Caller ID",357.36479999999995,6,0.17,124.8048,81.76,Critical
22559,ID-2011-25735,2011-02-26,2011-03-01,Second Class,MD-17860,Michael Dominguez,Corporate,Jakarta,Jakarta,Indonesia,APAC,Southeast Asia,TEC-MA-10001726,Technology,Machines,"Epson Receipt Printer, White",287.4456,3,0.17,-45.10440000000001,81.63,Critical
24829,IN-2014-40197,2014-11-20,2014-11-23,First Class,JH-15820,John Huston,Consumer,Palembang,Sumatera Selatan,Indonesia,APAC,Southeast Asia,OFF-ST-10002395,Office Supplies,Storage,"Rogers Lockers, Single Width",351.33899999999994,2,0.17,114.27900000000001,81.61,Medium
29880,ID-2012-43900,2012-06-08,2012-06-12,Standard Class,JB-16045,Julia Barnett,Home Office,Jakarta,Jakarta,Indonesia,APAC,Southeast Asia,FUR-CH-10004491,Furniture,Chairs,"SAFCO Swivel Stool, Adjustable",497.6556000000001,4,0.27,61.335599999999914,81.39,High
20505,IN-2013-29676,2013-01-17,2013-01-22,Standard Class,SS-20515,Shirley Schmidt,Home Office,Jayapura,Papua,Indonesia,APAC,Southeast Asia,FUR-CH-10003232,Furniture,Chairs,"Harbour Creations Executive Leather Armchair, Adjustable",1375.8455999999999,4,0.27,94.12560000000002,80.1,Medium
22001,IN-2012-71200,2012-06-07,2012-06-11,Second Class,TP-21415,Tom Prescott,Consumer,Depok,Yogyakarta,Indonesia,APAC,Southeast Asia,TEC-CO-10003777,Technology,Copiers,"Hewlett Copy Machine, Color",730.6173,3,0.07,102.05729999999997,79.95,High
29724,IN-2014-29669,2014-05-24,2014-05-27,First Class,EM-13960,Eric Murdock,Consumer,Kendari,Sulawesi Tenggara,Indonesia,APAC,Southeast Asia,FUR-CH-10003861,Furniture,Chairs,"Novimex Rocking Chair, Set of Two",292.75919999999996,3,0.27,68.11920000000002,79.6,Critical
27546,ID-2014-53623,2014-06-04,2014-06-08,Standard Class,DS-13180,David Smith,Corporate,Kediri,Jawa Timur,Indonesia,APAC,Southeast Asia,FUR-BO-10001874,Furniture,Bookcases,"Sauder Corner Shelving, Pine",1105.956,8,0.07,130.596,79.47,Medium
28478,IN-2012-39336,2012-12-07,2012-12-10,Second Class,AG-10765,Anthony Garverick,Home Office,Malang,Jawa Timur,Indonesia,APAC,Southeast Asia,OFF-AP-10002090,Office Supplies,Appliances,"Hamilton Beach Refrigerator, Red",830.2157999999998,2,0.17,190.0158,79.41,High
22131,IN-2013-61288,2013-07-16,2013-07-20,Standard Class,FW-14395,Fred Wasserman,Corporate,Surabaya,Jawa Timur,Indonesia,APAC,Southeast Asia,FUR-TA-10001786,Furniture,Tables,"Chromcraft Computer Table, with Bottom Storage",940.0716000000001,4,0.47000000000000003,-443.52840000000003,79.39,Medium
23265,IN-2012-40057,2012-03-16,2012-03-16,Same Day,TM-21490,Tony Molinari,Consumer,Surabaya,Jawa Timur,Indonesia,APAC,Southeast Asia,FUR-BO-10001393,Furniture,Bookcases,"Safco 3-Shelf Cabinet, Pine",474.8300999999999,3,0.07,20.42009999999999,79.19,High
25387,IN-2014-41212,2014-06-18,2014-06-21,First Class,JG-15805,John Grady,Corporate,Medan,Sumatera Utara,Indonesia,APAC,Southeast Asia,FUR-CH-10001684,Furniture,Chairs,"Office Star Rocking Chair, Adjustable",523.41,5,0.27,-179.34000000000003,77.5,Medium
28647,ID-2012-43711,2012-08-10,2012-08-10,Same Day,BE-11410,Bobby Elias,Consumer,Bekasi,Jawa Barat,Indonesia,APAC,Southeast Asia,FUR-BO-10004911,Furniture,Bookcases,"Ikea Corner Shelving, Mobile",467.1576,4,0.07,-10.082400000000007,76.94,High
27755,ID-2011-50991,2011-04-22,2011-04-26,Standard Class,GT-14635,Grant Thornton,Corporate,Surabaya,Jawa Timur,Indonesia,APAC,Southeast Asia,OFF-AP-10001621,Office Supplies,Appliances,"Hamilton Beach Refrigerator, Black",1243.9044,3,0.17,-134.8956,71.29,Medium
26575,IN-2014-24041,2014-06-19,2014-06-22,Second Class,MK-18160,Mike Kennedy,Consumer,Bogor,Jawa Barat,Indonesia,APAC,Southeast Asia,OFF-AR-10004749,Office Supplies,Art,"BIC Canvas, Blue",274.4069999999999,7,0.27,-94.14300000000001,70.64,High
22388,ID-2013-66405,2013-01-31,2013-02-04,Standard Class,CA-11965,Carol Adams,Corporate,Balikpapan,Kalimantan Timur,Indonesia,APAC,Southeast Asia,FUR-TA-10002172,Furniture,Tables,"Hon Conference Table, Rectangular",1461.2894999999999,3,0.47000000000000003,-110.29050000000029,70.52,Medium
21277,ID-2012-79621,2012-09-03,2012-09-08,Standard Class,AS-10045,Aaron Smayling,Corporate,Probolinggo,Jawa Timur,Indonesia,APAC,Southeast Asia,FUR-CH-10000027,Furniture,Chairs,"SAFCO Executive Leather Armchair, Black",670.1399999999999,2,0.27,-128.51999999999995,70.45,Medium
23163,IN-2012-65537,2012-09-10,2012-09-14,Standard Class,MT-17815,Meg Tillman,Consumer,Bandung,Jawa Barat,Indonesia,APAC,Southeast Asia,FUR-BO-10000980,Furniture,Bookcases,"Bush Library with Doors, Traditional",677.6351999999999,2,0.07,211.2552,70.09,High
24476,ID-2011-23593,2011-10-26,2011-11-01,Standard Class,KN-16390,Katherine Nockton,Corporate,Semarang,Jawa Tengah,Indonesia,APAC,Southeast Asia,TEC-CO-10003342,Technology,Copiers,"Canon Fax Machine, High-Speed",883.2861,3,0.07,132.9561,69.77,Medium
28349,ID-2012-58761,2012-11-16,2012-11-20,Standard Class,PP-18955,Paul Prost,Home Office,Bekasi,Jawa Barat,Indonesia,APAC,Southeast Asia,OFF-ST-10004315,Office Supplies,Storage,"Rogers Lockers, Blue",351.2892,2,0.17,-50.830799999999996,69.17,High
24800,IN-2012-63150,2012-05-23,2012-05-28,Second Class,NH-18610,Nicole Hansen,Corporate,Bogor,Jawa Barat,Indonesia,APAC,Southeast Asia,OFF-AP-10001274,Office Supplies,Appliances,"Hoover Microwave, Black",511.39619999999996,2,0.17,160.15619999999996,69.09,High
22561,IN-2012-72040,2012-02-10,2012-02-13,First Class,MA-17995,Michelle Arnett,Home Office,Medan,Sumatera Utara,Indonesia,APAC,Southeast Asia,TEC-MA-10000429,Technology,Machines,"Konica Card Printer, Red",1144.2048,8,0.17,206.76479999999995,68.89,Medium
25212,ID-2013-74357,2013-03-25,2013-03-31,Standard Class,DA-13450,Dianna Arnett,Home Office,Palembang,Sumatera Selatan,Indonesia,APAC,Southeast Asia,TEC-PH-10001585,Technology,Phones,"Nokia Signal Booster, Cordless",462.64200000000005,4,0.17,11.08199999999998,68.85,Low
27813,ID-2013-52643,2013-04-08,2013-04-14,Standard Class,NC-18340,Nat Carroll,Consumer,Jakarta,Jakarta,Indonesia,APAC,Southeast Asia,FUR-TA-10002638,Furniture,Tables,"Barricks Wood Table, Rectangular",545.37,2,0.47000000000000003,-298.4100000000001,68.6,Low
29702,IN-2014-11287,2014-11-13,2014-11-16,First Class,FH-14350,Fred Harton,Consumer,Malang,Jawa Timur,Indonesia,APAC,Southeast Asia,TEC-CO-10000660,Technology,Copiers,"Brother Fax and Copier, Laser",712.3428,4,0.07,91.82279999999999,68.57,High
27016,IN-2014-74588,2014-10-20,2014-10-24,Standard Class,OT-18730,Olvera Toch,Consumer,Bandung,Jawa Barat,Indonesia,APAC,Southeast Asia,OFF-ST-10004847,Office Supplies,Storage,"Tenex File Cart, Blue",884.4480000000001,8,0.17,308.928,67.75,Medium
29569,ID-2011-56535,2011-11-24,2011-11-29,Standard Class,RO-19780,Rose O'Brian,Consumer,Dumai,Riau,Indonesia,APAC,Southeast Asia,FUR-CH-10001832,Furniture,Chairs,"Novimex Rocking Chair, Red",863.4950999999999,9,0.27,-224.8748999999999,66.84,Medium
25709,ID-2012-62345,2012-04-24,2012-04-27,First Class,FO-14305,Frank Olsen,Consumer,Jakarta,Jakarta,Indonesia,APAC,Southeast Asia,OFF-ST-10001638,Office Supplies,Storage,"Tenex File Cart, Single Width",558.6315000000001,5,0.17,80.73149999999998,66.65,High
22834,ID-2012-28255,2012-10-10,2012-10-13,First Class,TB-21280,Toby Braunhardt,Consumer,Bogor,Jawa Barat,Indonesia,APAC,Southeast Asia,FUR-BO-10004161,Furniture,Bookcases,"Bush Corner Shelving, Mobile",235.30859999999998,2,0.07,-12.671400000000002,66.28,Critical
20945,ID-2013-53084,2013-07-22,2013-07-25,Second Class,TH-21100,Thea Hendricks,Consumer,Surabaya,Jawa Timur,Indonesia,APAC,Southeast Asia,OFF-AP-10003963,Office Supplies,Appliances,"Breville Microwave, Silver",502.08359999999993,2,0.17,-48.416399999999996,66.14,High
22770,ID-2011-17370,2011-12-14,2011-12-17,First Class,LC-16885,Lena Creighton,Consumer,Padang,Sumatera Barat,Indonesia,APAC,Southeast Asia,OFF-ST-10000546,Office Supplies,Storage,"Tenex Lockers, Wire Frame",674.6903999999998,4,0.17,219.41040000000004,66.13,High
26848,ID-2011-63668,2011-12-10,2011-12-13,Second Class,FM-14290,Frank Merwin,Home Office,Medan,Sumatera Utara,Indonesia,APAC,Southeast Asia,FUR-CH-10000602,Furniture,Chairs,"Novimex Executive Leather Armchair, Red",671.8919999999999,2,0.27,-211.72799999999998,66.12,High
28003,ID-2014-71403,2014-12-16,2014-12-20,Standard Class,LS-17200,Luke Schmidt,Corporate,Depok,Jawa Barat,Indonesia,APAC,Southeast Asia,OFF-AP-10002351,Office Supplies,Appliances,"Hamilton Beach Refrigerator, Silver",831.4607999999998,2,0.17,230.38080000000002,65.91,Medium
29384,IN-2014-17972,2014-03-26,2014-03-29,First Class,AP-10915,Arthur Prichep,Consumer,Jakarta,Jakarta,Indonesia,APAC,Southeast Asia,OFF-ST-10004576,Office Supplies,Storage,"Rogers File Cart, Single Width",352.65869999999995,3,0.17,4.178699999999992,65.82,Critical
21532,ID-2013-50928,2013-06-15,2013-06-18,First Class,CV-12805,Cynthia Voltz,Corporate,Jakarta,Jakarta,Indonesia,APAC,Southeast Asia,TEC-CO-10002674,Technology,Copiers,"Sharp Fax and Copier, High-Speed",620.4959999999999,4,0.07,-6.744,65.68,High
22152,ID-2014-22410,2014-01-31,2014-02-04,Second Class,MY-17380,Maribeth Yedwab,Corporate,Semarang,Jawa Tengah,Indonesia,APAC,Southeast Asia,OFF-AP-10002283,Office Supplies,Appliances,"Hoover Toaster, Silver",490.3059000000001,7,0.17,70.72590000000001,65.63,High
21340,ID-2013-60896,2013-08-05,2013-08-07,First Class,JE-16165,Justin Ellison,Corporate,Jakarta,Jakarta,Indonesia,APAC,Southeast Asia,TEC-PH-10003823,Technology,Phones,"Apple Headset, Full Size",309.38249999999994,5,0.17,81.98249999999999,65.38,Critical
20619,ID-2012-59384,2012-08-10,2012-08-16,Standard Class,LP-17080,Liz Pelletier,Consumer,Jakarta,Jakarta,Indonesia,APAC,Southeast Asia,FUR-CH-10002213,Furniture,Chairs,"Hon Executive Leather Armchair, Black",1001.1365999999996,3,0.27,-233.21339999999992,64.68,Medium
28338,IN-2011-44761,2011-10-20,2011-10-24,Standard Class,EM-14140,Eugene Moren,Home Office,Malang,Jawa Timur,Indonesia,APAC,Southeast Asia,FUR-BO-10004633,Furniture,Bookcases,"Safco Stackable Bookrack, Traditional",966.3444,7,0.07,51.794399999999996,62.56,Medium
24285,IN-2011-22802,2011-06-02,2011-06-06,Standard Class,KH-16360,Katherine Hughes,Consumer,Bengkulu,Bengkulu,Indonesia,APAC,Southeast Asia,FUR-BO-10003706,Furniture,Bookcases,"Sauder Stackable Bookrack, Pine",413.39430000000004,3,0.07,182.18429999999998,62.43,High
20599,ID-2013-70122,2013-06-11,2013-06-15,Standard Class,AD-10180,Alan Dominguez,Home Office,Jakarta,Jakarta,Indonesia,APAC,Southeast Asia,FUR-BO-10001461,Furniture,Bookcases,"Safco Floating Shelf Set, Traditional",548.9046,3,0.07,253.7946,61.93,High
24824,ID-2012-43921,2012-09-08,2012-09-15,Standard Class,RH-19555,Ritsa Hightower,Consumer,Semarang,Jawa Tengah,Indonesia,APAC,Southeast Asia,TEC-CO-10003570,Technology,Copiers,"Sharp Wireless Fax, High-Speed",1317.3264,4,0.07,297.4463999999999,61.86,Medium
29623,ID-2012-39903,2012-01-02,2012-01-06,Standard Class,JS-15595,Jill Stevenson,Corporate,Medan,Sumatera Utara,Indonesia,APAC,Southeast Asia,FUR-CH-10001752,Furniture,Chairs,"Harbour Creations Steel Folding Chair, Black",627.1722,9,0.27,-51.607800000000054,61.81,High
22480,IN-2011-72670,2011-12-29,2011-12-31,Second Class,JS-16030,Joy Smith,Consumer,Malang,Jawa Timur,Indonesia,APAC,Southeast Asia,OFF-ST-10002650,Office Supplies,Storage,"Fellowes Lockers, Wire Frame",685.2479999999999,4,0.17,123.768,61.6,High
20318,ID-2012-57809,2012-10-09,2012-10-13,Standard Class,AO-10810,Anthony O'Donnell,Corporate,Pekanbaru,Riau,Indonesia,APAC,Southeast Asia,FUR-TA-10000665,Furniture,Tables,"Bevis Computer Table, Fully Assembled",786.2868,3,0.47000000000000003,-563.8032000000001,60.46,Medium
20628,ID-2012-33743,2012-06-29,2012-07-06,Standard Class,JF-15190,Jamie Frazer,Consumer,Palembang,Sumatera Selatan,Indonesia,APAC,Southeast Asia,OFF-ST-10002066,Office Supplies,Storage,"Smead File Cart, Blue",529.0005,5,0.17,76.4505,60.44,Low
22465,IN-2013-20450,2013-05-27,2013-06-01,Standard Class,TM-21490,Tony Molinari,Consumer,Bekasi,Jawa Barat,Indonesia,APAC,Southeast Asia,FUR-BO-10003046,Furniture,Bookcases,"Safco Library with Doors, Mobile",1094.5448999999999,3,0.07,270.68489999999997,60.16,Medium
25770,ID-2013-15032,2013-09-30,2013-10-04,Standard Class,CC-12370,Christopher Conant,Consumer,Bogor,Jawa Barat,Indonesia,APAC,Southeast Asia,TEC-CO-10002658,Technology,Copiers,"Hewlett Ink, Laser",553.0895999999999,4,0.07,249.7296,59.91,High
29238,IN-2014-61904,2014-02-19,2014-02-22,Second Class,JK-15370,Jay Kimmel,Consumer,Pontianak,Kalimantan Barat,Indonesia,APAC,Southeast Asia,FUR-BO-10002819,Furniture,Bookcases,"Ikea Stackable Bookrack, Traditional",341.9982,3,0.07,80.81819999999999,59.9,High
27508,ID-2013-15935,2013-10-29,2013-11-02,Standard Class,KH-16360,Katherine Hughes,Consumer,Depok,Jawa Barat,Indonesia,APAC,Southeast Asia,TEC-PH-10002104,Technology,Phones,"Cisco Speaker Phone, Cordless",469.21559999999994,4,0.17,67.81560000000002,59.7,High
23474,IN-2013-31650,2013-05-03,2013-05-09,Standard Class,RM-19750,Roland Murray,Consumer,Jakarta,Jakarta,Indonesia,APAC,Southeast Asia,TEC-MA-10004428,Technology,Machines,"Panasonic Card Printer, Durable",1154.9615999999999,8,0.17,417.4416,59.64,Medium
22175,ID-2012-25315,2012-01-04,2012-01-04,Same Day,AA-10645,Anna Andreadi,Consumer,Jakarta,Jakarta,Indonesia,APAC,Southeast Asia,OFF-ST-10001026,Office Supplies,Storage,"Fellowes Trays, Single Width",142.9758,3,0.17,48.20579999999999,59.62,Critical
21951,IN-2012-33316,2012-09-05,2012-09-07,First Class,CV-12295,Christina VanderZanden,Consumer,Surakarta,Jawa Tengah,Indonesia,APAC,Southeast Asia,TEC-PH-10004221,Technology,Phones,"Samsung Speaker Phone, Cordless",313.9641,3,0.17,86.98409999999996,59.54,High
22462,ID-2014-64039,2014-10-02,2014-10-06,Standard Class,DM-13345,Denise Monton,Corporate,Jakarta,Jakarta,Indonesia,APAC,Southeast Asia,FUR-BO-10003887,Furniture,Bookcases,"Ikea Floating Shelf Set, Traditional",475.2486,3,0.07,-15.341400000000007,59.26,High
25861,ID-2012-32098,2012-04-05,2012-04-11,Standard Class,GZ-14545,George Zrebassa,Corporate,Denpasar,Bali,Indonesia,APAC,Southeast Asia,OFF-ST-10004830,Office Supplies,Storage,"Eldon Lockers, Blue",328.5306,2,0.17,-59.4294,58.58,Low
27728,ID-2012-39987,2012-06-09,2012-06-13,Standard Class,LO-17170,Lori Olson,Corporate,Jakarta,Jakarta,Indonesia,APAC,Southeast Asia,TEC-MA-10002520,Technology,Machines,"Panasonic Receipt Printer, White",594.1638,6,0.17,-28.636200000000002,58.49,High
20321,IN-2013-76464,2013-06-12,2013-06-14,First Class,DK-13090,Dave Kipp,Consumer,Semarang,Jawa Tengah,Indonesia,APAC,Southeast Asia,FUR-CH-10003009,Furniture,Chairs,"Novimex Swivel Stool, Adjustable",243.747,2,0.27,-6.693000000000012,58.42,High
25125,ID-2013-16110,2013-11-30,2013-12-02,Second Class,TB-21250,Tim Brockman,Consumer,Jambi,Jambi,Indonesia,APAC,Southeast Asia,OFF-AP-10001504,Office Supplies,Appliances,"Cuisinart Blender, Black",220.5144,4,0.17,39.7944,58.32,Critical
27978,IN-2013-73349,2013-12-11,2013-12-14,First Class,CJ-11875,Carl Jackson,Corporate,Surabaya,Jawa Timur,Indonesia,APAC,Southeast Asia,TEC-CO-10003574,Technology,Copiers,"Brother Personal Copier, High-Speed",262.4274,2,0.07,101.56739999999999,58.22,High
20978,IN-2014-24405,2014-02-13,2014-02-18,Standard Class,PG-18895,Paul Gonzalez,Consumer,Jember,Jawa Timur,Indonesia,APAC,Southeast Asia,FUR-BO-10004821,Furniture,Bookcases,"Dania Corner Shelving, Traditional",681.1505999999999,6,0.07,21.810599999999994,57.84,High
22769,ID-2011-17370,2011-12-14,2011-12-17,First Class,LC-16885,Lena Creighton,Consumer,Padang,Sumatera Barat,Indonesia,APAC,Southeast Asia,TEC-AC-10000866,Technology,Accessories,"Belkin Router, Erganomic",679.8840000000001,5,0.47000000000000003,-384.9660000000002,57.54,High
30186,IN-2014-73230,2014-06-23,2014-06-29,Standard Class,SS-20140,Saphhira Shifley,Corporate,Tasikmalaya,Jawa Barat,Indonesia,APAC,Southeast Asia,TEC-CO-10004605,Technology,Copiers,"HP Copy Machine, Color",455.94179999999994,2,0.07,205.86180000000002,56.4,Medium
29835,ID-2014-32931,2014-01-16,2014-01-21,Standard Class,AJ-10960,Astrea Jones,Consumer,Denpasar,Bali,Indonesia,APAC,Southeast Asia,TEC-MA-10003146,Technology,Machines,"Okidata Inkjet, Durable",778.1499000000001,3,0.17,149.9498999999999,56.06,Medium
29331,IN-2011-56878,2011-11-14,2011-11-21,Standard Class,EB-14110,Eugene Barchas,Consumer,Jakarta,Jakarta,Indonesia,APAC,Southeast Asia,TEC-CO-10004507,Technology,Copiers,"Brother Fax and Copier, Digital",533.2526999999999,3,0.07,206.37269999999998,55.58,Medium
29507,IN-2013-38384,2013-12-11,2013-12-13,First Class,MC-17635,Matthew Clasen,Corporate,Tasikmalaya,Jawa Barat,Indonesia,APAC,Southeast Asia,OFF-ST-10001026,Office Supplies,Storage,"Fellowes Trays, Single Width",238.293,5,0.17,80.34299999999996,55.57,High
25760,ID-2014-41191,2014-11-07,2014-11-09,First Class,DK-12895,Dana Kaydos,Consumer,Surabaya,Jawa Timur,Indonesia,APAC,Southeast Asia,FUR-BO-10001155,Furniture,Bookcases,"Dania 3-Shelf Cabinet, Traditional",394.64549999999997,3,0.07,-4.324500000000008,54.08,High
29526,IN-2012-77724,2012-09-16,2012-09-20,Standard Class,SC-20695,Steve Chapman,Corporate,Malang,Jawa Timur,Indonesia,APAC,Southeast Asia,FUR-BO-10001874,Furniture,Bookcases,"Sauder Corner Shelving, Pine",276.489,2,0.07,32.649,53.74,High
29648,IN-2012-37054,2012-02-15,2012-02-18,First Class,PK-18910,Paul Knutson,Home Office,Medan,Sumatera Utara,Indonesia,APAC,Southeast Asia,TEC-CO-10002316,Technology,Copiers,"Brother Personal Copier, Laser",398.6631,3,0.07,77.0931,53.66,Medium
24758,ID-2012-69954,2012-07-17,2012-07-18,First Class,NL-18310,Nancy Lomonaco,Home Office,Yogyakarta,Yogyakarta,Indonesia,APAC,Southeast Asia,OFF-BI-10004078,Office Supplies,Binders,"Wilson Jones 3-Hole Punch, Clear",136.701,6,0.17,-1.7190000000000047,53.54,High
29807,ID-2012-65957,2012-08-31,2012-09-04,Standard Class,ME-17725,Max Engle,Consumer,Jakarta,Jakarta,Indonesia,APAC,Southeast Asia,TEC-MA-10000555,Technology,Machines,"Panasonic Card Printer, Red",567.6204,4,0.17,-116.2596,53.44,Medium
26085,ID-2014-48583,2014-06-23,2014-06-27,Second Class,AB-10015,Aaron Bergman,Consumer,Palembang,Sumatera Selatan,Indonesia,APAC,Southeast Asia,FUR-FU-10002525,Furniture,Furnishings,"Deflect-O Door Stop, Erganomic",372.9132000000001,12,0.27,101.83319999999995,53.07,Medium
27789,IN-2014-13016,2014-10-07,2014-10-10,First Class,DK-12895,Dana Kaydos,Consumer,Jambi,Jambi,Indonesia,APAC,Southeast Asia,OFF-AP-10004972,Office Supplies,Appliances,"Breville Coffee Grinder, Red",256.719,5,0.17,46.26899999999999,52.89,High
23770,IN-2013-54260,2013-04-29,2013-05-05,Standard Class,LH-16900,Lena Hernandez,Consumer,Depok,Jawa Barat,Indonesia,APAC,Southeast Asia,OFF-ST-10003907,Office Supplies,Storage,"Rogers Shelving, Wire Frame",304.77599999999995,6,0.17,43.955999999999996,52.84,Low
23898,ID-2013-79201,2013-08-24,2013-08-29,Second Class,CS-12130,Chad Sievert,Consumer,Binjai,Sumatera Utara,Indonesia,APAC,Southeast Asia,TEC-PH-10001457,Technology,Phones,"Apple Smart Phone, Full Size",1058.25,2,0.17,-76.53000000000003,52.84,Medium
21896,ID-2012-71858,2012-02-01,2012-02-07,Standard Class,CP-12085,Cathy Prescott,Corporate,Jakarta,Jakarta,Indonesia,APAC,Southeast Asia,TEC-PH-10003784,Technology,Phones,"Motorola Signal Booster, with Caller ID",593.9894999999999,5,0.17,-71.7105,52.22,Medium
26412,ID-2011-58040,2011-07-15,2011-07-17,First Class,LH-17155,Logan Haushalter,Consumer,Jakarta,Jakarta,Indonesia,APAC,Southeast Asia,OFF-AR-10002417,Office Supplies,Art,"Boston Sketch Pad, Water Color",151.1976,4,0.27,-33.2424,52.16,Critical
26574,IN-2014-24041,2014-06-19,2014-06-22,Second Class,MK-18160,Mike Kennedy,Consumer,Bogor,Jawa Barat,Indonesia,APAC,Southeast Asia,FUR-BO-10002819,Furniture,Bookcases,"Ikea Stackable Bookrack, Traditional",341.9982,3,0.07,80.81819999999999,52.16,High
25186,IN-2014-79005,2014-02-10,2014-02-14,Standard Class,LS-16945,Linda Southworth,Corporate,Tegal,Jawa Tengah,Indonesia,APAC,Southeast Asia,TEC-CO-10001726,Technology,Copiers,"HP Fax and Copier, High-Speed",477.34109999999987,3,0.07,87.1911,52.05,High
25878,IN-2011-22396,2011-11-18,2011-11-19,First Class,TM-21490,Tony Molinari,Consumer,Surabaya,Jawa Timur,Indonesia,APAC,Southeast Asia,TEC-CO-10001630,Technology,Copiers,"Canon Personal Copier, Digital",264.8268,2,0.07,105.3468,51.95,Critical
22224,IN-2014-37712,2014-11-14,2014-11-16,Second Class,BK-11260,Berenike Kampe,Consumer,Jakarta,Jakarta,Indonesia,APAC,Southeast Asia,TEC-CO-10001222,Technology,Copiers,"Sharp Fax Machine, Laser",274.95449999999994,1,0.07,-0.025500000000000966,51.75,High
22666,IN-2011-27534,2011-11-09,2011-11-10,First Class,MH-17785,Maya Herman,Corporate,Bandung,Jawa Barat,Indonesia,APAC,Southeast Asia,TEC-AC-10002244,Technology,Accessories,"Enermax Router, Erganomic",543.0168000000001,4,0.47000000000000003,-256.1832000000001,51.59,High
21325,IN-2012-10482,2012-05-10,2012-05-14,Standard Class,CY-12745,Craig Yedwab,Corporate,Semarang,Jawa Tengah,Indonesia,APAC,Southeast Asia,FUR-CH-10000974,Furniture,Chairs,"Harbour Creations Executive Leather Armchair, Black",691.4705999999999,2,0.27,28.410600000000017,51.54,Medium
29587,ID-2014-54365,2014-04-11,2014-04-12,First Class,ML-17410,Maris LaWare,Consumer,Jakarta,Jakarta,Indonesia,APAC,Southeast Asia,FUR-TA-10002527,Furniture,Tables,"Barricks Round Table, Fully Assembled",533.1588000000002,2,0.47000000000000003,-301.8012000000001,51.1,High
29186,ID-2012-13058,2012-12-03,2012-12-09,Standard Class,JE-15745,Joel Eaton,Consumer,Surabaya,Jawa Timur,Indonesia,APAC,Southeast Asia,FUR-CH-10001832,Furniture,Chairs,"Novimex Rocking Chair, Red",575.6633999999999,6,0.27,-149.91659999999996,50.68,Medium
26851,IN-2012-50886,2012-11-09,2012-11-11,First Class,AA-10645,Anna Andreadi,Consumer,Semarang,Jawa Tengah,Indonesia,APAC,Southeast Asia,TEC-MA-10001358,Technology,Machines,"StarTech Phone, Wireless",432.96119999999996,7,0.17,140.6412,50.24,Medium
29985,ID-2012-48100,2012-06-26,2012-06-30,Standard Class,EB-13870,Emily Burns,Consumer,Pematangsiantar,Sumatera Utara,Indonesia,APAC,Southeast Asia,TEC-AC-10003753,Technology,Accessories,"SanDisk Router, Programmable",273.32099999999997,2,0.47000000000000003,-149.55899999999997,49.86,High
21348,ID-2013-33967,2013-08-09,2013-08-12,First Class,AR-10345,Alex Russell,Corporate,Jakarta,Jakarta,Indonesia,APAC,Southeast Asia,FUR-CH-10001752,Furniture,Chairs,"Harbour Creations Steel Folding Chair, Black",348.429,5,0.27,-28.67100000000002,49.72,High
26233,IN-2014-51635,2014-01-22,2014-01-22,Same Day,JK-15625,Jim Karlsson,Consumer,Jakarta,Jakarta,Indonesia,APAC,Southeast Asia,OFF-AP-10001529,Office Supplies,Appliances,"Hamilton Beach Toaster, White",184.758,4,0.17,62.23799999999999,49.59,High
20592,ID-2013-22025,2013-10-09,2013-10-13,Standard Class,TS-21655,Trudy Schmidt,Consumer,Bandung,Jawa Barat,Indonesia,APAC,Southeast Asia,TEC-CO-10000821,Technology,Copiers,"Canon Ink, High-Speed",675.8775,5,0.07,-43.6725,49.27,High
24055,ID-2013-72061,2013-06-13,2013-06-18,Standard Class,BW-11110,Bart Watters,Corporate,Jakarta,Jakarta,Indonesia,APAC,Southeast Asia,OFF-AP-10003963,Office Supplies,Appliances,"Breville Microwave, Silver",1004.1671999999999,4,0.17,-96.83279999999999,48.94,Medium
26294,ID-2011-34037,2011-03-02,2011-03-02,Same Day,MZ-17515,Mary Zewe,Corporate,Bekasi,Jawa Barat,Indonesia,APAC,Southeast Asia,FUR-CH-10002250,Furniture,Chairs,"Office Star Executive Leather Armchair, Black",682.4477999999999,2,0.27,186.9678,48.69,Medium
27469,ID-2014-56339,2014-11-17,2014-11-24,Standard Class,AP-10720,Anne Pryor,Home Office,Jakarta,Jakarta,Indonesia,APAC,Southeast Asia,TEC-AC-10002244,Technology,Accessories,"Enermax Router, Erganomic",407.2626000000001,3,0.47000000000000003,-192.1374000000001,48.4,Low
29299,IN-2014-71095,2014-12-02,2014-12-02,Same Day,NP-18700,Nora Preis,Consumer,Tegal,Jawa Tengah,Indonesia,APAC,Southeast Asia,TEC-AC-10002649,Technology,Accessories,"Belkin Keyboard, Programmable",226.25699999999998,5,0.47000000000000003,-47.043000000000006,48.22,Medium
26937,IN-2013-45377,2013-01-02,2013-01-06,Standard Class,HD-14785,Harold Dahlen,Home Office,Jakarta,Jakarta,Indonesia,APAC,Southeast Asia,TEC-PH-10000720,Technology,Phones,"Samsung Audio Dock, Full Size",976.7772,7,0.17,247.02719999999994,48.07,Medium
20538,IN-2011-37481,2011-05-02,2011-05-05,Second Class,RH-19495,Rick Hansen,Consumer,Jakarta,Jakarta,Indonesia,APAC,Southeast Asia,OFF-ST-10004365,Office Supplies,Storage,"Fellowes Shelving, Wire Frame",236.17649999999998,5,0.17,85.2765,47.87,High
22461,ID-2014-64039,2014-10-02,2014-10-06,Standard Class,DM-13345,Denise Monton,Corporate,Jakarta,Jakarta,Indonesia,APAC,Southeast Asia,FUR-TA-10000490,Furniture,Tables,"Lesro Training Table, with Bottom Storage",854.7839999999999,6,0.47000000000000003,-241.9559999999998,47.72,High
27798,IN-2014-74833,2014-04-16,2014-04-21,Standard Class,JP-16135,Julie Prescott,Home Office,Kupang,Nusa Tenggara Timur,Indonesia,APAC,Southeast Asia,TEC-PH-10004350,Technology,Phones,"Samsung Headset, Cordless",504.972,8,0.17,127.69200000000001,47.27,Medium
20494,IN-2014-76450,2014-11-17,2014-11-21,Standard Class,PJ-19015,Pauline Johnson,Consumer,Pontianak,Kalimantan Barat,Indonesia,APAC,Southeast Asia,OFF-ST-10003203,Office Supplies,Storage,"Eldon Lockers, Wire Frame",490.48019999999997,3,0.17,153.6102,46.98,Medium
23333,ID-2011-41583,2011-11-25,2011-11-29,Standard Class,VG-21805,Vivek Grady,Corporate,Bogor,Jawa Barat,Indonesia,APAC,Southeast Asia,OFF-ST-10004183,Office Supplies,Storage,"Rogers Trays, Wire Frame",352.9575,7,0.17,102.00750000000001,46.59,High
25957,IN-2011-27702,2011-12-29,2012-01-03,Standard Class,RB-19645,Robert Barroso,Corporate,Jakarta,Jakarta,Indonesia,APAC,Southeast Asia,TEC-CO-10002040,Technology,Copiers,"Brother Fax Machine, Digital",1183.6296,4,0.07,445.3896,46.51,Medium
29184,ID-2012-13058,2012-12-03,2012-12-09,Standard Class,JE-15745,Joel Eaton,Consumer,Surabaya,Jawa Timur,Indonesia,APAC,Southeast Asia,TEC-CO-10000865,Technology,Copiers,"Brother Fax Machine, High-Speed",589.1364,2,0.07,25.316399999999994,45.94,Medium
22070,IN-2012-38447,2012-09-27,2012-10-02,Second Class,RR-19315,Ralph Ritter,Consumer,Jambi,Jambi,Indonesia,APAC,Southeast Asia,FUR-CH-10001138,Furniture,Chairs,"Office Star Swivel Stool, Black",375.6069,3,0.27,71.94689999999994,45.83,Medium
21700,ID-2014-49948,2014-09-09,2014-09-11,Second Class,SC-20305,Sean Christensen,Consumer,Purwokerto,Jawa Tengah,Indonesia,APAC,Southeast Asia,TEC-CO-10001166,Technology,Copiers,"HP Personal Copier, Digital",230.50979999999998,2,0.07,9.889800000000001,45.43,High
27812,ID-2013-52643,2013-04-08,2013-04-14,Standard Class,NC-18340,Nat Carroll,Consumer,Jakarta,Jakarta,Indonesia,APAC,Southeast Asia,OFF-AP-10001956,Office Supplies,Appliances,"Breville Refrigerator, Black",430.57079999999996,1,0.17,134.86079999999998,44.99,Low
29467,IN-2011-43634,2011-12-03,2011-12-07,Standard Class,JB-15925,Joni Blumstein,Consumer,Jember,Jawa Timur,Indonesia,APAC,Southeast Asia,FUR-BO-10003086,Furniture,Bookcases,"Safco Library with Doors, Traditional",362.5047,1,0.07,74.0547,44.94,High
25034,ID-2011-79341,2011-12-15,2011-12-17,First Class,ML-18265,Muhammed Lee,Consumer,Jakarta,Jakarta,Indonesia,APAC,Southeast Asia,OFF-ST-10000078,Office Supplies,Storage,"Eldon Trays, Single Width",119.51999999999998,3,0.17,-14.399999999999999,44.61,Critical
26852,IN-2012-50886,2012-11-09,2012-11-11,First Class,AA-10645,Anna Andreadi,Consumer,Semarang,Jawa Tengah,Indonesia,APAC,Southeast Asia,OFF-AP-10004494,Office Supplies,Appliances,"Hoover Blender, Black",237.32189999999997,3,0.17,-37.1781,44.6,Medium
24797,IN-2014-66797,2014-12-04,2014-12-09,Standard Class,SP-20650,Stephanie Phelps,Corporate,Bandung,Jawa Barat,Indonesia,APAC,Southeast Asia,FUR-TA-10002095,Furniture,Tables,"Lesro Training Table, Fully Assembled",429.72929999999997,3,0.47000000000000003,-348.6807,44.47,Medium
21786,ID-2014-72208,2014-10-24,2014-10-26,Second Class,SV-20815,Stuart Van,Corporate,Bogor,Jawa Barat,Indonesia,APAC,Southeast Asia,TEC-MA-10000605,Technology,Machines,"Epson Card Printer, Wireless",423.17549999999994,3,0.17,35.63549999999999,44.36,High
24272,ID-2014-35052,2014-08-21,2014-08-28,Standard Class,SH-20635,Stefanie Holloman,Corporate,Surabaya,Jawa Timur,Indonesia,APAC,Southeast Asia,TEC-MA-10000473,Technology,Machines,"Epson Receipt Printer, Durable",486.1725,5,0.17,128.7225,44.34,Low
27569,ID-2013-21290,2013-04-23,2013-04-27,Standard Class,CS-12355,Christine Sundaresam,Consumer,Surabaya,Jawa Timur,Indonesia,APAC,Southeast Asia,FUR-CH-10000027,Furniture,Chairs,"SAFCO Executive Leather Armchair, Black",670.1399999999999,2,0.27,-128.51999999999995,44.29,Medium
29889,ID-2014-38944,2014-06-18,2014-06-23,Standard Class,RC-19960,Ryan Crowe,Consumer,Bandung,Jawa Barat,Indonesia,APAC,Southeast Asia,TEC-CO-10004507,Technology,Copiers,"Brother Fax and Copier, Digital",533.2526999999999,3,0.07,206.37269999999998,44.25,Medium
24871,ID-2011-57396,2011-11-29,2011-12-04,Standard Class,BG-11035,Barry Gonzalez,Consumer,Tasikmalaya,Jawa Barat,Indonesia,APAC,Southeast Asia,TEC-MA-10004023,Technology,Machines,"Konica Phone, Wireless",643.8393,9,0.17,232.6293,44.24,Medium
29546,ID-2014-35073,2014-04-09,2014-04-12,First Class,DK-13150,David Kendrick,Corporate,Jakarta,Jakarta,Indonesia,APAC,Southeast Asia,TEC-CO-10000679,Technology,Copiers,"Hewlett Personal Copier, High-Speed",529.9883999999998,4,0.07,-34.251599999999996,43.74,Medium
24271,ID-2014-35052,2014-08-21,2014-08-28,Standard Class,SH-20635,Stefanie Holloman,Corporate,Surabaya,Jawa Timur,Indonesia,APAC,Southeast Asia,FUR-BO-10000699,Furniture,Bookcases,"Sauder 3-Shelf Cabinet, Traditional",465.0372,3,0.07,19.9872,43.69,Low
25613,IN-2011-34191,2011-03-23,2011-03-26,First Class,TS-21505,Tony Sayre,Consumer,Jakarta,Jakarta,Indonesia,APAC,Southeast Asia,TEC-PH-10004618,Technology,Phones,"Motorola Signal Booster, Cordless",363.4902,3,0.17,87.55019999999999,43.63,High
22467,ID-2012-75316,2012-05-03,2012-05-07,Standard Class,PA-19060,Pete Armstrong,Home Office,Samarinda,Kalimantan Timur,Indonesia,APAC,Southeast Asia,FUR-CH-10000026,Furniture,Chairs,"SAFCO Rocking Chair, Black",483.552,5,0.27,-152.448,43.62,Medium
21448,ID-2013-72915,2013-09-10,2013-09-15,Standard Class,DF-13135,David Flashing,Consumer,Surabaya,Jawa Timur,Indonesia,APAC,Southeast Asia,FUR-TA-10002833,Furniture,Tables,"Lesro Training Table, Rectangular",705.8805000000001,5,0.47000000000000003,-506.1195,43.58,Medium
25721,IN-2014-26407,2014-08-30,2014-09-04,Standard Class,VW-21775,Victoria Wilson,Corporate,Jakarta,Jakarta,Indonesia,APAC,Southeast Asia,FUR-CH-10000430,Furniture,Chairs,"SAFCO Swivel Stool, Red",612.981,5,0.27,100.731,43.27,Medium
27596,IN-2012-46560,2012-09-07,2012-09-13,Standard Class,SZ-20035,Sam Zeldin,Home Office,Jakarta,Jakarta,Indonesia,APAC,Southeast Asia,TEC-MA-10001360,Technology,Machines,"Okidata Receipt Printer, White",402.78240000000005,4,0.17,145.50239999999997,43.17,Medium
27285,ID-2012-63430,2012-12-19,2012-12-25,Standard Class,SC-20380,Shahid Collister,Consumer,Mataram,Nusa Tenggara Barat,Indonesia,APAC,Southeast Asia,TEC-CO-10003589,Technology,Copiers,"HP Fax Machine, Digital",557.2188,2,0.07,47.878800000000005,42.93,Medium
21483,ID-2014-11826,2014-12-17,2014-12-20,Second Class,TP-21565,Tracy Poddar,Corporate,Surakarta,Jawa Tengah,Indonesia,APAC,Southeast Asia,FUR-CH-10004196,Furniture,Chairs,"Novimex Swivel Stool, Red",480.2232,4,0.27,-13.216800000000035,42.88,High
21471,ID-2012-39224,2012-06-04,2012-06-08,Standard Class,JH-15430,Jennifer Halladay,Consumer,Pekanbaru,Riau,Indonesia,APAC,Southeast Asia,TEC-PH-10003913,Technology,Phones,"Samsung Signal Booster, Cordless",347.2056,3,0.17,8.355599999999995,42.74,High
25807,IN-2013-30460,2013-06-07,2013-06-12,Standard Class,SR-20740,Steven Roelle,Home Office,Depok,Yogyakarta,Indonesia,APAC,Southeast Asia,TEC-CO-10003917,Technology,Copiers,"HP Fax and Copier, Digital",802.2645,5,0.07,344.9145,42.67,Medium
29553,IN-2014-44257,2014-04-16,2014-04-18,Second Class,SV-20785,Stewart Visinsky,Consumer,Medan,Sumatera Utara,Indonesia,APAC,Southeast Asia,FUR-CH-10002117,Furniture,Chairs,"Hon Steel Folding Chair, Red",356.6196,6,0.27,53.679599999999965,42.62,High
29628,ID-2012-39903,2012-01-02,2012-01-06,Standard Class,JS-15595,Jill Stevenson,Corporate,Medan,Sumatera Utara,Indonesia,APAC,Southeast Asia,TEC-AC-10004414,Technology,Accessories,"Enermax Router, Bluetooth",273.8298,2,0.47000000000000003,-77.53019999999998,42.62,High
25910,IN-2011-39308,2011-01-11,2011-01-18,Standard Class,DF-13135,David Flashing,Consumer,Bekasi,Jawa Barat,Indonesia,APAC,Southeast Asia,TEC-PH-10002806,Technology,Phones,"Apple Audio Dock, VoIP",554.3736,4,0.17,40.0536,42.43,Medium
29895,IN-2012-63395,2012-10-08,2012-10-12,Standard Class,JP-15460,Jennifer Patt,Corporate,Bandung,Jawa Barat,Indonesia,APAC,Southeast Asia,FUR-BO-10000175,Furniture,Bookcases,"Ikea Stackable Bookrack, Metal",567.4859999999999,5,0.07,128.13600000000002,42.33,Medium
27815,ID-2013-52643,2013-04-08,2013-04-14,Standard Class,NC-18340,Nat Carroll,Consumer,Jakarta,Jakarta,Indonesia,APAC,Southeast Asia,FUR-TA-10001327,Furniture,Tables,"Barricks Training Table, Rectangular",334.8222,2,0.47000000000000003,18.922200000000032,42.27,Low
21426,IN-2014-37341,2014-10-03,2014-10-08,Standard Class,BM-11785,Bryan Mills,Consumer,Kediri,Jawa Timur,Indonesia,APAC,Southeast Asia,TEC-MA-10004613,Technology,Machines,"Okidata Phone, White",495.36059999999986,7,0.17,149.0706,41.45,Medium
21976,IN-2012-32175,2012-05-07,2012-05-13,Standard Class,EB-14110,Eugene Barchas,Consumer,Depok,Yogyakarta,Indonesia,APAC,Southeast Asia,TEC-MA-10000258,Technology,Machines,"Panasonic Inkjet, Wireless",518.0694,2,0.17,180.9894,41.38,Medium
25986,ID-2012-50193,2012-08-24,2012-08-27,Second Class,ZC-21910,Zuschuss Carroll,Consumer,Malang,Jawa Timur,Indonesia,APAC,Southeast Asia,FUR-CH-10003910,Furniture,Chairs,"Harbour Creations Chairmat, Adjustable",163.1331,3,0.27,37.94309999999999,41.28,Critical
22794,ID-2013-30915,2013-06-10,2013-06-16,Standard Class,TB-21520,Tracy Blumstein,Consumer,Samarinda,Kalimantan Timur,Indonesia,APAC,Southeast Asia,FUR-BO-10002390,Furniture,Bookcases,"Ikea Library with Doors, Metal",674.901,2,0.07,14.480999999999995,41.23,Medium
23336,ID-2014-67581,2014-08-07,2014-08-09,First Class,JP-15520,Jeremy Pistek,Consumer,Jakarta,Jakarta,Indonesia,APAC,Southeast Asia,OFF-ST-10001752,Office Supplies,Storage,"Tenex Shelving, Wire Frame",222.9795,5,0.17,-0.07050000000000267,40.93,Medium
22359,ID-2012-73125,2012-11-06,2012-11-10,Standard Class,DM-13015,Darrin Martin,Consumer,Medan,Sumatera Utara,Indonesia,APAC,Southeast Asia,FUR-BO-10004161,Furniture,Bookcases,"Bush Corner Shelving, Mobile",823.5800999999999,7,0.07,-44.349900000000005,40.22,Medium
22578,ID-2013-37495,2013-05-16,2013-05-18,First Class,RF-19735,Roland Fjeld,Consumer,Medan,Sumatera Utara,Indonesia,APAC,Southeast Asia,FUR-TA-10002833,Furniture,Tables,"Lesro Training Table, Rectangular",988.2327000000001,7,0.47000000000000003,-708.5673000000002,39.89,Medium
23123,ID-2011-74539,2011-08-12,2011-08-18,Standard Class,TB-21175,Thomas Boland,Corporate,Kendari,Sulawesi Tenggara,Indonesia,APAC,Southeast Asia,TEC-PH-10002154,Technology,Phones,"Cisco Headset, Full Size",297.9035999999999,4,0.17,25.023599999999995,39.6,Low
20951,ID-2013-53084,2013-07-22,2013-07-25,Second Class,TH-21100,Thea Hendricks,Consumer,Surabaya,Jawa Timur,Indonesia,APAC,Southeast Asia,FUR-CH-10001684,Furniture,Chairs,"Office Star Rocking Chair, Adjustable",418.728,4,0.27,-143.472,39.55,High
27131,IN-2011-13723,2011-12-27,2011-12-29,First Class,VD-21670,Valerie Dominguez,Consumer,Jakarta,Jakarta,Indonesia,APAC,Southeast Asia,FUR-BO-10002738,Furniture,Bookcases,"Sauder Corner Shelving, Mobile",278.6652,2,0.07,-12.034800000000006,39.31,High
22389,ID-2013-66405,2013-01-31,2013-02-04,Standard Class,CA-11965,Carol Adams,Corporate,Balikpapan,Kalimantan Timur,Indonesia,APAC,Southeast Asia,TEC-CO-10001407,Technology,Copiers,"Canon Ink, Digital",409.54409999999996,3,0.07,79.2441,39.28,Medium
27799,IN-2014-74833,2014-04-16,2014-04-21,Standard Class,JP-16135,Julie Prescott,Home Office,Kupang,Nusa Tenggara Timur,Indonesia,APAC,Southeast Asia,TEC-CO-10004981,Technology,Copiers,"Canon Copy Machine, High-Speed",726.3486,3,0.07,140.53860000000003,38.89,Medium
30122,IN-2014-62961,2014-12-03,2014-12-07,Standard Class,AC-10615,Ann Chong,Corporate,Binjai,Sumatera Utara,Indonesia,APAC,Southeast Asia,FUR-FU-10004158,Furniture,Furnishings,"Deflect-O Frame, Black",401.64599999999996,5,0.27,54.99600000000001,38.88,High
26226,IN-2013-28892,2013-02-08,2013-02-14,Standard Class,CK-12595,Clytie Kelty,Consumer,Jakarta,Jakarta,Indonesia,APAC,Southeast Asia,FUR-BO-10003046,Furniture,Bookcases,"Safco Library with Doors, Mobile",364.84829999999994,1,0.07,90.22829999999999,38.55,Low
24993,IN-2014-56108,2014-08-04,2014-08-10,Standard Class,KE-16420,Katrina Edelman,Corporate,Tegal,Jawa Tengah,Indonesia,APAC,Southeast Asia,TEC-CO-10000172,Technology,Copiers,"Hewlett Ink, Digital",551.7503999999999,4,0.07,195.7104,38.52,Medium
23093,IN-2013-71823,2013-06-20,2013-06-23,Second Class,SR-20740,Steven Roelle,Home Office,Semarang,Jawa Tengah,Indonesia,APAC,Southeast Asia,TEC-PH-10004006,Technology,Phones,"Nokia Audio Dock, Full Size",278.9298,2,0.17,47.029799999999994,38.38,High
26234,IN-2014-51635,2014-01-22,2014-01-22,Same Day,JK-15625,Jim Karlsson,Consumer,Jakarta,Jakarta,Indonesia,APAC,Southeast Asia,FUR-BO-10001679,Furniture,Bookcases,"Ikea 3-Shelf Cabinet, Traditional",264.9384,2,0.07,99.69840000000002,37.59,High
23334,ID-2011-41583,2011-11-25,2011-11-29,Standard Class,VG-21805,Vivek Grady,Corporate,Bogor,Jawa Barat,Indonesia,APAC,Southeast Asia,TEC-CO-10003353,Technology,Copiers,"HP Personal Copier, High-Speed",341.74709999999993,3,0.07,-22.1229,37.47,High
21531,ID-2013-50928,2013-06-15,2013-06-18,First Class,CV-12805,Cynthia Voltz,Corporate,Jakarta,Jakarta,Indonesia,APAC,Southeast Asia,FUR-FU-10002890,Furniture,Furnishings,"Rubbermaid Frame, Durable",156.10320000000002,2,0.27,-29.95680000000001,37.39,High
28375,ID-2011-54449,2011-12-19,2011-12-23,Standard Class,DK-13090,Dave Kipp,Consumer,Bekasi,Jawa Barat,Indonesia,APAC,Southeast Asia,OFF-AP-10001824,Office Supplies,Appliances,"Breville Stove, Silver",466.7006999999999,1,0.17,-39.369299999999996,37.28,Medium
27845,IN-2012-70087,2012-06-25,2012-06-25,Same Day,RD-19585,Rob Dowd,Consumer,Depok,Yogyakarta,Indonesia,APAC,Southeast Asia,TEC-AC-10002172,Technology,Accessories,"Memorex Keyboard, Programmable",231.63120000000004,6,0.47000000000000003,-144.38880000000006,36.65,High
25981,IN-2013-37796,2013-07-12,2013-07-18,Standard Class,HG-14965,Henry Goldwyn,Corporate,Jakarta,Jakarta,Indonesia,APAC,Southeast Asia,FUR-FU-10002659,Furniture,Furnishings,"Eldon Clock, Black",371.33639999999997,9,0.27,35.4564,36.57,Medium
26328,ID-2012-79586,2012-11-17,2012-11-23,Standard Class,SE-20110,Sanjit Engle,Consumer,Semarang,Jawa Tengah,Indonesia,APAC,Southeast Asia,FUR-BO-10001385,Furniture,Bookcases,"Sauder Corner Shelving, Metal",409.46039999999994,3,0.07,162.8604,36.29,Medium
23311,ID-2014-64830,2014-02-18,2014-02-21,First Class,CR-12625,Corey Roper,Home Office,Surabaya,Jawa Timur,Indonesia,APAC,Southeast Asia,FUR-CH-10001138,Furniture,Chairs,"Office Star Swivel Stool, Black",250.40460000000002,2,0.27,47.96459999999996,35.98,Medium
28742,IN-2011-64788,2011-12-13,2011-12-17,Second Class,YC-21895,Yoseph Carroll,Corporate,Jember,Jawa Timur,Indonesia,APAC,Southeast Asia,TEC-PH-10004221,Technology,Phones,"Samsung Speaker Phone, Cordless",313.9641,3,0.17,86.98409999999996,35.65,High
23264,ID-2014-64949,2014-12-10,2014-12-15,Standard Class,MZ-17335,Maria Zettner,Home Office,Denpasar,Bali,Indonesia,APAC,Southeast Asia,FUR-CH-10000432,Furniture,Chairs,"Harbour Creations Swivel Stool, Adjustable",399.9159000000001,3,0.27,-115.06410000000002,35.42,Medium
30047,ID-2012-66503,2012-06-25,2012-07-02,Standard Class,PS-19045,Penelope Sewall,Home Office,Bandung,Jawa Barat,Indonesia,APAC,Southeast Asia,FUR-TA-10003518,Furniture,Tables,"Chromcraft Training Table, Fully Assembled",302.48159999999996,2,0.47000000000000003,-131.31839999999994,35.27,Low
25708,ID-2012-62345,2012-04-24,2012-04-27,First Class,FO-14305,Frank Olsen,Consumer,Jakarta,Jakarta,Indonesia,APAC,Southeast Asia,FUR-FU-10001129,Furniture,Furnishings,"Deflect-O Stacking Tray, Black",185.05499999999998,10,0.27,-30.64499999999999,35.26,High
26236,IN-2014-51635,2014-01-22,2014-01-22,Same Day,JK-15625,Jim Karlsson,Consumer,Jakarta,Jakarta,Indonesia,APAC,Southeast Asia,TEC-PH-10004559,Technology,Phones,"Nokia Speaker Phone, with Caller ID",613.2869999999999,6,0.17,44.307000000000016,35.24,High
28483,ID-2014-25077,2014-09-26,2014-10-02,Standard Class,KD-16270,Karen Daniels,Consumer,Depok,Yogyakarta,Indonesia,APAC,Southeast Asia,FUR-BO-10002000,Furniture,Bookcases,"Ikea Classic Bookcase, Metal",382.42529999999994,1,0.07,32.89529999999999,35.24,Medium
27468,ID-2014-56339,2014-11-17,2014-11-24,Standard Class,AP-10720,Anne Pryor,Home Office,Jakarta,Jakarta,Indonesia,APAC,Southeast Asia,FUR-FU-10002933,Furniture,Furnishings,"Advantus Stacking Tray, Erganomic",239.14799999999997,14,0.27,-39.312,35.05,Low
21849,ID-2011-20814,2011-01-09,2011-01-13,Standard Class,EB-13705,Ed Braxton,Corporate,Kediri,Jawa Timur,Indonesia,APAC,Southeast Asia,TEC-PH-10001730,Technology,Phones,"Motorola Signal Booster, Full Size",239.7372,2,0.17,-11.602800000000009,34.99,High
24779,IN-2014-41345,2014-11-13,2014-11-18,Standard Class,DV-13045,Darrin Van Huff,Corporate,Pekanbaru,Riau,Indonesia,APAC,Southeast Asia,TEC-PH-10004261,Technology,Phones,"Nokia Signal Booster, Full Size",457.46279999999996,4,0.17,60.6228,34.9,Medium
27811,ID-2013-52643,2013-04-08,2013-04-14,Standard Class,NC-18340,Nat Carroll,Consumer,Jakarta,Jakarta,Indonesia,APAC,Southeast Asia,FUR-TA-10001359,Furniture,Tables,"Chromcraft Training Table, with Bottom Storage",300.9234,2,0.47000000000000003,-215.7966,34.87,Low
23302,IN-2012-56514,2012-02-04,2012-02-08,Standard Class,SC-20095,Sanjit Chand,Consumer,Semarang,Jawa Tengah,Indonesia,APAC,Southeast Asia,OFF-ST-10000892,Office Supplies,Storage,"Tenex Trays, Wire Frame",221.11199999999997,5,0.17,74.562,34.81,High
24962,ID-2014-47792,2014-08-30,2014-09-03,Second Class,CS-11950,Carlos Soltero,Consumer,Jakarta,Jakarta,Indonesia,APAC,Southeast Asia,TEC-CO-10000129,Technology,Copiers,"Brother Fax and Copier, Color",358.8498,2,0.07,57.8298,34.62,Medium
29045,IN-2012-74714,2012-05-15,2012-05-15,Same Day,AM-10360,Alice McCarthy,Corporate,Surabaya,Jawa Timur,Indonesia,APAC,Southeast Asia,OFF-AR-10002109,Office Supplies,Art,"Binney & Smith Sketch Pad, Fluorescent",312.6006,9,0.27,4.260599999999997,34.62,High
20808,ID-2014-60854,2014-10-16,2014-10-22,Standard Class,AF-10885,Art Foster,Consumer,Surabaya,Jawa Timur,Indonesia,APAC,Southeast Asia,FUR-CH-10001203,Furniture,Chairs,"Novimex Steel Folding Chair, Set of Two",555.0336,9,0.27,-175.0464,34.6,Medium
26979,IN-2013-36802,2013-02-08,2013-02-12,Standard Class,BB-10990,Barry Blumstein,Corporate,Surabaya,Jawa Timur,Indonesia,APAC,Southeast Asia,FUR-CH-10004331,Furniture,Chairs,"SAFCO Rocking Chair, Red",393.93719999999996,4,0.27,10.777199999999993,34.54,Medium
23161,ID-2011-37621,2011-06-30,2011-07-02,First Class,PM-19135,Peter McVee,Home Office,Kendari,Sulawesi Tenggara,Indonesia,APAC,Southeast Asia,OFF-ST-10004228,Office Supplies,Storage,"Tenex Shelving, Industrial",137.2986,3,0.17,23.0886,34.53,Critical
22124,IN-2013-61288,2013-07-16,2013-07-20,Standard Class,FW-14395,Fred Wasserman,Corporate,Surabaya,Jawa Timur,Indonesia,APAC,Southeast Asia,TEC-PH-10001884,Technology,Phones,"Nokia Office Telephone, Full Size",385.9002,7,0.17,-60.55980000000001,34.19,Medium
25707,ID-2014-24370,2014-09-15,2014-09-17,Second Class,LC-17050,Liz Carlisle,Consumer,Bandung,Jawa Barat,Indonesia,APAC,Southeast Asia,FUR-CH-10003836,Furniture,Chairs,"Harbour Creations Rocking Chair, Red",214.75139999999996,2,0.27,-2.988599999999991,34.09,High
22413,IN-2011-14689,2011-12-12,2011-12-17,Standard Class,AH-10030,Aaron Hawkins,Corporate,Jakarta,Jakarta,Indonesia,APAC,Southeast Asia,FUR-CH-10004331,Furniture,Chairs,"SAFCO Rocking Chair, Red",492.4214999999999,5,0.27,13.471499999999992,34.07,Medium
23468,IN-2013-28591,2013-06-03,2013-06-05,Second Class,MT-17815,Meg Tillman,Consumer,Binjai,Sumatera Utara,Indonesia,APAC,Southeast Asia,OFF-AP-10003021,Office Supplies,Appliances,"Breville Stove, White",464.5344,1,0.17,151.0944,33.85,Medium
27908,IN-2014-19274,2014-11-28,2014-11-29,First Class,DB-13270,Deborah Brumfield,Home Office,Surabaya,Jawa Timur,Indonesia,APAC,Southeast Asia,FUR-FU-10002292,Furniture,Furnishings,"Deflect-O Door Stop, Duo Pack",224.8911,7,0.27,43.03110000000001,33.8,Medium
23037,IN-2013-38475,2013-07-04,2013-07-04,Same Day,EH-14185,Evan Henry,Consumer,Medan,Sumatera Utara,Indonesia,APAC,Southeast Asia,FUR-BO-10002204,Furniture,Bookcases,"Dania Floating Shelf Set, Traditional",314.991,2,0.07,125.27099999999999,33.67,High
28053,IN-2013-71746,2013-06-11,2013-06-11,Same Day,JK-15325,Jason Klamczynski,Corporate,Bogor,Jawa Barat,Indonesia,APAC,Southeast Asia,TEC-MA-10003170,Technology,Machines,"Konica Calculator, Wireless",214.2645,5,0.17,80.0145,33.66,High
23771,IN-2013-54260,2013-04-29,2013-05-05,Standard Class,LH-16900,Lena Hernandez,Consumer,Depok,Jawa Barat,Indonesia,APAC,Southeast Asia,FUR-CH-10004049,Furniture,Chairs,"SAFCO Bag Chairs, Set of Two",226.4022,6,0.27,37.042199999999994,33.47,Low
27814,ID-2013-52643,2013-04-08,2013-04-14,Standard Class,NC-18340,Nat Carroll,Consumer,Jakarta,Jakarta,Indonesia,APAC,Southeast Asia,OFF-ST-10004583,Office Supplies,Storage,"Eldon Shelving, Single Width",201.0675,5,0.17,-29.182499999999997,33.37,Low
29402,ID-2012-59181,2012-07-24,2012-07-26,First Class,HA-14920,Helen Andreada,Consumer,Depok,Jawa Barat,Indonesia,APAC,Southeast Asia,OFF-PA-10002479,Office Supplies,Paper,"Enermax Cards & Envelopes, 8.5 x 11",108.62880000000003,4,0.47000000000000003,1.9487999999999772,33.29,High
30223,IN-2011-62891,2011-10-04,2011-10-06,Second Class,BF-11215,Benjamin Farhat,Home Office,Cirebon,Jawa Barat,Indonesia,APAC,Southeast Asia,FUR-BO-10001598,Furniture,Bookcases,"Bush Corner Shelving, Pine",349.6986,3,0.07,142.8786,33.1,Medium
23317,ID-2014-64830,2014-02-18,2014-02-21,First Class,CR-12625,Corey Roper,Home Office,Surabaya,Jawa Timur,Indonesia,APAC,Southeast Asia,TEC-CO-10001787,Technology,Copiers,"HP Fax and Copier, Laser",160.78769999999997,1,0.07,29.387700000000002,32.78,Medium
22802,IN-2014-78151,2014-12-11,2014-12-16,Standard Class,NH-18610,Nicole Hansen,Corporate,Jakarta,Jakarta,Indonesia,APAC,Southeast Asia,TEC-MA-10003492,Technology,Machines,"Okidata Printer, Wireless",445.7100000000001,2,0.17,-69.81000000000002,32.77,Medium
22005,ID-2014-22851,2014-08-11,2014-08-16,Second Class,TB-21190,Thomas Brumley,Home Office,Pekalongan,Jawa Tengah,Indonesia,APAC,Southeast Asia,FUR-BO-10001934,Furniture,Bookcases,"Bush Library with Doors, Metal",338.3154,1,0.07,3.6353999999999935,32.35,Medium
30210,ID-2014-48828,2014-12-29,2015-01-02,Standard Class,KB-16315,Karl Braun,Consumer,Cirebon,Jawa Barat,Indonesia,APAC,Southeast Asia,TEC-CO-10000778,Technology,Copiers,"Sharp Fax and Copier, Color",474.4115999999999,3,0.07,15.231599999999993,32.31,Medium
24638,ID-2013-61736,2013-12-02,2013-12-05,First Class,PC-19000,Pauline Chand,Home Office,Manado,Sulawesi Utara,Indonesia,APAC,Southeast Asia,TEC-AC-10003753,Technology,Accessories,"SanDisk Router, Programmable",136.66049999999998,1,0.47000000000000003,-74.77949999999998,32.28,Critical
22709,ID-2014-53728,2014-12-17,2014-12-17,Same Day,JO-15280,Jas O'Carroll,Consumer,Denpasar,Bali,Indonesia,APAC,Southeast Asia,OFF-EN-10002035,Office Supplies,Envelopes,"Kraft Mailers, Set of 50",139.68150000000003,7,0.47000000000000003,-81.86850000000001,32.23,High
22201,ID-2014-24391,2014-09-23,2014-09-25,First Class,FH-14365,Fred Hopkins,Corporate,Semarang,Jawa Tengah,Indonesia,APAC,Southeast Asia,FUR-BO-10002308,Furniture,Bookcases,"Safco Floating Shelf Set, Metal",364.932,2,0.07,51.012,32.21,Critical
26004,IN-2013-43543,2013-09-19,2013-09-25,Standard Class,TS-21430,Tom Stivers,Corporate,Depok,Yogyakarta,Indonesia,APAC,Southeast Asia,TEC-PH-10002742,Technology,Phones,"Motorola Audio Dock, Cordless",292.5252,2,0.17,14.065199999999997,32.12,Low
26458,ID-2013-19792,2013-06-12,2013-06-16,Second Class,CG-12520,Claire Gute,Consumer,Bandung,Jawa Barat,Indonesia,APAC,Southeast Asia,FUR-TA-10002797,Furniture,Tables,"Chromcraft Round Table, Adjustable Height",248.72370000000004,1,0.47000000000000003,-32.856300000000005,32.12,High
23819,IN-2012-27499,2012-08-01,2012-08-05,Standard Class,JF-15415,Jennifer Ferguson,Consumer,Palembang,Sumatera Selatan,Indonesia,APAC,Southeast Asia,TEC-CO-10000427,Technology,Copiers,"HP Fax Machine, Color",280.2834,1,0.07,72.32339999999999,32.06,High
25728,IN-2012-13352,2012-05-24,2012-05-26,Second Class,PF-19165,Philip Fox,Consumer,Palembang,Sumatera Selatan,Indonesia,APAC,Southeast Asia,OFF-ST-10003907,Office Supplies,Storage,"Rogers Shelving, Wire Frame",203.18399999999997,4,0.17,29.304000000000002,31.75,Critical
24019,ID-2014-47225,2014-06-19,2014-06-23,Standard Class,CC-12475,Cindy Chapman,Consumer,Jakarta,Jakarta,Indonesia,APAC,Southeast Asia,OFF-ST-10003931,Office Supplies,Storage,"Smead Lockers, Blue",494.0658,3,0.17,-11.914200000000022,31.68,Medium
24678,IN-2014-79488,2014-07-27,2014-08-02,Standard Class,HW-14935,Helen Wasserman,Corporate,Medan,Sumatera Utara,Indonesia,APAC,Southeast Asia,OFF-AP-10002499,Office Supplies,Appliances,"Cuisinart Microwave, White",459.15599999999995,2,0.17,-77.484,31.61,Medium
22754,ID-2014-74763,2014-12-04,2014-12-09,Standard Class,EJ-14155,Eva Jacobs,Consumer,Sukabumi,Jawa Barat,Indonesia,APAC,Southeast Asia,FUR-CH-10000025,Furniture,Chairs,"Office Star Rocking Chair, Set of Two",209.0136,2,0.27,-20.0664,31.6,High
27670,IN-2012-34072,2012-09-18,2012-09-20,First Class,CM-12655,Corinna Mitchell,Home Office,Depok,Yogyakarta,Indonesia,APAC,Southeast Asia,OFF-BI-10003159,Office Supplies,Binders,"Avery Binding Machine, Durable",208.911,5,0.17,10.010999999999996,31.45,High
26815,IN-2013-57284,2013-08-31,2013-09-03,First Class,JH-15910,Jonathan Howell,Consumer,Semarang,Jawa Tengah,Indonesia,APAC,Southeast Asia,OFF-BI-10004240,Office Supplies,Binders,"Cardinal Binding Machine, Recycled",124.8237,3,0.17,43.5537,31.34,Medium
31295,ID-2014-3000,2014-12-20,2014-12-24,Standard Class,SV-10935,Susan Vittorini,Consumer,Tangerang,Jawa Barat,Indonesia,APAC,Southeast Asia,FUR-SAF-10000204,Furniture,Bookcases,"Safco Library with Doors, Metal",311.40000000000003,3,0.2,-31.140000000000008,31.12,Medium
22210,ID-2014-76009,2014-06-05,2014-06-11,Standard Class,MT-18070,Michelle Tran,Home Office,Jakarta,Jakarta,Indonesia,APAC,Southeast Asia,OFF-ST-10004802,Office Supplies,Storage,"Rogers File Cart, Industrial",352.58400000000006,3,0.17,29.663999999999973,31.11,Medium
26660,ID-2011-39721,2011-05-12,2011-05-17,Standard Class,PB-19210,Phillip Breyer,Corporate,Medan,Sumatera Utara,Indonesia,APAC,Southeast Asia,FUR-BO-10004399,Furniture,Bookcases,"Bush Floating Shelf Set, Pine",481.60979999999995,3,0.07,-5.200200000000002,30.93,Medium
21530,ID-2012-42962,2012-08-27,2012-09-01,Standard Class,BM-11140,Becky Martin,Consumer,Balikpapan,Kalimantan Timur,Indonesia,APAC,Southeast Asia,TEC-MA-10002633,Technology,Machines,"StarTech Inkjet, Durable",498.2988000000001,2,0.17,-66.06120000000003,30.87,Medium
24152,IN-2012-60161,2012-10-05,2012-10-09,Standard Class,AA-10480,Andrew Allen,Consumer,Surabaya,Jawa Timur,Indonesia,APAC,Southeast Asia,OFF-ST-10002834,Office Supplies,Storage,"Smead File Cart, Single Width",427.8816,4,0.17,20.60159999999999,30.83,Medium
21634,ID-2011-15970,2011-09-27,2011-10-02,Standard Class,DB-13360,Dennis Bolton,Home Office,Jakarta,Jakarta,Indonesia,APAC,Southeast Asia,OFF-AP-10002499,Office Supplies,Appliances,"Cuisinart Microwave, White",688.7339999999999,3,0.17,-116.226,30.69,Medium
25309,IN-2013-47029,2013-06-25,2013-06-29,Standard Class,HZ-14950,Henia Zydlo,Consumer,Jakarta,Jakarta,Indonesia,APAC,Southeast Asia,OFF-AP-10001233,Office Supplies,Appliances,"Hamilton Beach Toaster, Red",190.9332,4,0.17,59.77319999999999,30.65,High
27154,ID-2013-64970,2013-11-06,2013-11-10,Standard Class,LM-17065,Liz MacKendrick,Consumer,Mataram,Nusa Tenggara Barat,Indonesia,APAC,Southeast Asia,TEC-PH-10000824,Technology,Phones,"Cisco Office Telephone, Full Size",610.6724999999999,9,0.17,110.36250000000001,30.22,Medium
24013,ID-2014-10076,2014-07-09,2014-07-13,Standard Class,HG-15025,Hunter Glantz,Consumer,Medan,Sumatera Utara,Indonesia,APAC,Southeast Asia,FUR-FU-10003217,Furniture,Furnishings,"Tenex Frame, Durable",234.3519,3,0.27,-12.878100000000018,30.2,High
27155,IN-2011-51390,2011-06-13,2011-06-17,Standard Class,RB-19705,Roger Barcio,Home Office,Palembang,Sumatera Selatan,Indonesia,APAC,Southeast Asia,FUR-CH-10000660,Furniture,Chairs,"Novimex Executive Leather Armchair, Adjustable",332.52959999999996,1,0.27,18.219600000000014,30.14,Medium
22755,ID-2014-74763,2014-12-04,2014-12-09,Standard Class,EJ-14155,Eva Jacobs,Consumer,Sukabumi,Jawa Barat,Indonesia,APAC,Southeast Asia,TEC-MA-10004502,Technology,Machines,"Epson Inkjet, Wireless",1790.7582000000002,7,0.17,560.7881999999998,29.92,High
30209,ID-2014-48828,2014-12-29,2015-01-02,Standard Class,KB-16315,Karl Braun,Consumer,Cirebon,Jawa Barat,Indonesia,APAC,Southeast Asia,TEC-CO-10004143,Technology,Copiers,"HP Personal Copier, Color",584.6445000000001,5,0.07,194.79449999999997,29.71,Medium
21445,ID-2012-47456,2012-03-28,2012-04-04,Standard Class,DV-13465,Dianna Vittorini,Consumer,Surabaya,Jawa Timur,Indonesia,APAC,Southeast Asia,OFF-ST-10003931,Office Supplies,Storage,"Smead Lockers, Blue",329.3772,2,0.17,-7.94280000000002,29.7,Medium
22893,IN-2011-10503,2011-07-05,2011-07-10,Second Class,LH-16900,Lena Hernandez,Consumer,Malang,Jawa Timur,Indonesia,APAC,Southeast Asia,TEC-PH-10003927,Technology,Phones,"Nokia Audio Dock, with Caller ID",415.18260000000004,3,0.17,105.04259999999996,29.69,Medium
29099,ID-2014-33568,2014-01-10,2014-01-14,Standard Class,BT-11680,Brian Thompson,Consumer,Bandung,Jawa Barat,Indonesia,APAC,Southeast Asia,TEC-PH-10004675,Technology,Phones,"Nokia Audio Dock, VoIP",276.9378,2,0.17,46.657799999999995,29.62,High
22162,IN-2011-74126,2011-05-28,2011-05-31,Second Class,EM-13960,Eric Murdock,Consumer,Jakarta,Jakarta,Indonesia,APAC,Southeast Asia,FUR-BO-10003301,Furniture,Bookcases,"Dania Floating Shelf Set, Metal",470.97990000000004,3,0.07,65.7999,29.54,High
25879,IN-2011-22396,2011-11-18,2011-11-19,First Class,TM-21490,Tony Molinari,Consumer,Surabaya,Jawa Timur,Indonesia,APAC,Southeast Asia,TEC-MA-10000087,Technology,Machines,"StarTech Calculator, White",95.54129999999999,3,0.17,35.6013,29.53,Critical
28919,ID-2012-25217,2012-04-13,2012-04-17,Standard Class,RA-19915,Russell Applegate,Consumer,Depok,Yogyakarta,Indonesia,APAC,Southeast Asia,FUR-CH-10001322,Furniture,Chairs,"Harbour Creations Executive Leather Armchair, Adjustable",347.55299999999994,1,0.27,-23.817000000000007,29.41,Medium
28278,IN-2013-70430,2013-05-04,2013-05-04,Same Day,CM-11830,Cari MacIntyre,Corporate,Jakarta,Jakarta,Indonesia,APAC,Southeast Asia,FUR-FU-10003414,Furniture,Furnishings,"Tenex Clock, Duo Pack",330.5367,9,0.27,54.32669999999999,29.34,High
23121,ID-2011-74539,2011-08-12,2011-08-18,Standard Class,TB-21175,Thomas Boland,Corporate,Kendari,Sulawesi Tenggara,Indonesia,APAC,Southeast Asia,TEC-PH-10001921,Technology,Phones,"Nokia Signal Booster, with Caller ID",226.58999999999997,2,0.17,-16.410000000000004,28.83,Low
23378,IN-2014-15501,2014-10-17,2014-10-19,Second Class,EB-13705,Ed Braxton,Corporate,Surabaya,Jawa Timur,Indonesia,APAC,Southeast Asia,TEC-CO-10000660,Technology,Copiers,"Brother Fax and Copier, Laser",178.0857,1,0.07,22.955699999999997,28.8,High
24441,ID-2012-46574,2012-01-20,2012-01-25,Second Class,KL-16555,Kelly Lampkin,Corporate,Bandung,Jawa Barat,Indonesia,APAC,Southeast Asia,TEC-PH-10001354,Technology,Phones,"Motorola Speaker Phone, Full Size",326.36429999999996,3,0.17,43.2243,28.79,Medium
25584,IN-2011-62184,2011-05-24,2011-05-28,Standard Class,DB-13405,Denny Blanton,Consumer,Jakarta,Jakarta,Indonesia,APAC,Southeast Asia,OFF-ST-10004228,Office Supplies,Storage,"Tenex Shelving, Industrial",366.1296,8,0.17,61.569599999999994,28.42,Medium
26878,ID-2014-77710,2014-08-14,2014-08-18,Second Class,VB-21745,Victoria Brennan,Corporate,Bandung,Jawa Barat,Indonesia,APAC,Southeast Asia,FUR-FU-10003939,Furniture,Furnishings,"Tenex Photo Frame, Duo Pack",189.435,5,0.27,23.234999999999985,28.35,High
27998,ID-2014-71403,2014-12-16,2014-12-20,Standard Class,LS-17200,Luke Schmidt,Corporate,Depok,Jawa Barat,Indonesia,APAC,Southeast Asia,FUR-CH-10003836,Furniture,Chairs,"Harbour Creations Rocking Chair, Red",322.1270999999999,3,0.27,-4.482899999999987,28.35,Medium
29296,IN-2014-71095,2014-12-02,2014-12-02,Same Day,NP-18700,Nora Preis,Consumer,Tegal,Jawa Tengah,Indonesia,APAC,Southeast Asia,TEC-AC-10003951,Technology,Accessories,"Logitech Numeric Keypad, USB",147.96540000000002,6,0.47000000000000003,8.285399999999981,28.09,Medium
22167,ID-2013-45895,2013-08-29,2013-08-31,First Class,BN-11470,Brad Norvell,Corporate,Padang,Sumatera Barat,Indonesia,APAC,Southeast Asia,TEC-AC-10002719,Technology,Accessories,"Enermax Router, Programmable",413.1297,3,0.47000000000000003,-140.3703,28.08,High
23338,ID-2014-67581,2014-08-07,2014-08-09,First Class,JP-15520,Jeremy Pistek,Consumer,Jakarta,Jakarta,Indonesia,APAC,Southeast Asia,TEC-MA-10001308,Technology,Machines,"Okidata Printer, Durable",668.8638,3,0.17,-32.23620000000001,28.0,Medium
24595,ID-2014-79957,2014-06-10,2014-06-14,Second Class,HM-14980,Henry MacAllister,Consumer,Bandung,Jawa Barat,Indonesia,APAC,Southeast Asia,FUR-TA-10004383,Furniture,Tables,"Bevis Coffee Table, Adjustable Height",169.79610000000002,1,0.47000000000000003,-118.56390000000002,27.86,High
28423,IN-2013-48282,2013-11-29,2013-12-03,Standard Class,TT-21460,Tonja Turnell,Home Office,Medan,Sumatera Utara,Indonesia,APAC,Southeast Asia,FUR-BO-10000610,Furniture,Bookcases,"Ikea Stackable Bookrack, Mobile",232.686,2,0.07,105.066,27.8,High
28715,IN-2012-35255,2012-10-25,2012-10-29,Standard Class,CR-12730,Craig Reiter,Consumer,Depok,Yogyakarta,Indonesia,APAC,Southeast Asia,TEC-CO-10000660,Technology,Copiers,"Brother Fax and Copier, Laser",178.0857,1,0.07,22.955699999999997,27.65,High
28342,IN-2011-44761,2011-10-20,2011-10-24,Standard Class,EM-14140,Eugene Moren,Home Office,Malang,Jawa Timur,Indonesia,APAC,Southeast Asia,TEC-PH-10004281,Technology,Phones,"Samsung Audio Dock, Cordless",422.5032,3,0.17,132.34320000000002,27.42,Medium
26981,IN-2013-36802,2013-02-08,2013-02-12,Standard Class,BB-10990,Barry Blumstein,Corporate,Surabaya,Jawa Timur,Indonesia,APAC,Southeast Asia,FUR-CH-10003822,Furniture,Chairs,"SAFCO Steel Folding Chair, Adjustable",515.088,8,0.27,140.928,27.37,Medium
23337,ID-2014-67581,2014-08-07,2014-08-09,First Class,JP-15520,Jeremy Pistek,Consumer,Jakarta,Jakarta,Indonesia,APAC,Southeast Asia,OFF-ST-10003286,Office Supplies,Storage,"Rogers Lockers, Wire Frame",874.3634999999999,5,0.17,-10.636500000000012,27.22,Medium
26293,ID-2011-34037,2011-03-02,2011-03-02,Same Day,MZ-17515,Mary Zewe,Corporate,Bekasi,Jawa Barat,Indonesia,APAC,Southeast Asia,TEC-CO-10002350,Technology,Copiers,"Canon Wireless Fax, Digital",1055.4569999999999,3,0.07,-34.08300000000001,27.16,Medium
20950,ID-2013-53084,2013-07-22,2013-07-25,Second Class,TH-21100,Thea Hendricks,Consumer,Surabaya,Jawa Timur,Indonesia,APAC,Southeast Asia,FUR-TA-10002972,Furniture,Tables,"Barricks Computer Table, Fully Assembled",254.03430000000003,1,0.47000000000000003,-95.88570000000001,27.05,High
29228,IN-2013-65768,2013-04-03,2013-04-06,Second Class,EH-13990,Erica Hackney,Consumer,Pematangsiantar,Sumatera Utara,Indonesia,APAC,Southeast Asia,FUR-FU-10000496,Furniture,Furnishings,"Eldon Clock, Duo Pack",165.21359999999999,4,0.27,45.21359999999999,27.03,Critical
22331,IN-2014-52062,2014-05-09,2014-05-13,Standard Class,SC-20380,Shahid Collister,Consumer,Jakarta,Jakarta,Indonesia,APAC,Southeast Asia,TEC-AC-10004848,Technology,Accessories,"SanDisk Memory Card, Erganomic",233.66639999999998,4,0.47000000000000003,-167.6136,27.0,High
29144,IN-2014-79271,2014-06-18,2014-06-21,First Class,PF-19225,Phillip Flathmann,Consumer,Jakarta,Jakarta,Indonesia,APAC,Southeast Asia,TEC-CO-10002697,Technology,Copiers,"Brother Wireless Fax, High-Speed",350.61929999999995,1,0.07,82.92929999999998,26.85,Medium
27435,ID-2013-17377,2013-07-19,2013-07-23,Standard Class,MT-18070,Michelle Tran,Home Office,Jakarta,Jakarta,Indonesia,APAC,Southeast Asia,OFF-BI-10000089,Office Supplies,Binders,"Wilson Jones 3-Hole Punch, Recycled",164.7135,7,0.17,63.4935,26.46,High
22897,ID-2011-23992,2011-12-26,2011-12-26,Same Day,GA-14725,Guy Armstrong,Consumer,Jambi,Jambi,Indonesia,APAC,Southeast Asia,FUR-CH-10004810,Furniture,Chairs,"Hon Swivel Stool, Set of Two",242.214,2,0.27,-19.926000000000016,26.37,Medium
22605,ID-2013-19666,2013-07-11,2013-07-17,Standard Class,SV-20785,Stewart Visinsky,Consumer,Jakarta,Jakarta,Indonesia,APAC,Southeast Asia,TEC-AC-10000269,Technology,Accessories,"Memorex Numeric Keypad, USB",319.20840000000004,14,0.47000000000000003,-186.89160000000004,26.31,Medium
23493,ID-2013-11091,2013-05-14,2013-05-19,Standard Class,ML-17410,Maris LaWare,Consumer,Yogyakarta,Yogyakarta,Indonesia,APAC,Southeast Asia,OFF-ST-10003295,Office Supplies,Storage,"Tenex Lockers, Blue",169.44449999999998,1,0.17,18.364500000000007,26.3,High
28413,IN-2011-28346,2011-11-03,2011-11-07,Standard Class,SW-20455,Shaun Weien,Consumer,Medan,Sumatera Utara,Indonesia,APAC,Southeast Asia,TEC-PH-10003546,Technology,Phones,"Apple Signal Booster, with Caller ID",226.839,2,0.17,21.818999999999996,26.24,High
29470,ID-2014-34254,2014-11-04,2014-11-11,Standard Class,BF-11170,Ben Ferrer,Home Office,Surabaya,Jawa Timur,Indonesia,APAC,Southeast Asia,FUR-BO-10004541,Furniture,Bookcases,"Dania Library with Doors, Mobile",678.7512,2,0.07,72.9312,26.09,Medium
29561,ID-2013-35584,2013-06-17,2013-06-21,Standard Class,KD-16495,Keith Dawkins,Corporate,Kendari,Sulawesi Tenggara,Indonesia,APAC,Southeast Asia,OFF-ST-10003964,Office Supplies,Storage,"Fellowes Lockers, Industrial",689.9291999999999,4,0.17,-41.5908,26.07,Medium
29430,ID-2013-55961,2013-03-28,2013-03-31,First Class,PW-19240,Pierre Wener,Consumer,Jakarta,Jakarta,Indonesia,APAC,Southeast Asia,OFF-SU-10004696,Office Supplies,Supplies,"Acme Shears, Easy Grip",136.58100000000002,5,0.47000000000000003,-95.469,26.06,High
21838,ID-2012-31426,2012-02-16,2012-02-20,Standard Class,GR-14560,Georgia Rosenberg,Corporate,Jakarta,Jakarta,Indonesia,APAC,Southeast Asia,TEC-CO-10000560,Technology,Copiers,"Hewlett Ink, High-Speed",273.1968,2,0.07,-14.743200000000002,25.98,Medium
29755,ID-2013-27856,2013-12-09,2013-12-13,Standard Class,EH-14185,Evan Henry,Consumer,Bogor,Jawa Barat,Indonesia,APAC,Southeast Asia,FUR-CH-10002117,Furniture,Chairs,"Hon Steel Folding Chair, Red",297.183,5,0.27,44.73299999999999,25.81,Medium
20947,ID-2013-53084,2013-07-22,2013-07-25,Second Class,TH-21100,Thea Hendricks,Consumer,Surabaya,Jawa Timur,Indonesia,APAC,Southeast Asia,TEC-CO-10000825,Technology,Copiers,"Brother Ink, Color",691.6410000000001,5,0.07,-15.009000000000007,25.8,High
30131,ID-2013-72397,2013-04-01,2013-04-07,Standard Class,EM-14065,Erin Mull,Consumer,Jakarta,Jakarta,Indonesia,APAC,Southeast Asia,FUR-CH-10004339,Furniture,Chairs,"SAFCO Steel Folding Chair, Red",375.4098,6,0.27,-36.07020000000003,25.79,Medium
23969,ID-2014-24293,2014-10-22,2014-10-26,Standard Class,DB-13060,Dave Brooks,Consumer,Bandung,Jawa Barat,Indonesia,APAC,Southeast Asia,TEC-PH-10004760,Technology,Phones,"Samsung Office Telephone, with Caller ID",162.3978,3,0.17,-23.5422,25.75,High
27365,IN-2012-13198,2012-10-27,2012-10-29,First Class,JK-15730,Joe Kamberova,Consumer,Bandung,Jawa Barat,Indonesia,APAC,Southeast Asia,TEC-PH-10004664,Technology,Phones,"Nokia Smart Phone, with Caller ID",4242.3624,8,0.17,459.96239999999966,25.704000000000004,High
22957,IN-2012-26883,2012-12-11,2012-12-15,Standard Class,JW-15220,Jane Waco,Corporate,Manado,Sulawesi Utara,Indonesia,APAC,Southeast Asia,TEC-CO-10003777,Technology,Copiers,"Hewlett Copy Machine, Color",730.6173,3,0.07,102.05729999999997,25.65,High
22801,IN-2014-78151,2014-12-11,2014-12-16,Standard Class,NH-18610,Nicole Hansen,Corporate,Jakarta,Jakarta,Indonesia,APAC,Southeast Asia,OFF-ST-10000007,Office Supplies,Storage,"Fellowes File Cart, Single Width",455.9688,4,0.17,181.28879999999998,25.54,Medium
28097,ID-2013-30201,2013-12-28,2014-01-02,Standard Class,VW-21775,Victoria Wilson,Corporate,Pematangsiantar,Sumatera Utara,Indonesia,APAC,Southeast Asia,OFF-ST-10003020,Office Supplies,Storage,"Tenex Lockers, Industrial",339.6858,2,0.17,32.72580000000001,25.49,Medium
27494,ID-2013-23355,2013-01-24,2013-01-27,Second Class,MR-17545,Mathew Reese,Home Office,Bandung,Jawa Barat,Indonesia,APAC,Southeast Asia,OFF-AR-10002681,Office Supplies,Art,"Boston Sketch Pad, Fluorescent",218.3868,6,0.27,-12.013200000000012,25.48,Medium
21485,ID-2014-11826,2014-12-17,2014-12-20,Second Class,TP-21565,Tracy Poddar,Corporate,Surakarta,Jawa Tengah,Indonesia,APAC,Southeast Asia,OFF-AP-10000900,Office Supplies,Appliances,"Cuisinart Coffee Grinder, White",152.5125,5,0.17,-18.487500000000004,25.47,High
22126,IN-2013-61288,2013-07-16,2013-07-20,Standard Class,FW-14395,Fred Wasserman,Corporate,Surabaya,Jawa Timur,Indonesia,APAC,Southeast Asia,TEC-MA-10002459,Technology,Machines,"StarTech Printer, White",422.60280000000006,2,0.17,10.162799999999976,25.47,Medium
29551,IN-2014-44257,2014-04-16,2014-04-18,Second Class,SV-20785,Stewart Visinsky,Consumer,Medan,Sumatera Utara,Indonesia,APAC,Southeast Asia,OFF-BI-10002562,Office Supplies,Binders,"Ibico Binding Machine, Durable",263.5416,6,0.17,76.1616,25.41,High
24538,IN-2013-22823,2013-08-02,2013-08-06,Standard Class,KW-16435,Katrina Willman,Consumer,Surabaya,Jawa Timur,Indonesia,APAC,Southeast Asia,FUR-CH-10003581,Furniture,Chairs,"Hon Executive Leather Armchair, Adjustable",663.8765999999998,2,0.27,81.81660000000005,25.4,Medium
23332,ID-2011-41583,2011-11-25,2011-11-29,Standard Class,VG-21805,Vivek Grady,Corporate,Bogor,Jawa Barat,Indonesia,APAC,Southeast Asia,TEC-MA-10000354,Technology,Machines,"StarTech Calculator, Wireless",232.16760000000002,7,0.17,-8.492400000000004,25.35,High
24908,IN-2014-23663,2014-02-07,2014-02-11,Standard Class,BT-11485,Brad Thomas,Home Office,Yogyakarta,Yogyakarta,Indonesia,APAC,Southeast Asia,TEC-PH-10003613,Technology,Phones,"Apple Signal Booster, VoIP",340.48260000000005,3,0.17,12.252599999999987,25.35,Medium
26235,IN-2014-51635,2014-01-22,2014-01-22,Same Day,JK-15625,Jim Karlsson,Consumer,Jakarta,Jakarta,Indonesia,APAC,Southeast Asia,TEC-CO-10001674,Technology,Copiers,"Sharp Personal Copier, Color",112.9392,1,0.07,37.6392,25.04,High
23353,IN-2011-76842,2011-04-13,2011-04-17,Standard Class,SV-20785,Stewart Visinsky,Consumer,Surabaya,Jawa Timur,Indonesia,APAC,Southeast Asia,TEC-CO-10002587,Technology,Copiers,"Sharp Fax and Copier, Laser",470.3939999999999,3,0.07,202.284,24.86,Medium
22708,ID-2012-40064,2012-08-27,2012-09-02,Standard Class,MD-17350,Maribeth Dona,Consumer,Depok,Yogyakarta,Indonesia,APAC,Southeast Asia,TEC-MA-10003553,Technology,Machines,"Epson Printer, Red",431.21819999999997,2,0.17,-41.581799999999994,24.68,Medium
23107,ID-2013-76849,2013-05-15,2013-05-17,Second Class,MZ-17515,Mary Zewe,Corporate,Balikpapan,Kalimantan Timur,Indonesia,APAC,Southeast Asia,FUR-FU-10003414,Furniture,Furnishings,"Tenex Clock, Duo Pack",220.3578,6,0.27,36.21779999999998,24.62,High
25791,IN-2012-11217,2012-08-07,2012-08-09,First Class,DK-12985,Darren Koutras,Consumer,Medan,Sumatera Utara,Indonesia,APAC,Southeast Asia,TEC-PH-10001321,Technology,Phones,"Cisco Speaker Phone, Full Size",348.0272999999999,3,0.17,16.737299999999976,24.6,Medium
24584,IN-2014-16061,2014-10-14,2014-10-19,Standard Class,BT-11485,Brad Thomas,Home Office,Balikpapan,Kalimantan Timur,Indonesia,APAC,Southeast Asia,OFF-ST-10001567,Office Supplies,Storage,"Smead File Cart, Single Width",213.19379999999995,2,0.17,64.21379999999999,24.54,High
24128,IN-2012-20765,2012-10-29,2012-11-03,Standard Class,CH-12070,Cathy Hwang,Home Office,Jakarta,Jakarta,Indonesia,APAC,Southeast Asia,TEC-PH-10004714,Technology,Phones,"Motorola Office Telephone, VoIP",119.27099999999999,2,0.17,38.75099999999999,24.4,High
24798,ID-2014-26001,2014-10-01,2014-10-05,Standard Class,BT-11530,Bradley Talbott,Home Office,Jakarta,Jakarta,Indonesia,APAC,Southeast Asia,TEC-PH-10001921,Technology,Phones,"Nokia Signal Booster, with Caller ID",339.885,3,0.17,-24.61500000000001,24.26,Medium
22826,IN-2014-76205,2014-12-01,2014-12-06,Standard Class,KB-16405,Katrina Bavinger,Home Office,Palembang,Sumatera Selatan,Indonesia,APAC,Southeast Asia,OFF-ST-10003206,Office Supplies,Storage,"Eldon Shelving, Blue",321.5088,8,0.17,116.06880000000001,24.06,Medium
24679,IN-2011-30719,2011-12-16,2011-12-19,Second Class,BF-11020,Barry Französisch,Corporate,Depok,Jawa Barat,Indonesia,APAC,Southeast Asia,OFF-BI-10000621,Office Supplies,Binders,"Ibico 3-Hole Punch, Economy",101.09400000000001,4,0.17,38.934,23.94,Critical
29530,IN-2013-16712,2013-10-22,2013-10-24,Second Class,JL-15175,James Lanier,Home Office,Kendari,Sulawesi Tenggara,Indonesia,APAC,Southeast Asia,TEC-PH-10003546,Technology,Phones,"Apple Signal Booster, with Caller ID",226.839,2,0.17,21.818999999999996,23.91,High
26650,IN-2014-23894,2014-04-02,2014-04-05,Second Class,LP-17095,Liz Preis,Consumer,Jakarta,Jakarta,Indonesia,APAC,Southeast Asia,TEC-AC-10004938,Technology,Accessories,"Belkin Mouse, Bluetooth",86.3052,4,0.47000000000000003,-53.854800000000004,23.8,Critical
29611,ID-2014-62856,2014-07-29,2014-08-02,Second Class,BP-11290,Beth Paige,Consumer,Bekasi,Jawa Barat,Indonesia,APAC,Southeast Asia,TEC-MA-10003624,Technology,Machines,"StarTech Inkjet, Wireless",1252.3455000000001,5,0.17,437.5454999999999,23.67,Medium
29625,ID-2012-39903,2012-01-02,2012-01-06,Standard Class,JS-15595,Jill Stevenson,Corporate,Medan,Sumatera Utara,Indonesia,APAC,Southeast Asia,TEC-CO-10000679,Technology,Copiers,"Hewlett Personal Copier, High-Speed",264.9941999999999,2,0.07,-17.125799999999998,23.62,High
25913,IN-2011-39308,2011-01-11,2011-01-18,Standard Class,DF-13135,David Flashing,Consumer,Bekasi,Jawa Barat,Indonesia,APAC,Southeast Asia,OFF-AR-10003613,Office Supplies,Art,"Sanford Canvas, Easy-Erase",333.6903,9,0.27,13.470300000000009,23.56,Medium
23150,IN-2012-42479,2012-12-03,2012-12-05,Second Class,VD-21670,Valerie Dominguez,Consumer,Jakarta,Jakarta,Indonesia,APAC,Southeast Asia,TEC-PH-10003823,Technology,Phones,"Apple Headset, Full Size",123.75299999999999,2,0.17,32.793,23.5,High
25265,ID-2012-36977,2012-06-13,2012-06-18,Standard Class,RE-19450,Richard Eichhorn,Consumer,Jakarta,Jakarta,Indonesia,APAC,Southeast Asia,TEC-CO-10002283,Technology,Copiers,"Brother Copy Machine, Color",484.5114,2,0.07,151.0314,23.47,Medium
26648,IN-2014-23894,2014-04-02,2014-04-05,Second Class,LP-17095,Liz Preis,Consumer,Jakarta,Jakarta,Indonesia,APAC,Southeast Asia,OFF-AR-10000578,Office Supplies,Art,"BIC Pencil Sharpener, Fluorescent",110.48549999999999,5,0.27,-30.3645,23.39,Critical
30053,ID-2013-72362,2013-06-04,2013-06-09,Standard Class,CS-11845,Cari Sayre,Corporate,Pekanbaru,Riau,Indonesia,APAC,Southeast Asia,TEC-AC-10002601,Technology,Accessories,"SanDisk Router, Bluetooth",271.731,2,0.47000000000000003,-61.56900000000002,23.04,Medium
26665,ID-2011-39721,2011-05-12,2011-05-17,Standard Class,PB-19210,Phillip Breyer,Corporate,Medan,Sumatera Utara,Indonesia,APAC,Southeast Asia,TEC-MA-10004533,Technology,Machines,"Konica Receipt Printer, Durable",609.4026000000001,6,0.17,65.98259999999996,22.84,Medium
21160,IN-2011-74070,2011-06-23,2011-06-25,First Class,CA-12265,Christina Anderson,Consumer,Semarang,Jawa Tengah,Indonesia,APAC,Southeast Asia,FUR-FU-10003939,Furniture,Furnishings,"Tenex Photo Frame, Duo Pack",151.548,4,0.27,18.587999999999994,22.6,Medium
21591,ID-2013-54036,2013-08-31,2013-09-04,Standard Class,CL-11890,Carl Ludwig,Consumer,Semarang,Jawa Tengah,Indonesia,APAC,Southeast Asia,TEC-CO-10000452,Technology,Copiers,"HP Copy Machine, Laser",1584.0782999999997,7,0.07,-102.2217,22.59,Medium
25615,IN-2011-34191,2011-03-23,2011-03-26,First Class,TS-21505,Tony Sayre,Consumer,Jakarta,Jakarta,Indonesia,APAC,Southeast Asia,TEC-CO-10001407,Technology,Copiers,"Canon Ink, Digital",136.51469999999998,1,0.07,26.414699999999996,22.55,High
28904,ID-2013-52594,2013-04-10,2013-04-16,Standard Class,SJ-20215,Sarah Jordon,Consumer,Medan,Sumatera Utara,Indonesia,APAC,Southeast Asia,TEC-PH-10001535,Technology,Phones,"Nokia Speaker Phone, Cordless",313.74,3,0.17,15.11999999999999,22.5,Medium
25742,ID-2011-35045,2011-07-31,2011-08-03,First Class,RP-19270,Rachel Payne,Corporate,Jakarta,Jakarta,Indonesia,APAC,Southeast Asia,FUR-FU-10002699,Furniture,Furnishings,"Eldon Photo Frame, Erganomic",82.8258,2,0.27,-2.314200000000003,22.47,Critical
24639,ID-2013-61736,2013-12-02,2013-12-05,First Class,PC-19000,Pauline Chand,Home Office,Manado,Sulawesi Utara,Indonesia,APAC,Southeast Asia,OFF-ST-10001719,Office Supplies,Storage,"Tenex Trays, Industrial",136.17809999999997,3,0.17,-23.0319,22.45,Critical
27021,IN-2014-74588,2014-10-20,2014-10-24,Standard Class,OT-18730,Olvera Toch,Consumer,Bandung,Jawa Barat,Indonesia,APAC,Southeast Asia,FUR-CH-10004447,Furniture,Chairs,"Harbour Creations Rocking Chair, Set of Two",436.0727999999999,4,0.27,-149.4072,22.42,Medium
29400,ID-2012-59181,2012-07-24,2012-07-26,First Class,HA-14920,Helen Andreada,Consumer,Depok,Jawa Barat,Indonesia,APAC,Southeast Asia,OFF-AP-10002017,Office Supplies,Appliances,"Cuisinart Blender, Red",166.80510000000004,3,0.17,1.9250999999999863,22.39,High
21735,ID-2014-43690,2014-05-25,2014-05-29,Standard Class,LS-16945,Linda Southworth,Corporate,Samarinda,Kalimantan Timur,Indonesia,APAC,Southeast Asia,OFF-ST-10003411,Office Supplies,Storage,"Eldon Trays, Wire Frame",156.1728,4,0.17,-3.7871999999999986,22.23,High
24823,ID-2012-43921,2012-09-08,2012-09-15,Standard Class,RH-19555,Ritsa Hightower,Consumer,Semarang,Jawa Tengah,Indonesia,APAC,Southeast Asia,TEC-PH-10003491,Technology,Phones,"Samsung Office Telephone, Full Size",662.4395999999999,12,0.17,-71.96039999999999,22.08,Medium
22887,IN-2013-11168,2013-12-16,2013-12-23,Standard Class,CM-12160,Charles McCrossin,Consumer,Balikpapan,Kalimantan Timur,Indonesia,APAC,Southeast Asia,TEC-PH-10004655,Technology,Phones,"Apple Speaker Phone, Cordless",418.818,4,0.17,40.337999999999994,22.02,Medium
24181,ID-2012-67707,2012-04-16,2012-04-22,Standard Class,SC-20800,Stuart Calhoun,Consumer,Surakarta,Jawa Tengah,Indonesia,APAC,Southeast Asia,OFF-ST-10004703,Office Supplies,Storage,"Tenex Folders, Single Width",154.38,8,0.17,5.580000000000002,21.99,Low
29334,IN-2011-56878,2011-11-14,2011-11-21,Standard Class,EB-14110,Eugene Barchas,Consumer,Jakarta,Jakarta,Indonesia,APAC,Southeast Asia,FUR-BO-10000210,Furniture,Bookcases,"Ikea Library with Doors, Pine",1356.8328,4,0.07,335.51279999999997,21.96,Medium
25046,IN-2013-68708,2013-05-29,2013-06-02,Standard Class,AC-10450,Amy Cox,Consumer,Palu,Sulawesi Tengah,Indonesia,APAC,Southeast Asia,FUR-BO-10001679,Furniture,Bookcases,"Ikea 3-Shelf Cabinet, Traditional",264.9384,2,0.07,99.69840000000002,21.66,Medium
28354,IN-2014-77920,2014-06-17,2014-06-18,First Class,SC-20020,Sam Craven,Consumer,Medan,Sumatera Utara,Indonesia,APAC,Southeast Asia,OFF-SU-10003592,Office Supplies,Supplies,"Acme Ruler, High Speed",88.56300000000002,10,0.47000000000000003,-71.93700000000001,21.66,High
22795,ID-2013-30915,2013-06-10,2013-06-16,Standard Class,TB-21520,Tracy Blumstein,Consumer,Samarinda,Kalimantan Timur,Indonesia,APAC,Southeast Asia,TEC-MA-10002680,Technology,Machines,"Konica Inkjet, White",515.5794000000001,2,0.17,37.25939999999997,21.6,Medium
23137,ID-2012-15641,2012-09-05,2012-09-10,Standard Class,SW-20455,Shaun Weien,Consumer,Medan,Sumatera Utara,Indonesia,APAC,Southeast Asia,OFF-BI-10002881,Office Supplies,Binders,"Wilson Jones Binding Machine, Economy",243.82080000000002,6,0.17,-44.1792,21.58,Medium
22875,ID-2014-20114,2014-08-18,2014-08-22,Second Class,TB-21520,Tracy Blumstein,Consumer,Semarang,Jawa Tengah,Indonesia,APAC,Southeast Asia,OFF-AR-10002417,Office Supplies,Art,"Boston Sketch Pad, Water Color",264.5958,7,0.27,-58.17420000000001,21.56,Medium
30256,IN-2013-43522,2013-10-07,2013-10-08,First Class,CC-12685,Craig Carroll,Consumer,Dumai,Riau,Indonesia,APAC,Southeast Asia,FUR-CH-10002207,Furniture,Chairs,"Hon Chairmat, Set of Two",126.5382,3,0.27,29.42820000000001,21.53,Critical
23924,ID-2013-50487,2013-11-01,2013-11-07,Standard Class,CS-12250,Chris Selesnick,Corporate,Jakarta,Jakarta,Indonesia,APAC,Southeast Asia,FUR-CH-10003551,Furniture,Chairs,"Hon Swivel Stool, Black",470.76240000000007,4,0.27,135.36239999999998,21.49,Medium
24735,IN-2012-64116,2012-11-20,2012-11-20,Same Day,AR-10345,Alex Russell,Corporate,Jakarta,Jakarta,Indonesia,APAC,Southeast Asia,FUR-BO-10003549,Furniture,Bookcases,"Sauder Floating Shelf Set, Metal",180.4572,1,0.07,15.517199999999995,21.48,High
26512,ID-2013-24643,2013-05-03,2013-05-07,Standard Class,PR-18880,Patrick Ryan,Consumer,Surabaya,Jawa Timur,Indonesia,APAC,Southeast Asia,OFF-AP-10002239,Office Supplies,Appliances,"Hoover Toaster, White",203.63219999999998,3,0.17,36.77220000000001,21.33,High
26661,ID-2011-39721,2011-05-12,2011-05-17,Standard Class,PB-19210,Phillip Breyer,Corporate,Medan,Sumatera Utara,Indonesia,APAC,Southeast Asia,FUR-TA-10003222,Furniture,Tables,"Barricks Wood Table, with Bottom Storage",273.97290000000004,1,0.47000000000000003,-139.57710000000006,21.33,Medium
21977,IN-2012-32175,2012-05-07,2012-05-13,Standard Class,EB-14110,Eugene Barchas,Consumer,Depok,Yogyakarta,Indonesia,APAC,Southeast Asia,FUR-FU-10004509,Furniture,Furnishings,"Advantus Door Stop, Duo Pack",197.49419999999998,6,0.27,5.254199999999997,21.22,Medium
30134,ID-2011-38832,2011-01-15,2011-01-15,Same Day,MC-18100,Mick Crebagga,Consumer,Denpasar,Bali,Indonesia,APAC,Southeast Asia,OFF-AR-10000989,Office Supplies,Art,"Binney & Smith Canvas, Blue",149.97119999999998,4,0.27,-49.3488,21.15,Critical
30135,ID-2011-38832,2011-01-15,2011-01-15,Same Day,MC-18100,Mick Crebagga,Consumer,Denpasar,Bali,Indonesia,APAC,Southeast Asia,OFF-AR-10000251,Office Supplies,Art,"Stanley Markers, Fluorescent",51.377399999999994,3,0.27,-0.012599999999999056,21.13,Critical
29053,ID-2012-38503,2012-03-15,2012-03-15,Same Day,EM-13960,Eric Murdock,Consumer,Denpasar,Bali,Indonesia,APAC,Southeast Asia,TEC-MA-10004424,Technology,Machines,"Panasonic Phone, Durable",282.0672,4,0.17,-3.4128000000000114,21.0,High
29113,ID-2014-15025,2014-08-20,2014-08-26,Standard Class,CC-12430,Chuck Clark,Home Office,Surabaya,Jawa Timur,Indonesia,APAC,Southeast Asia,TEC-PH-10000720,Technology,Phones,"Samsung Audio Dock, Full Size",418.6188,3,0.17,105.86879999999996,20.97,Medium
22053,ID-2013-53007,2013-08-27,2013-08-29,First Class,TS-21340,Toby Swindell,Consumer,Banda Aceh,Aceh,Indonesia,APAC,Southeast Asia,TEC-PH-10003481,Technology,Phones,"Apple Office Telephone, Full Size",110.50619999999998,2,0.17,-1.3338000000000036,20.72,Medium
28561,ID-2013-36662,2013-07-22,2013-07-22,Same Day,TG-21310,Toby Gnade,Consumer,Palu,Sulawesi Tengah,Indonesia,APAC,Southeast Asia,TEC-AC-10001664,Technology,Accessories,"SanDisk Keyboard, USB",129.88710000000003,3,0.47000000000000003,-46.60290000000002,20.65,High
25101,IN-2012-20149,2012-11-30,2012-12-06,Standard Class,MS-17530,MaryBeth Skach,Consumer,Depok,Yogyakarta,Indonesia,APAC,Southeast Asia,TEC-CO-10000594,Technology,Copiers,"Hewlett Fax and Copier, Laser",717.4764,4,0.07,146.5164,20.51,Medium
23454,IN-2014-37033,2014-08-27,2014-08-31,Standard Class,AT-10435,Alyssa Tate,Home Office,Depok,Jawa Barat,Indonesia,APAC,Southeast Asia,OFF-AR-10000660,Office Supplies,Art,"Boston Canvas, Water Color",290.35020000000003,7,0.27,-107.38980000000002,20.49,Medium
28096,ID-2013-30201,2013-12-28,2014-01-02,Standard Class,VW-21775,Victoria Wilson,Corporate,Pematangsiantar,Sumatera Utara,Indonesia,APAC,Southeast Asia,FUR-CH-10003551,Furniture,Chairs,"Hon Swivel Stool, Black",235.38120000000004,2,0.27,67.68119999999999,20.4,Medium
25304,IN-2013-10181,2013-03-26,2013-03-30,Standard Class,BB-10990,Barry Blumstein,Corporate,Jakarta,Jakarta,Indonesia,APAC,Southeast Asia,FUR-CH-10004089,Furniture,Chairs,"Harbour Creations Bag Chairs, Set of Two",93.2502,2,0.27,2.5301999999999936,20.18,High
29591,IN-2014-59048,2014-09-10,2014-09-17,Standard Class,BF-11020,Barry Französisch,Corporate,Jakarta,Jakarta,Indonesia,APAC,Southeast Asia,TEC-CO-10004929,Technology,Copiers,"Canon Personal Copier, Color",268.1748,2,0.07,17.254799999999996,20.16,Low
20391,ID-2011-74721,2011-05-04,2011-05-05,First Class,HG-14845,Harry Greene,Consumer,Yogyakarta,Yogyakarta,Indonesia,APAC,Southeast Asia,OFF-FA-10001010,Office Supplies,Fasteners,"Stockwell Clamps, Metal",82.04400000000001,8,0.47000000000000003,-32.676000000000016,20.1,High
22223,IN-2014-37712,2014-11-14,2014-11-16,Second Class,BK-11260,Berenike Kampe,Consumer,Jakarta,Jakarta,Indonesia,APAC,Southeast Asia,OFF-BI-10002329,Office Supplies,Binders,"Avery 3-Hole Punch, Durable",121.88550000000001,5,0.17,48.385499999999986,20.0,High
24425,IN-2014-39077,2014-07-19,2014-07-23,Standard Class,JK-16120,Julie Kriz,Home Office,Palembang,Sumatera Selatan,Indonesia,APAC,Southeast Asia,FUR-CH-10002932,Furniture,Chairs,"Harbour Creations Rocking Chair, Adjustable",218.38679999999997,2,0.27,-50.8932,19.97,High
26164,IN-2013-78466,2013-02-15,2013-02-18,Second Class,AH-10030,Aaron Hawkins,Corporate,Depok,Yogyakarta,Indonesia,APAC,Southeast Asia,OFF-SU-10001731,Office Supplies,Supplies,"Elite Letter Opener, High Speed",70.755,5,0.47000000000000003,2.6550000000000082,19.96,Critical
22792,ID-2013-30915,2013-06-10,2013-06-16,Standard Class,TB-21520,Tracy Blumstein,Consumer,Samarinda,Kalimantan Timur,Indonesia,APAC,Southeast Asia,TEC-CO-10000269,Technology,Copiers,"HP Ink, Laser",478.76399999999995,4,0.07,-0.036000000000001364,19.93,Medium
22604,ID-2013-19666,2013-07-11,2013-07-17,Standard Class,SV-20785,Stewart Visinsky,Consumer,Jakarta,Jakarta,Indonesia,APAC,Southeast Asia,FUR-FU-10004780,Furniture,Furnishings,"Deflect-O Frame, Duo Pack",321.492,4,0.27,-114.58800000000002,19.92,Medium
23160,ID-2011-37621,2011-06-30,2011-07-02,First Class,PM-19135,Peter McVee,Home Office,Kendari,Sulawesi Tenggara,Indonesia,APAC,Southeast Asia,OFF-AR-10000465,Office Supplies,Art,"Sanford Markers, Blue",67.88999999999999,4,0.27,-8.43,19.88,Critical
29382,IN-2014-17972,2014-03-26,2014-03-29,First Class,AP-10915,Arthur Prichep,Consumer,Jakarta,Jakarta,Indonesia,APAC,Southeast Asia,OFF-AR-10003774,Office Supplies,Art,"Stanley Sketch Pad, Fluorescent",100.06109999999998,3,0.27,19.1511,19.68,Critical
29042,ID-2013-40694,2013-04-19,2013-04-24,Standard Class,FA-14230,Frank Atkinson,Corporate,Jakarta,Jakarta,Indonesia,APAC,Southeast Asia,OFF-AR-10003582,Office Supplies,Art,"BIC Pencil Sharpener, Water Color",140.9922,6,0.27,-42.607800000000005,19.58,High
22352,IN-2011-54575,2011-09-06,2011-09-09,Second Class,SB-20185,Sarah Brown,Consumer,Bandung,Jawa Barat,Indonesia,APAC,Southeast Asia,FUR-CH-10001756,Furniture,Chairs,"Novimex Bag Chairs, Adjustable",282.94800000000004,8,0.27,61.90799999999999,19.4,Medium
27709,ID-2012-69065,2012-08-07,2012-08-13,Standard Class,JC-15775,John Castell,Consumer,Bekasi,Jawa Barat,Indonesia,APAC,Southeast Asia,TEC-CO-10003353,Technology,Copiers,"HP Personal Copier, High-Speed",227.83139999999997,2,0.07,-14.748600000000001,19.4,Medium
27756,ID-2011-50991,2011-04-22,2011-04-26,Standard Class,GT-14635,Grant Thornton,Corporate,Surabaya,Jawa Timur,Indonesia,APAC,Southeast Asia,FUR-FU-10004158,Furniture,Furnishings,"Deflect-O Frame, Black",401.64599999999996,5,0.27,54.99600000000001,19.33,Medium
22800,IN-2014-78151,2014-12-11,2014-12-16,Standard Class,NH-18610,Nicole Hansen,Corporate,Jakarta,Jakarta,Indonesia,APAC,Southeast Asia,TEC-PH-10004402,Technology,Phones,"Cisco Headset, with Caller ID",220.2156,3,0.17,66.3156,19.32,Medium
29756,IN-2014-34422,2014-03-04,2014-03-08,Standard Class,AS-10045,Aaron Smayling,Corporate,Surabaya,Jawa Timur,Indonesia,APAC,Southeast Asia,FUR-BO-10004507,Furniture,Bookcases,"Ikea Corner Shelving, Metal",227.8872,2,0.07,4.867199999999997,19.29,Medium
29982,ID-2012-48100,2012-06-26,2012-06-30,Standard Class,EB-13870,Emily Burns,Consumer,Pematangsiantar,Sumatera Utara,Indonesia,APAC,Southeast Asia,TEC-MA-10001527,Technology,Machines,"Panasonic Calculator, White",202.06349999999998,5,0.17,-7.336499999999994,19.29,High
22464,ID-2014-64039,2014-10-02,2014-10-06,Standard Class,DM-13345,Denise Monton,Corporate,Jakarta,Jakarta,Indonesia,APAC,Southeast Asia,FUR-FU-10003198,Furniture,Furnishings,"Rubbermaid Photo Frame, Erganomic",110.3103,3,0.27,-22.709700000000005,19.24,High
20630,ID-2011-45804,2011-11-23,2011-11-28,Standard Class,PG-18820,Patrick Gardner,Consumer,Pontianak,Kalimantan Barat,Indonesia,APAC,Southeast Asia,FUR-CH-10001138,Furniture,Chairs,"Office Star Swivel Stool, Black",250.40460000000002,2,0.27,47.96459999999996,19.08,Medium
25124,ID-2013-16110,2013-11-30,2013-12-02,Second Class,TB-21250,Tim Brockman,Consumer,Jambi,Jambi,Indonesia,APAC,Southeast Asia,OFF-ST-10001124,Office Supplies,Storage,"Fellowes Trays, Wire Frame",93.72359999999999,2,0.17,-4.5564,19.08,Critical
26165,IN-2013-78466,2013-02-15,2013-02-18,Second Class,AH-10030,Aaron Hawkins,Corporate,Depok,Yogyakarta,Indonesia,APAC,Southeast Asia,FUR-CH-10001695,Furniture,Chairs,"Harbour Creations Chairmat, Set of Two",108.40500000000002,2,0.27,-38.655000000000015,18.98,Critical
26044,ID-2014-59370,2014-08-14,2014-08-19,Standard Class,RO-19780,Rose O'Brian,Consumer,Semarang,Jawa Tengah,Indonesia,APAC,Southeast Asia,TEC-AC-10002335,Technology,Accessories,"Belkin Memory Card, USB",243.84239999999997,4,0.47000000000000003,-202.43759999999997,18.97,Medium
24240,ID-2014-36473,2014-10-24,2014-10-26,First Class,RB-19435,Richard Bierner,Consumer,Depok,Yogyakarta,Indonesia,APAC,Southeast Asia,OFF-AR-10001535,Office Supplies,Art,"Binney & Smith Sketch Pad, Blue",169.068,5,0.27,-39.432,18.93,High
22827,IN-2014-76205,2014-12-01,2014-12-06,Standard Class,KB-16405,Katrina Bavinger,Home Office,Palembang,Sumatera Selatan,Indonesia,APAC,Southeast Asia,OFF-AP-10001559,Office Supplies,Appliances,"KitchenAid Blender, Black",407.862,5,0.17,83.41199999999998,18.82,Medium
24199,IN-2014-14423,2014-10-29,2014-10-30,First Class,DL-12925,Daniel Lacy,Consumer,Kendari,Sulawesi Tenggara,Indonesia,APAC,Southeast Asia,FUR-FU-10002362,Furniture,Furnishings,"Advantus Door Stop, Black",131.4876,4,0.27,25.167600000000007,18.77,High
27137,ID-2012-29039,2012-03-08,2012-03-08,Same Day,AS-10630,Ann Steele,Home Office,Jakarta,Jakarta,Indonesia,APAC,Southeast Asia,OFF-PA-10000383,Office Supplies,Paper,"Green Bar Note Cards, Premium",132.288,8,0.47000000000000003,-104.83200000000001,18.74,High
28545,ID-2013-26400,2013-05-29,2013-06-04,Standard Class,ON-18715,Odella Nelson,Corporate,Medan,Sumatera Utara,Indonesia,APAC,Southeast Asia,FUR-CH-10003822,Furniture,Chairs,"SAFCO Steel Folding Chair, Adjustable",193.158,3,0.27,52.847999999999985,18.74,Medium
22158,ID-2013-56927,2013-09-20,2013-09-25,Second Class,FC-14335,Fred Chung,Corporate,Cirebon,Jawa Barat,Indonesia,APAC,Southeast Asia,OFF-AR-10003554,Office Supplies,Art,"Stanley Canvas, Blue",108.33929999999998,3,0.27,-5.960700000000003,18.73,Medium
24268,ID-2014-35052,2014-08-21,2014-08-28,Standard Class,SH-20635,Stefanie Holloman,Corporate,Surabaya,Jawa Timur,Indonesia,APAC,Southeast Asia,OFF-AR-10003446,Office Supplies,Art,"BIC Highlighters, Water Color",129.1224,8,0.27,-47.757600000000004,18.6,Low
28687,IN-2011-26967,2011-09-05,2011-09-10,Standard Class,BW-11200,Ben Wallace,Consumer,Bekasi,Jawa Barat,Indonesia,APAC,Southeast Asia,TEC-CO-10000679,Technology,Copiers,"Hewlett Personal Copier, High-Speed",264.9941999999999,2,0.07,-17.125799999999998,18.6,Medium
22596,ID-2014-38251,2014-08-27,2014-09-03,Standard Class,JH-15985,Joseph Holt,Consumer,Jakarta,Jakarta,Indonesia,APAC,Southeast Asia,OFF-EN-10004977,Office Supplies,Envelopes,"Jiffy Manila Envelope, Recycled",184.0902,14,0.47000000000000003,-159.88979999999998,18.59,Low
20618,ID-2012-59384,2012-08-10,2012-08-16,Standard Class,LP-17080,Liz Pelletier,Consumer,Jakarta,Jakarta,Indonesia,APAC,Southeast Asia,OFF-ST-10003141,Office Supplies,Storage,"Fellowes Trays, Industrial",192.12839999999997,4,0.17,4.568400000000004,18.47,Medium
23983,ID-2014-17475,2014-03-17,2014-03-22,Second Class,DH-13075,Dave Hallsten,Corporate,Depok,Yogyakarta,Indonesia,APAC,Southeast Asia,OFF-ST-10003295,Office Supplies,Storage,"Tenex Lockers, Blue",169.44449999999998,1,0.17,18.364500000000007,18.3,Medium
26877,ID-2014-77710,2014-08-14,2014-08-18,Second Class,VB-21745,Victoria Brennan,Corporate,Bandung,Jawa Barat,Indonesia,APAC,Southeast Asia,FUR-CH-10002412,Furniture,Chairs,"Hon Bag Chairs, Black",124.74239999999999,4,0.27,-44.4576,18.29,High
29440,ID-2011-22172,2011-06-29,2011-07-01,First Class,FP-14320,Frank Preis,Consumer,Kupang,Nusa Tenggara Timur,Indonesia,APAC,Southeast Asia,TEC-PH-10003481,Technology,Phones,"Apple Office Telephone, Full Size",110.50619999999998,2,0.17,-1.3338000000000036,18.27,Medium
24565,ID-2012-66643,2012-04-26,2012-04-30,Standard Class,PW-19030,Pauline Webber,Corporate,Depok,Yogyakarta,Indonesia,APAC,Southeast Asia,FUR-CH-10003822,Furniture,Chairs,"SAFCO Steel Folding Chair, Adjustable",193.158,3,0.27,52.847999999999985,18.07,Medium
30127,ID-2014-49696,2014-10-20,2014-10-24,Standard Class,DN-13690,Duane Noonan,Consumer,Malang,Jawa Timur,Indonesia,APAC,Southeast Asia,OFF-AR-10003228,Office Supplies,Art,"Stanley Sketch Pad, Blue",259.4712,8,0.27,49.711200000000005,17.89,Medium
22181,ID-2013-39868,2013-01-30,2013-02-04,Standard Class,VB-21745,Victoria Brennan,Corporate,Bandung,Jawa Barat,Indonesia,APAC,Southeast Asia,TEC-CO-10003682,Technology,Copiers,"Sharp Ink, Digital",230.733,2,0.07,14.852999999999994,17.82,Medium
27772,ID-2014-44131,2014-04-03,2014-04-05,Second Class,LS-16975,Lindsay Shagiari,Home Office,Jakarta,Jakarta,Indonesia,APAC,Southeast Asia,OFF-FA-10001621,Office Supplies,Fasteners,"OIC Rubber Bands, Bulk Pack",63.3297,7,0.47000000000000003,-15.630299999999998,17.73,Critical
23754,ID-2012-46882,2012-09-07,2012-09-11,Standard Class,JW-15955,Joni Wasserman,Consumer,Surabaya,Jawa Timur,Indonesia,APAC,Southeast Asia,OFF-ST-10003837,Office Supplies,Storage,"Tenex Lockers, Single Width",508.40819999999985,3,0.17,-18.451799999999977,17.64,Medium
22477,ID-2011-15802,2011-12-21,2011-12-28,Standard Class,DV-13465,Dianna Vittorini,Consumer,Medan,Sumatera Utara,Indonesia,APAC,Southeast Asia,TEC-MA-10003330,Technology,Machines,"Panasonic Receipt Printer, Wireless",301.041,3,0.17,-39.96900000000001,17.61,Medium
25984,IN-2014-73580,2014-05-23,2014-05-25,First Class,LH-17155,Logan Haushalter,Consumer,Jakarta,Jakarta,Indonesia,APAC,Southeast Asia,OFF-ST-10001026,Office Supplies,Storage,"Fellowes Trays, Single Width",142.9758,3,0.17,48.20579999999999,17.46,Medium
25743,ID-2011-35045,2011-07-31,2011-08-03,First Class,RP-19270,Rachel Payne,Corporate,Jakarta,Jakarta,Indonesia,APAC,Southeast Asia,TEC-AC-10001987,Technology,Accessories,"Memorex Numeric Keypad, Bluetooth",72.21780000000001,3,0.47000000000000003,-25.9722,17.42,Critical
27153,ID-2013-64970,2013-11-06,2013-11-10,Standard Class,LM-17065,Liz MacKendrick,Consumer,Mataram,Nusa Tenggara Barat,Indonesia,APAC,Southeast Asia,OFF-SU-10002448,Office Supplies,Supplies,"Stiletto Trimmer, High Speed",158.60250000000005,7,0.47000000000000003,-83.94750000000002,17.36,Medium
24185,ID-2012-67707,2012-04-16,2012-04-22,Standard Class,SC-20800,Stuart Calhoun,Consumer,Surakarta,Jawa Tengah,Indonesia,APAC,Southeast Asia,TEC-MA-10004023,Technology,Machines,"Konica Phone, Wireless",143.0754,2,0.17,51.6954,17.35,Low
21811,ID-2014-75631,2014-06-06,2014-06-08,First Class,DK-12835,Damala Kotsonis,Corporate,Palembang,Sumatera Selatan,Indonesia,APAC,Southeast Asia,OFF-ST-10003445,Office Supplies,Storage,"Rogers Folders, Industrial",181.09769999999997,7,0.17,-30.582299999999996,17.24,High
28447,IN-2014-14850,2014-12-26,2014-12-31,Standard Class,SS-20590,Sonia Sunley,Consumer,Depok,Yogyakarta,Indonesia,APAC,Southeast Asia,OFF-ST-10002650,Office Supplies,Storage,"Fellowes Lockers, Wire Frame",342.62399999999997,2,0.17,61.884,17.23,Medium
26967,ID-2014-79257,2014-10-29,2014-10-31,Second Class,KD-16270,Karen Daniels,Consumer,Bekasi,Jawa Barat,Indonesia,APAC,Southeast Asia,OFF-ST-10001719,Office Supplies,Storage,"Tenex Trays, Industrial",136.17809999999997,3,0.17,-23.0319,17.2,High
25180,ID-2013-57949,2013-06-13,2013-06-13,Same Day,AM-10705,Anne McFarland,Consumer,Medan,Sumatera Utara,Indonesia,APAC,Southeast Asia,OFF-ST-10001752,Office Supplies,Storage,"Tenex Shelving, Wire Frame",89.1918,2,0.17,-0.02820000000000178,17.12,High
21734,ID-2014-43690,2014-05-25,2014-05-29,Standard Class,LS-16945,Linda Southworth,Corporate,Samarinda,Kalimantan Timur,Indonesia,APAC,Southeast Asia,OFF-PA-10002109,Office Supplies,Paper,"SanDisk Message Books, Premium",88.3722,7,0.47000000000000003,-78.3678,17.06,High
27910,IN-2014-19274,2014-11-28,2014-11-29,First Class,DB-13270,Deborah Brumfield,Home Office,Surabaya,Jawa Timur,Indonesia,APAC,Southeast Asia,OFF-BI-10001744,Office Supplies,Binders,"Acco Binding Machine, Economy",169.6188,4,0.17,-12.301200000000005,16.86,Medium
22487,ID-2014-55114,2014-10-13,2014-10-15,First Class,ED-13885,Emily Ducich,Home Office,Medan,Sumatera Utara,Indonesia,APAC,Southeast Asia,OFF-SU-10003473,Office Supplies,Supplies,"Elite Trimmer, Steel",65.30130000000003,3,0.47000000000000003,-8.678700000000006,16.78,High
29443,ID-2011-22172,2011-06-29,2011-07-01,First Class,FP-14320,Frank Preis,Consumer,Kupang,Nusa Tenggara Timur,Indonesia,APAC,Southeast Asia,OFF-AP-10001670,Office Supplies,Appliances,"Hoover Coffee Grinder, White",166.65570000000002,3,0.17,-26.124300000000005,16.78,Medium
23316,ID-2014-64830,2014-02-18,2014-02-21,First Class,CR-12625,Corey Roper,Home Office,Surabaya,Jawa Timur,Indonesia,APAC,Southeast Asia,OFF-AR-10002036,Office Supplies,Art,"Binney & Smith Pencil Sharpener, Fluorescent",155.7528,8,0.27,34.07279999999999,16.71,Medium
26318,ID-2013-70808,2013-12-24,2013-12-28,Standard Class,ED-13885,Emily Ducich,Home Office,Jakarta,Jakarta,Indonesia,APAC,Southeast Asia,OFF-BI-10002881,Office Supplies,Binders,"Wilson Jones Binding Machine, Economy",203.184,5,0.17,-36.816,16.71,High
24390,IN-2011-51523,2011-12-09,2011-12-15,Standard Class,HF-14995,Herbert Flentye,Consumer,Denpasar,Bali,Indonesia,APAC,Southeast Asia,FUR-BO-10002510,Furniture,Bookcases,"Bush 3-Shelf Cabinet, Mobile",271.35540000000003,2,0.07,17.495399999999997,16.64,Medium
21003,IN-2011-31524,2011-11-09,2011-11-16,Standard Class,CC-12670,Craig Carreira,Consumer,Jakarta,Jakarta,Indonesia,APAC,Southeast Asia,OFF-ST-10004228,Office Supplies,Storage,"Tenex Shelving, Industrial",137.2986,3,0.17,23.0886,16.57,Low
24739,IN-2012-64116,2012-11-20,2012-11-20,Same Day,AR-10345,Alex Russell,Corporate,Jakarta,Jakarta,Indonesia,APAC,Southeast Asia,OFF-AR-10001386,Office Supplies,Art,"Sanford Sketch Pad, Easy-Erase",100.1925,3,0.27,27.382499999999993,16.46,High
27136,ID-2012-29039,2012-03-08,2012-03-08,Same Day,AS-10630,Ann Steele,Home Office,Jakarta,Jakarta,Indonesia,APAC,Southeast Asia,FUR-FU-10000714,Furniture,Furnishings,"Tenex Light Bulb, Black",69.0945,5,0.27,-11.455500000000002,16.4,High
28918,ID-2012-25217,2012-04-13,2012-04-17,Standard Class,RA-19915,Russell Applegate,Consumer,Depok,Yogyakarta,Indonesia,APAC,Southeast Asia,TEC-PH-10003652,Technology,Phones,"Motorola Headset, Cordless",205.64909999999998,3,0.17,-27.270899999999994,16.22,Medium
21392,ID-2014-27163,2014-10-27,2014-10-31,Second Class,DV-13045,Darrin Van Huff,Corporate,Manado,Sulawesi Utara,Indonesia,APAC,Southeast Asia,OFF-AP-10001335,Office Supplies,Appliances,"Hoover Toaster, Black",137.8962,2,0.17,18.256199999999996,16.15,High
25983,IN-2013-37796,2013-07-12,2013-07-18,Standard Class,HG-14965,Henry Goldwyn,Corporate,Jakarta,Jakarta,Indonesia,APAC,Southeast Asia,FUR-FU-10004549,Furniture,Furnishings,"Advantus Frame, Erganomic",240.33059999999998,3,0.27,36.210600000000014,16.05,Medium
21752,ID-2011-43480,2011-11-22,2011-11-24,First Class,MS-17980,Michael Stewart,Corporate,Bekasi,Jawa Barat,Indonesia,APAC,Southeast Asia,OFF-EN-10002784,Office Supplies,Envelopes,"Cameo Manila Envelope, Recycled",95.71799999999999,7,0.47000000000000003,-3.6119999999999948,15.95,High
20866,ID-2014-78564,2014-06-21,2014-06-25,Standard Class,KB-16600,Ken Brennan,Corporate,Bandung,Jawa Barat,Indonesia,APAC,Southeast Asia,OFF-BI-10000389,Office Supplies,Binders,"Ibico Binding Machine, Clear",126.69120000000001,3,0.17,-25.948800000000006,15.9,High
22012,ID-2011-77815,2011-09-30,2011-10-02,Second Class,HM-14860,Harry Marie,Corporate,Palembang,Sumatera Selatan,Indonesia,APAC,Southeast Asia,OFF-SU-10002566,Office Supplies,Supplies,"Stiletto Trimmer, Steel",89.35800000000002,4,0.47000000000000003,-8.442000000000007,15.78,High
26808,IN-2014-18084,2014-06-05,2014-06-10,Standard Class,PK-18910,Paul Knutson,Home Office,Depok,Jawa Barat,Indonesia,APAC,Southeast Asia,OFF-EN-10001882,Office Supplies,Envelopes,"Jiffy Manila Envelope, with clear poly window",109.63049999999998,7,0.47000000000000003,4.000500000000002,15.78,High
25912,IN-2011-39308,2011-01-11,2011-01-18,Standard Class,DF-13135,David Flashing,Consumer,Bekasi,Jawa Barat,Indonesia,APAC,Southeast Asia,FUR-FU-10001096,Furniture,Furnishings,"Advantus Clock, Black",187.57350000000002,5,0.27,2.473499999999987,15.77,Medium
25354,ID-2014-39042,2014-06-22,2014-06-27,Standard Class,AR-10405,Allen Rosenblatt,Corporate,Malang,Jawa Timur,Indonesia,APAC,Southeast Asia,OFF-EN-10002119,Office Supplies,Envelopes,"Ames Manila Envelope, Security-Tint",100.50390000000002,7,0.47000000000000003,-3.866100000000017,15.73,High
26285,ID-2014-53784,2014-10-31,2014-11-06,Standard Class,LS-17200,Luke Schmidt,Corporate,Jakarta,Jakarta,Indonesia,APAC,Southeast Asia,FUR-CH-10003097,Furniture,Chairs,"Hon Rocking Chair, Black",280.73609999999996,3,0.27,-15.453900000000004,15.69,Medium
23463,IN-2012-71508,2012-09-28,2012-10-02,Standard Class,JH-15430,Jennifer Halladay,Consumer,Kupang,Nusa Tenggara Timur,Indonesia,APAC,Southeast Asia,TEC-AC-10002533,Technology,Accessories,"Enermax Memory Card, USB",182.214,3,0.47000000000000003,-106.596,15.65,High
24778,IN-2014-41345,2014-11-13,2014-11-18,Standard Class,DV-13045,Darrin Van Huff,Corporate,Pekanbaru,Riau,Indonesia,APAC,Southeast Asia,TEC-PH-10002320,Technology,Phones,"Samsung Speaker Phone, Full Size",310.0797,3,0.17,-44.880300000000005,15.64,Medium
23801,ID-2014-45027,2014-05-10,2014-05-14,Standard Class,KH-16690,Kristen Hastings,Corporate,Jakarta,Jakarta,Indonesia,APAC,Southeast Asia,TEC-PH-10001433,Technology,Phones,"Motorola Headset, Full Size",201.76469999999998,3,0.17,58.30469999999999,15.63,Medium
27307,IN-2013-54820,2013-08-14,2013-08-18,Second Class,LL-16840,Lauren Leatherbury,Consumer,Depok,Yogyakarta,Indonesia,APAC,Southeast Asia,FUR-CH-10001477,Furniture,Chairs,"Novimex Chairmat, Black",118.06289999999998,3,0.27,25.812900000000006,15.63,High
25555,IN-2014-44250,2014-09-29,2014-10-03,Standard Class,RD-19660,Robert Dilbeck,Home Office,Bandung,Jawa Barat,Indonesia,APAC,Southeast Asia,OFF-BI-10001067,Office Supplies,Binders,"Avery Binder, Recycled",99.05219999999998,9,0.17,6.982200000000002,15.58,High
20421,IN-2012-53175,2012-06-18,2012-06-23,Standard Class,BO-11350,Bill Overfelt,Corporate,Semarang,Jawa Tengah,Indonesia,APAC,Southeast Asia,OFF-FA-10002597,Office Supplies,Fasteners,"OIC Clamps, 12 Pack",142.46400000000003,14,0.47000000000000003,-121.29600000000003,15.33,Medium
22354,ID-2011-49710,2011-12-16,2011-12-22,Standard Class,TB-21400,Tom Boeckenhauer,Consumer,Depok,Yogyakarta,Indonesia,APAC,Southeast Asia,TEC-AC-10002719,Technology,Accessories,"Enermax Router, Programmable",275.4198,2,0.47000000000000003,-93.58019999999999,15.13,Medium
21823,IN-2014-17223,2014-08-20,2014-08-23,Second Class,SS-20590,Sonia Sunley,Consumer,Depok,Yogyakarta,Indonesia,APAC,Southeast Asia,FUR-FU-10001933,Furniture,Furnishings,"Tenex Stacking Tray, Black",110.7702,6,0.27,4.390199999999993,15.11,Medium
24456,IN-2013-36235,2013-09-17,2013-09-24,Standard Class,JM-15250,Janet Martin,Consumer,Manado,Sulawesi Utara,Indonesia,APAC,Southeast Asia,FUR-FU-10001674,Furniture,Furnishings,"Deflect-O Clock, Duo Pack",110.3103,3,0.27,27.150299999999987,15.1,Low
23732,ID-2014-50970,2014-05-26,2014-06-01,Standard Class,TM-21010,Tamara Manning,Consumer,Medan,Sumatera Utara,Indonesia,APAC,Southeast Asia,OFF-ST-10002240,Office Supplies,Storage,"Fellowes Shelving, Blue",192.02879999999996,4,0.17,25.348799999999997,15.03,Medium
26816,IN-2013-57284,2013-08-31,2013-09-03,First Class,JH-15910,Jonathan Howell,Consumer,Semarang,Jawa Tengah,Indonesia,APAC,Southeast Asia,OFF-AP-10000490,Office Supplies,Appliances,"Hamilton Beach Coffee Grinder, Silver",72.0606,2,0.17,6.900600000000001,15.01,Medium
26925,IN-2011-26946,2011-03-01,2011-03-06,Standard Class,LH-17155,Logan Haushalter,Consumer,Palembang,Sumatera Selatan,Indonesia,APAC,Southeast Asia,FUR-CH-10001465,Furniture,Chairs,"Hon Swivel Stool, Red",238.929,2,0.27,62.16899999999998,15.01,Medium
28166,ID-2011-46553,2011-09-16,2011-09-16,Same Day,BP-11155,Becky Pak,Consumer,Surabaya,Jawa Timur,Indonesia,APAC,Southeast Asia,TEC-MA-10000354,Technology,Machines,"StarTech Calculator, Wireless",99.50040000000001,3,0.17,-3.6396000000000015,14.96,High
20879,ID-2011-53525,2011-07-29,2011-08-01,First Class,VM-21685,Valerie Mitchum,Home Office,Binjai,Sumatera Utara,Indonesia,APAC,Southeast Asia,TEC-AC-10000896,Technology,Accessories,"Belkin Numeric Keypad, Erganomic",62.805,2,0.47000000000000003,-35.595,14.92,High
28509,ID-2013-18196,2013-10-04,2013-10-11,Standard Class,SS-20590,Sonia Sunley,Consumer,Tasikmalaya,Jawa Barat,Indonesia,APAC,Southeast Asia,FUR-FU-10002699,Furniture,Furnishings,"Eldon Photo Frame, Erganomic",165.6516,4,0.27,-4.628400000000006,14.87,Medium
23012,ID-2012-78207,2012-09-18,2012-09-21,Second Class,AM-10705,Anne McFarland,Consumer,Bandung,Jawa Barat,Indonesia,APAC,Southeast Asia,OFF-PA-10000976,Office Supplies,Paper,"Green Bar Cards & Envelopes, Premium",102.58680000000003,4,0.47000000000000003,-89.05320000000002,14.81,Critical
26529,ID-2013-19540,2013-12-02,2013-12-06,Standard Class,MF-18250,Monica Federle,Corporate,Depok,Yogyakarta,Indonesia,APAC,Southeast Asia,TEC-PH-10000358,Technology,Phones,"Samsung Headset, with Caller ID",182.26799999999997,3,0.17,-22.031999999999996,14.76,Medium
29984,ID-2012-48100,2012-06-26,2012-06-30,Standard Class,EB-13870,Emily Burns,Consumer,Pematangsiantar,Sumatera Utara,Indonesia,APAC,Southeast Asia,OFF-AR-10002681,Office Supplies,Art,"Boston Sketch Pad, Fluorescent",181.98899999999998,5,0.27,-10.01100000000001,14.75,High
21486,ID-2014-11826,2014-12-17,2014-12-20,Second Class,TP-21565,Tracy Poddar,Corporate,Surakarta,Jawa Tengah,Indonesia,APAC,Southeast Asia,FUR-FU-10004509,Furniture,Furnishings,"Advantus Door Stop, Duo Pack",98.74709999999999,3,0.27,2.6270999999999987,14.71,High
21609,ID-2013-30103,2013-05-09,2013-05-11,First Class,MS-17830,Melanie Seite,Consumer,Bandung,Jawa Barat,Indonesia,APAC,Southeast Asia,OFF-BI-10001645,Office Supplies,Binders,"Ibico Binding Machine, Recycled",85.95479999999999,2,0.17,-7.2852,14.7,Critical
21449,ID-2013-72915,2013-09-10,2013-09-15,Standard Class,DF-13135,David Flashing,Consumer,Surabaya,Jawa Timur,Indonesia,APAC,Southeast Asia,TEC-PH-10004655,Technology,Phones,"Apple Speaker Phone, Cordless",314.1135,3,0.17,30.253500000000003,14.63,Medium
21741,IN-2014-14878,2014-08-22,2014-08-26,Standard Class,MV-17485,Mark Van Huff,Consumer,Bandung,Jawa Barat,Indonesia,APAC,Southeast Asia,OFF-AP-10001254,Office Supplies,Appliances,"KitchenAid Coffee Grinder, Red",175.4703,3,0.17,46.500299999999996,14.63,Medium
26926,IN-2011-26946,2011-03-01,2011-03-06,Standard Class,LH-17155,Logan Haushalter,Consumer,Palembang,Sumatera Selatan,Indonesia,APAC,Southeast Asia,OFF-EN-10004495,Office Supplies,Envelopes,"Kraft Peel and Seal, Security-Tint",109.1853,9,0.47000000000000003,-74.41470000000001,14.58,Medium
27913,IN-2014-19274,2014-11-28,2014-11-29,First Class,DB-13270,Deborah Brumfield,Home Office,Surabaya,Jawa Timur,Indonesia,APAC,Southeast Asia,FUR-FU-10001343,Furniture,Furnishings,"Eldon Stacking Tray, Erganomic",87.95040000000002,4,0.27,-7.329600000000006,14.5,Medium
20406,IN-2013-72859,2013-05-16,2013-05-20,Standard Class,LC-17050,Liz Carlisle,Consumer,Jambi,Jambi,Indonesia,APAC,Southeast Asia,OFF-BI-10000089,Office Supplies,Binders,"Wilson Jones 3-Hole Punch, Recycled",164.7135,7,0.17,63.4935,14.48,High
23987,ID-2014-17475,2014-03-17,2014-03-22,Second Class,DH-13075,Dave Hallsten,Corporate,Depok,Yogyakarta,Indonesia,APAC,Southeast Asia,OFF-ST-10000220,Office Supplies,Storage,"Rogers Shelving, Industrial",155.89889999999997,3,0.17,1.8189000000000028,14.34,Medium
27434,ID-2013-17377,2013-07-19,2013-07-23,Standard Class,MT-18070,Michelle Tran,Home Office,Jakarta,Jakarta,Indonesia,APAC,Southeast Asia,FUR-CH-10002890,Furniture,Chairs,"Office Star Chairmat, Adjustable",99.7326,2,0.27,-24.647400000000005,14.31,High
29000,ID-2014-13604,2014-06-07,2014-06-12,Second Class,SC-20770,Stewart Carmichael,Corporate,Surabaya,Jawa Timur,Indonesia,APAC,Southeast Asia,TEC-AC-10000051,Technology,Accessories,"Logitech Memory Card, USB",109.8054,2,0.47000000000000003,-53.874600000000015,14.28,Medium
28874,IN-2014-37551,2014-12-25,2014-12-29,Standard Class,DJ-13510,Don Jones,Corporate,Surabaya,Jawa Timur,Indonesia,APAC,Southeast Asia,FUR-FU-10002362,Furniture,Furnishings,"Advantus Door Stop, Black",230.1033,7,0.27,44.04330000000003,14.24,Medium
20451,IN-2014-17489,2014-12-22,2014-12-26,Standard Class,DF-13135,David Flashing,Consumer,Jember,Jawa Timur,Indonesia,APAC,Southeast Asia,OFF-BI-10004651,Office Supplies,Binders,"Cardinal Binding Machine, Clear",163.44360000000003,4,0.17,57.00359999999999,14.21,Medium
26327,ID-2012-79586,2012-11-17,2012-11-23,Standard Class,SE-20110,Sanjit Engle,Consumer,Semarang,Jawa Tengah,Indonesia,APAC,Southeast Asia,FUR-CH-10004196,Furniture,Chairs,"Novimex Swivel Stool, Red",720.3348000000001,6,0.27,-19.825200000000052,14.21,Medium
21607,ID-2013-30103,2013-05-09,2013-05-11,First Class,MS-17830,Melanie Seite,Consumer,Bandung,Jawa Barat,Indonesia,APAC,Southeast Asia,OFF-ST-10002791,Office Supplies,Storage,"Tenex Shelving, Blue",45.367799999999995,1,0.17,-9.2922,14.14,Critical
23462,IN-2012-71508,2012-09-28,2012-10-02,Standard Class,JH-15430,Jennifer Halladay,Consumer,Kupang,Nusa Tenggara Timur,Indonesia,APAC,Southeast Asia,FUR-FU-10003605,Furniture,Furnishings,"Eldon Light Bulb, Durable",97.36739999999999,6,0.27,23.9274,13.97,High
22643,IN-2014-46084,2014-10-10,2014-10-16,Standard Class,PF-19225,Phillip Flathmann,Consumer,Medan,Sumatera Utara,Indonesia,APAC,Southeast Asia,TEC-CO-10003901,Technology,Copiers,"HP Copy Machine, Color",449.9153999999999,2,0.07,203.1354,13.94,Medium
23696,IN-2011-37880,2011-08-18,2011-08-23,Standard Class,RB-19360,Raymond Buch,Consumer,Samarinda,Kalimantan Timur,Indonesia,APAC,Southeast Asia,TEC-AC-10003034,Technology,Accessories,"Belkin Keyboard, Erganomic",346.36560000000003,8,0.47000000000000003,6.525599999999997,13.89,Medium
21847,ID-2014-51642,2014-12-29,2015-01-04,Standard Class,AR-10570,Anemone Ratner,Consumer,Surakarta,Jawa Tengah,Indonesia,APAC,Southeast Asia,OFF-AP-10003860,Office Supplies,Appliances,"KitchenAid Blender, Black",161.00339999999997,2,0.17,32.9634,13.87,Medium
26509,ID-2013-24643,2013-05-03,2013-05-07,Standard Class,PR-18880,Patrick Ryan,Consumer,Surabaya,Jawa Timur,Indonesia,APAC,Southeast Asia,OFF-AR-10003957,Office Supplies,Art,"Stanley Canvas, Fluorescent",185.16450000000003,5,0.27,-2.6355000000000217,13.87,High
29275,ID-2012-73153,2012-09-20,2012-09-26,Standard Class,JK-15640,Jim Kriz,Home Office,Padang,Sumatera Barat,Indonesia,APAC,Southeast Asia,OFF-AR-10001773,Office Supplies,Art,"Sanford Markers, Water Color",135.05729999999997,7,0.27,-9.422699999999992,13.68,Medium
28398,ID-2013-65369,2013-06-07,2013-06-13,Standard Class,LB-16735,Larry Blacks,Consumer,Banjarmasin,Kalimantan Selatan,Indonesia,APAC,Southeast Asia,OFF-ST-10003306,Office Supplies,Storage,"Eldon File Cart, Single Width",213.0942,2,0.17,-18.025800000000004,13.62,Medium
22773,IN-2014-78228,2014-12-31,2015-01-06,Standard Class,MH-17785,Maya Herman,Corporate,Surabaya,Jawa Timur,Indonesia,APAC,Southeast Asia,TEC-PH-10004402,Technology,Phones,"Cisco Headset, with Caller ID",293.6208,4,0.17,88.4208,13.57,Medium
28922,ID-2013-22445,2013-06-13,2013-06-15,First Class,AB-10600,Ann Blume,Corporate,Banjarmasin,Kalimantan Selatan,Indonesia,APAC,Southeast Asia,OFF-PA-10002811,Office Supplies,Paper,"Green Bar Message Books, 8.5 x 11",44.4087,3,0.47000000000000003,-30.201300000000003,13.56,Critical
25388,IN-2014-41212,2014-06-18,2014-06-21,First Class,JG-15805,John Grady,Corporate,Medan,Sumatera Utara,Indonesia,APAC,Southeast Asia,OFF-AR-10004900,Office Supplies,Art,"Boston Canvas, Easy-Erase",118.06289999999998,3,0.27,-12.977099999999997,13.54,Medium
29378,ID-2012-70857,2012-12-12,2012-12-13,First Class,KT-16480,Kean Thornton,Consumer,Bandung,Jawa Barat,Indonesia,APAC,Southeast Asia,OFF-FA-10001304,Office Supplies,Fasteners,"Stockwell Push Pins, Assorted Sizes",36.3474,6,0.47000000000000003,-15.852600000000006,13.45,Critical
21822,IN-2014-17223,2014-08-20,2014-08-23,Second Class,SS-20590,Sonia Sunley,Consumer,Depok,Yogyakarta,Indonesia,APAC,Southeast Asia,OFF-EN-10000947,Office Supplies,Envelopes,"GlobeWeis Mailers, Security-Tint",130.221,6,0.47000000000000003,-14.85899999999998,13.4,Medium
26031,ID-2012-47190,2012-02-13,2012-02-15,Second Class,VG-21805,Vivek Grady,Corporate,Jakarta,Jakarta,Indonesia,APAC,Southeast Asia,FUR-FU-10000815,Furniture,Furnishings,"Eldon Door Stop, Black",73.23360000000001,2,0.27,-8.066400000000009,13.39,High
28685,IN-2011-26967,2011-09-05,2011-09-10,Standard Class,BW-11200,Ben Wallace,Consumer,Bekasi,Jawa Barat,Indonesia,APAC,Southeast Asia,OFF-AR-10001266,Office Supplies,Art,"Boston Canvas, Blue",195.78599999999997,5,0.27,29.436000000000007,13.35,Medium
30277,IN-2014-72460,2014-06-24,2014-06-27,First Class,BM-11575,Brendan Murry,Corporate,Jakarta,Jakarta,Indonesia,APAC,Southeast Asia,FUR-FU-10000628,Furniture,Furnishings,"Rubbermaid Light Bulb, Black",41.25959999999999,3,0.27,9.5796,13.34,Critical
26237,IN-2014-51635,2014-01-22,2014-01-22,Same Day,JK-15625,Jim Karlsson,Consumer,Jakarta,Jakarta,Indonesia,APAC,Southeast Asia,TEC-AC-10001639,Technology,Accessories,"Belkin Flash Drive, Erganomic",63.20250000000001,3,0.47000000000000003,-34.6275,13.31,High
27599,IN-2012-46560,2012-09-07,2012-09-13,Standard Class,SZ-20035,Sam Zeldin,Home Office,Jakarta,Jakarta,Indonesia,APAC,Southeast Asia,OFF-EN-10004849,Office Supplies,Envelopes,"Cameo Mailers, Security-Tint",171.97440000000003,8,0.47000000000000003,-45.46560000000002,13.28,Medium
21090,IN-2013-48128,2013-11-20,2013-11-24,Standard Class,EH-13945,Eric Hoffmann,Consumer,Jakarta,Jakarta,Indonesia,APAC,Southeast Asia,FUR-BO-10001641,Furniture,Bookcases,"Bush 3-Shelf Cabinet, Traditional",133.3341,1,0.07,40.1241,13.27,Medium
21484,ID-2014-11826,2014-12-17,2014-12-20,Second Class,TP-21565,Tracy Poddar,Corporate,Surakarta,Jawa Tengah,Indonesia,APAC,Southeast Asia,OFF-AR-10000027,Office Supplies,Art,"Binney & Smith Pencil Sharpener, Easy-Erase",101.9445,5,0.27,16.744500000000002,13.22,High
22027,IN-2013-58509,2013-11-04,2013-11-07,Second Class,JH-15985,Joseph Holt,Consumer,Medan,Sumatera Utara,Indonesia,APAC,Southeast Asia,TEC-AC-10003451,Technology,Accessories,"Logitech Flash Drive, Erganomic",45.028800000000004,3,0.47000000000000003,-2.5812000000000026,13.15,Critical
20602,ID-2013-70122,2013-06-11,2013-06-15,Standard Class,AD-10180,Alan Dominguez,Home Office,Jakarta,Jakarta,Indonesia,APAC,Southeast Asia,OFF-ST-10002834,Office Supplies,Storage,"Smead File Cart, Single Width",106.9704,1,0.17,5.150399999999998,13.06,High
22075,IN-2011-25882,2011-07-23,2011-07-28,Standard Class,LD-16855,Lela Donovan,Corporate,Jakarta,Jakarta,Indonesia,APAC,Southeast Asia,TEC-PH-10000922,Technology,Phones,"Nokia Headset, with Caller ID",242.72519999999994,4,0.17,55.5252,13.01,Medium
26161,ID-2013-52041,2013-03-07,2013-03-11,Standard Class,MS-17770,Maxwell Schwartz,Consumer,Depok,Jawa Barat,Indonesia,APAC,Southeast Asia,OFF-ST-10004346,Office Supplies,Storage,"Tenex Shelving, Single Width",136.1781,3,0.17,-6.651899999999998,12.97,Medium
28819,ID-2013-68022,2013-09-08,2013-09-09,First Class,SP-20650,Stephanie Phelps,Corporate,Jakarta,Jakarta,Indonesia,APAC,Southeast Asia,OFF-SU-10003789,Office Supplies,Supplies,"Fiskars Box Cutter, Steel",74.03040000000001,4,0.47000000000000003,-9.849600000000002,12.95,Critical
20390,ID-2011-74721,2011-05-04,2011-05-05,First Class,HG-14845,Harry Greene,Consumer,Yogyakarta,Yogyakarta,Indonesia,APAC,Southeast Asia,TEC-MA-10004298,Technology,Machines,"Panasonic Calculator, Durable",41.832,1,0.17,-8.088000000000001,12.86,High
29297,IN-2014-71095,2014-12-02,2014-12-02,Same Day,NP-18700,Nora Preis,Consumer,Tegal,Jawa Tengah,Indonesia,APAC,Southeast Asia,OFF-AR-10004424,Office Supplies,Art,"Boston Markers, Blue",115.50060000000002,6,0.27,-34.97940000000001,12.86,Medium
24483,IN-2011-58950,2011-06-20,2011-06-23,Second Class,JM-15265,Janet Molinari,Corporate,Medan,Sumatera Utara,Indonesia,APAC,Southeast Asia,OFF-AP-10003473,Office Supplies,Appliances,"Hoover Coffee Grinder, Black",169.8678,3,0.17,53.13779999999999,12.85,Medium
27284,ID-2012-63430,2012-12-19,2012-12-25,Standard Class,SC-20380,Shahid Collister,Consumer,Mataram,Nusa Tenggara Barat,Indonesia,APAC,Southeast Asia,TEC-PH-10003723,Technology,Phones,"Samsung Audio Dock, with Caller ID",276.9378,2,0.17,-33.3822,12.83,Medium
24332,ID-2014-47491,2014-07-10,2014-07-15,Standard Class,SP-20545,Sibella Parks,Corporate,Palembang,Sumatera Selatan,Indonesia,APAC,Southeast Asia,OFF-AR-10000027,Office Supplies,Art,"Boston Pencil Sharpener, Easy-Erase",198.4797,9,0.27,46.19969999999998,12.76,High
24031,ID-2014-10048,2014-06-30,2014-07-02,First Class,TT-21460,Tonja Turnell,Home Office,Bekasi,Jawa Barat,Indonesia,APAC,Southeast Asia,OFF-FA-10004362,Office Supplies,Fasteners,"Stockwell Thumb Tacks, Metal",63.2502,9,0.47000000000000003,-28.8198,12.72,High
28339,IN-2011-44761,2011-10-20,2011-10-24,Standard Class,EM-14140,Eugene Moren,Home Office,Malang,Jawa Timur,Indonesia,APAC,Southeast Asia,TEC-MA-10003170,Technology,Machines,"Konica Calculator, Wireless",171.4116,4,0.17,64.0116,12.65,Medium
27958,ID-2012-67336,2012-09-03,2012-09-07,Standard Class,ES-14020,Erica Smith,Consumer,Semarang,Jawa Tengah,Indonesia,APAC,Southeast Asia,OFF-EN-10002140,Office Supplies,Envelopes,"Jiffy Business Envelopes, Recycled",68.1156,7,0.47000000000000003,-19.454400000000014,12.63,High
29403,ID-2012-59181,2012-07-24,2012-07-26,First Class,HA-14920,Helen Andreada,Consumer,Depok,Jawa Barat,Indonesia,APAC,Southeast Asia,FUR-FU-10000496,Furniture,Furnishings,"Eldon Clock, Duo Pack",82.60679999999999,2,0.27,22.606799999999996,12.63,High
29645,IN-2014-25462,2014-10-04,2014-10-06,Second Class,VT-21700,Valerie Takahito,Home Office,Yogyakarta,Yogyakarta,Indonesia,APAC,Southeast Asia,OFF-BI-10000089,Office Supplies,Binders,"Wilson Jones 3-Hole Punch, Recycled",94.122,4,0.17,36.282,12.54,High
23172,IN-2014-36683,2014-08-15,2014-08-20,Second Class,SK-19990,Sally Knutson,Consumer,Medan,Sumatera Utara,Indonesia,APAC,Southeast Asia,FUR-FU-10002829,Furniture,Furnishings,"Deflect-O Clock, Black",146.9052,4,0.27,-40.29480000000001,12.48,Medium
21964,IN-2012-78249,2012-08-02,2012-08-02,Same Day,SC-20020,Sam Craven,Consumer,Bogor,Jawa Barat,Indonesia,APAC,Southeast Asia,OFF-FA-10000027,Office Supplies,Fasteners,"Stockwell Rubber Bands, Bulk Pack",59.87940000000001,7,0.47000000000000003,1.0793999999999926,12.47,Critical
28438,IN-2011-51859,2011-08-26,2011-08-29,First Class,SC-20575,Sonia Cooley,Consumer,Binjai,Sumatera Utara,Indonesia,APAC,Southeast Asia,OFF-SU-10001382,Office Supplies,Supplies,"Acme Trimmer, Serrated",65.63520000000001,3,0.47000000000000003,-26.07480000000001,12.47,High
27188,ID-2012-23334,2012-09-14,2012-09-18,Standard Class,BT-11440,Bobby Trafton,Consumer,Denpasar,Bali,Indonesia,APAC,Southeast Asia,FUR-FU-10000783,Furniture,Furnishings,"Advantus Light Bulb, Durable",87.38099999999999,7,0.27,-1.2390000000000043,12.43,High
27052,ID-2014-31545,2014-11-24,2014-11-27,First Class,AA-10645,Anna Andreadi,Consumer,Jakarta,Jakarta,Indonesia,APAC,Southeast Asia,OFF-EN-10003391,Office Supplies,Envelopes,"Jiffy Manila Envelope, Set of 50",27.5706,2,0.47000000000000003,-2.1294000000000004,12.41,Critical
24032,ID-2014-10048,2014-06-30,2014-07-02,First Class,TT-21460,Tonja Turnell,Home Office,Bekasi,Jawa Barat,Indonesia,APAC,Southeast Asia,OFF-FA-10003020,Office Supplies,Fasteners,"Accos Paper Clips, Bulk Pack",45.028800000000004,6,0.47000000000000003,-27.331200000000006,12.39,High
23348,ID-2014-58243,2014-02-04,2014-02-08,Standard Class,EH-14005,Erica Hernandez,Home Office,Padang,Sumatera Barat,Indonesia,APAC,Southeast Asia,OFF-FA-10001621,Office Supplies,Fasteners,"OIC Rubber Bands, Bulk Pack",99.5181,11,0.47000000000000003,-24.56190000000001,12.35,High
20627,ID-2012-33743,2012-06-29,2012-07-06,Standard Class,JF-15190,Jamie Frazer,Consumer,Palembang,Sumatera Selatan,Indonesia,APAC,Southeast Asia,FUR-FU-10003451,Furniture,Furnishings,"Eldon Frame, Black",84.8625,1,0.27,-22.087500000000002,12.3,Low
29860,IN-2013-21381,2013-05-17,2013-05-22,Standard Class,DB-13555,Dorothy Badders,Corporate,Jambi,Jambi,Indonesia,APAC,Southeast Asia,FUR-BO-10000112,Furniture,Bookcases,"Dania Corner Shelving, Pine",229.56119999999999,2,0.07,51.7812,12.29,Medium
26502,IN-2014-37789,2014-02-13,2014-02-13,Same Day,AG-10300,Aleksandra Gannaway,Corporate,Bandung,Jawa Barat,Indonesia,APAC,Southeast Asia,TEC-PH-10003772,Technology,Phones,"Cisco Headset, Cordless",454.6242,6,0.17,38.284199999999984,12.26,Medium
27506,IN-2011-15270,2011-01-26,2011-01-31,Standard Class,CA-12265,Christina Anderson,Consumer,Semarang,Jawa Tengah,Indonesia,APAC,Southeast Asia,OFF-ST-10004365,Office Supplies,Storage,"Fellowes Shelving, Wire Frame",141.70589999999999,3,0.17,51.1659,12.24,Medium
26936,ID-2012-14157,2012-06-02,2012-06-07,Standard Class,AC-10615,Ann Chong,Corporate,Tasikmalaya,Jawa Barat,Indonesia,APAC,Southeast Asia,OFF-ST-10001124,Office Supplies,Storage,"Fellowes Trays, Wire Frame",140.5854,3,0.17,-6.834600000000002,12.16,Medium
23286,IN-2014-13002,2014-11-17,2014-11-18,First Class,MC-17275,Marc Crier,Consumer,Pematangsiantar,Sumatera Utara,Indonesia,APAC,Southeast Asia,OFF-ST-10004897,Office Supplies,Storage,"Tenex Folders, Blue",115.63559999999998,6,0.17,40.3956,12.14,Critical
26413,IN-2014-61204,2014-12-09,2014-12-15,Standard Class,KW-16570,Kelly Williams,Consumer,Bogor,Jawa Barat,Indonesia,APAC,Southeast Asia,TEC-PH-10004682,Technology,Phones,"Cisco Headset, VoIP",146.9598,2,0.17,8.839799999999997,12.09,Medium
24183,ID-2012-67707,2012-04-16,2012-04-22,Standard Class,SC-20800,Stuart Calhoun,Consumer,Surakarta,Jawa Tengah,Indonesia,APAC,Southeast Asia,OFF-ST-10001229,Office Supplies,Storage,"Fellowes Box, Single Width",114.5151,7,0.17,-12.534900000000002,12.03,Low
27488,ID-2012-28409,2012-12-27,2013-01-01,Standard Class,SC-20260,Scott Cohen,Corporate,Bandung,Jawa Barat,Indonesia,APAC,Southeast Asia,OFF-PA-10001968,Office Supplies,Paper,"Eaton Computer Printout Paper, 8.5 x 11",113.85990000000001,7,0.47000000000000003,-25.79010000000001,11.99,Medium
28664,IN-2012-25973,2012-11-19,2012-11-24,Standard Class,EM-13825,Elizabeth Moffitt,Corporate,Semarang,Jawa Tengah,Indonesia,APAC,Southeast Asia,FUR-FU-10001674,Furniture,Furnishings,"Deflect-O Clock, Duo Pack",220.6206,6,0.27,54.300599999999974,11.82,Medium
25921,IN-2013-18105,2013-08-08,2013-08-11,First Class,EH-13945,Eric Hoffmann,Consumer,Jakarta,Jakarta,Indonesia,APAC,Southeast Asia,OFF-PA-10003511,Office Supplies,Paper,"Green Bar Memo Slips, 8.5 x 11",55.8885,5,0.47000000000000003,3.0884999999999962,11.74,Critical
25923,IN-2013-18105,2013-08-08,2013-08-11,First Class,EH-13945,Eric Hoffmann,Consumer,Jakarta,Jakarta,Indonesia,APAC,Southeast Asia,OFF-SU-10000789,Office Supplies,Supplies,"Kleencut Box Cutter, Serrated",49.846500000000006,3,0.47000000000000003,-10.363500000000009,11.72,Critical
23105,ID-2013-76849,2013-05-15,2013-05-17,Second Class,MZ-17515,Mary Zewe,Corporate,Balikpapan,Kalimantan Timur,Indonesia,APAC,Southeast Asia,OFF-EN-10004550,Office Supplies,Envelopes,"GlobeWeis Interoffice Envelope, Recycled",148.2516,6,0.47000000000000003,-42.008399999999995,11.61,High
21159,IN-2011-74070,2011-06-23,2011-06-25,First Class,CA-12265,Christina Anderson,Consumer,Semarang,Jawa Tengah,Indonesia,APAC,Southeast Asia,TEC-PH-10002916,Technology,Phones,"Apple Speaker Phone, with Caller ID",102.339,1,0.17,30.819,11.57,Medium
22560,IN-2012-72040,2012-02-10,2012-02-13,First Class,MA-17995,Michelle Arnett,Home Office,Medan,Sumatera Utara,Indonesia,APAC,Southeast Asia,OFF-ST-10001342,Office Supplies,Storage,"Fellowes Trays, Blue",95.2674,2,0.17,30.9474,11.44,Medium
29879,ID-2012-43900,2012-06-08,2012-06-12,Standard Class,JB-16045,Julia Barnett,Home Office,Jakarta,Jakarta,Indonesia,APAC,Southeast Asia,TEC-AC-10001840,Technology,Accessories,"SanDisk Mouse, Erganomic",57.4308,3,0.47000000000000003,-21.679199999999994,11.38,High
21818,ID-2012-30873,2012-06-05,2012-06-07,First Class,EH-13945,Eric Hoffmann,Consumer,Surabaya,Jawa Timur,Indonesia,APAC,Southeast Asia,OFF-PA-10002974,Office Supplies,Paper,"Enermax Note Cards, 8.5 x 11",105.40110000000003,7,0.47000000000000003,-55.878900000000016,11.3,Medium
29040,ID-2013-40694,2013-04-19,2013-04-24,Standard Class,FA-14230,Frank Atkinson,Corporate,Jakarta,Jakarta,Indonesia,APAC,Southeast Asia,OFF-AR-10002256,Office Supplies,Art,"BIC Sketch Pad, Easy-Erase",71.43779999999998,2,0.27,-10.822199999999995,11.29,High
28956,ID-2013-12148,2013-07-29,2013-08-03,Standard Class,BP-11155,Becky Pak,Consumer,Jakarta,Jakarta,Indonesia,APAC,Southeast Asia,OFF-PA-10001086,Office Supplies,Paper,"Enermax Cards & Envelopes, Multicolor",128.55150000000003,5,0.47000000000000003,-53.39850000000001,11.26,Medium
23890,ID-2013-59566,2013-10-10,2013-10-15,Standard Class,SC-20800,Stuart Calhoun,Consumer,Bandung,Jawa Barat,Indonesia,APAC,Southeast Asia,FUR-CH-10001397,Furniture,Chairs,"SAFCO Chairmat, Set of Two",135.9333,3,0.27,14.883299999999984,11.24,Medium
24076,IN-2011-40512,2011-02-07,2011-02-14,Standard Class,LT-17110,Liz Thompson,Consumer,Bekasi,Jawa Barat,Indonesia,APAC,Southeast Asia,TEC-PH-10002443,Technology,Phones,"Cisco Signal Booster, with Caller ID",252.03779999999995,2,0.17,6.037799999999997,11.19,Medium
25985,ID-2012-50193,2012-08-24,2012-08-27,Second Class,ZC-21910,Zuschuss Carroll,Consumer,Malang,Jawa Timur,Indonesia,APAC,Southeast Asia,OFF-PA-10002416,Office Supplies,Paper,"Xerox Memo Slips, 8.5 x 11",65.55570000000002,7,0.47000000000000003,-54.56430000000001,11.19,Critical
29781,IN-2013-48324,2013-02-27,2013-03-04,Standard Class,DK-12895,Dana Kaydos,Consumer,Jakarta,Jakarta,Indonesia,APAC,Southeast Asia,FUR-CH-10000351,Furniture,Chairs,"Novimex Chairmat, Set of Two",85.5414,2,0.27,11.681399999999996,11.16,High
27723,IN-2014-79096,2014-09-17,2014-09-21,Standard Class,TS-21430,Tom Stivers,Corporate,Bandung,Jawa Barat,Indonesia,APAC,Southeast Asia,FUR-FU-10003414,Furniture,Furnishings,"Tenex Clock, Duo Pack",146.9052,4,0.27,24.145199999999996,11.14,Medium
20403,ID-2012-10230,2012-07-06,2012-07-09,First Class,JC-16105,Julie Creighton,Corporate,Jakarta,Jakarta,Indonesia,APAC,Southeast Asia,FUR-BO-10004399,Furniture,Bookcases,"Bush Floating Shelf Set, Pine",160.5366,1,0.07,-1.7333999999999996,11.1,Medium
26503,ID-2012-10139,2012-06-11,2012-06-15,Standard Class,KA-16525,Kelly Andreada,Consumer,Bekasi,Jawa Barat,Indonesia,APAC,Southeast Asia,FUR-CH-10003123,Furniture,Chairs,"Hon Chairmat, Black",77.526,2,0.27,-10.674,11.1,High
28999,IN-2012-34562,2012-12-14,2012-12-18,Standard Class,CM-12385,Christopher Martinez,Consumer,Padang,Sumatera Barat,Indonesia,APAC,Southeast Asia,OFF-ST-10001186,Office Supplies,Storage,"Rogers Trays, Industrial",154.77839999999998,3,0.17,31.6584,11.1,Medium
23367,IN-2012-21507,2012-08-09,2012-08-13,Second Class,VG-21805,Vivek Grady,Corporate,Medan,Sumatera Utara,Indonesia,APAC,Southeast Asia,OFF-AP-10000382,Office Supplies,Appliances,"Breville Coffee Grinder, White",99.6,2,0.17,19.199999999999992,11.03,Medium
25275,ID-2012-65684,2012-03-16,2012-03-20,Standard Class,LC-16885,Lena Creighton,Consumer,Banda Aceh,Aceh,Indonesia,APAC,Southeast Asia,OFF-BI-10004078,Office Supplies,Binders,"Wilson Jones 3-Hole Punch, Clear",91.134,4,0.17,-1.1460000000000043,11.03,High
22249,ID-2011-70787,2011-12-08,2011-12-14,Standard Class,GB-14575,Giulietta Baptist,Consumer,Kupang,Nusa Tenggara Timur,Indonesia,APAC,Southeast Asia,FUR-FU-10004064,Furniture,Furnishings,"Rubbermaid Door Stop, Erganomic",123.86640000000003,4,0.27,33.86639999999998,11.02,Medium
22580,ID-2013-37495,2013-05-16,2013-05-18,First Class,RF-19735,Roland Fjeld,Consumer,Medan,Sumatera Utara,Indonesia,APAC,Southeast Asia,OFF-PA-10003805,Office Supplies,Paper,"Eaton Note Cards, Multicolor",81.408,5,0.47000000000000003,-33.791999999999994,11.0,Medium
24960,ID-2014-47792,2014-08-30,2014-09-03,Second Class,CS-11950,Carlos Soltero,Consumer,Jakarta,Jakarta,Indonesia,APAC,Southeast Asia,FUR-FU-10002890,Furniture,Furnishings,"Rubbermaid Frame, Durable",156.10320000000002,2,0.27,-29.95680000000001,11.0,Medium
29401,ID-2012-59181,2012-07-24,2012-07-26,First Class,HA-14920,Helen Andreada,Consumer,Depok,Jawa Barat,Indonesia,APAC,Southeast Asia,OFF-PA-10000453,Office Supplies,Paper,"Xerox Cards & Envelopes, 8.5 x 11",52.0566,2,0.47000000000000003,-11.843400000000003,10.98,High
27690,ID-2014-36263,2014-11-27,2014-11-29,First Class,SP-20620,Stefania Perrino,Corporate,Semarang,Jawa Tengah,Indonesia,APAC,Southeast Asia,FUR-CH-10004913,Furniture,Chairs,"Office Star Rocking Chair, Red",205.7286,2,0.27,-45.131400000000006,10.81,High
26445,ID-2011-64088,2011-12-22,2011-12-28,Standard Class,CR-12625,Corey Roper,Home Office,Semarang,Jawa Tengah,Indonesia,APAC,Southeast Asia,OFF-AR-10001952,Office Supplies,Art,"BIC Canvas, Easy-Erase",118.1943,3,0.27,-0.06570000000000675,10.73,Medium
25571,ID-2014-63444,2014-11-17,2014-11-22,Second Class,MG-17875,Michael Grace,Home Office,Bogor,Jawa Barat,Indonesia,APAC,Southeast Asia,OFF-AR-10004009,Office Supplies,Art,"Boston Highlighters, Easy-Erase",69.86099999999999,5,0.27,-6.788999999999998,10.7,Medium
29241,IN-2011-65264,2011-12-12,2011-12-17,Standard Class,KM-16660,Khloe Miller,Consumer,Denpasar,Bali,Indonesia,APAC,Southeast Asia,TEC-MA-10003796,Technology,Machines,"Konica Calculator, Durable",85.905,2,0.17,17.565,10.69,High
20425,ID-2012-60427,2012-07-14,2012-07-20,Standard Class,RB-19795,Ross Baird,Home Office,Palembang,Sumatera Selatan,Indonesia,APAC,Southeast Asia,TEC-AC-10001022,Technology,Accessories,"SanDisk Flash Drive, USB",105.33749999999999,5,0.47000000000000003,-53.662499999999994,10.66,Medium
23797,ID-2013-28339,2013-06-19,2013-06-24,Standard Class,MC-17425,Mark Cousins,Corporate,Padang,Sumatera Barat,Indonesia,APAC,Southeast Asia,TEC-AC-10000269,Technology,Accessories,"Memorex Numeric Keypad, USB",68.40180000000001,3,0.47000000000000003,-40.04820000000001,10.56,High
29693,ID-2014-65327,2014-03-11,2014-03-16,Standard Class,VT-21700,Valerie Takahito,Home Office,Samarinda,Kalimantan Timur,Indonesia,APAC,Southeast Asia,OFF-SU-10001308,Office Supplies,Supplies,"Fiskars Trimmer, Serrated",124.02000000000004,6,0.47000000000000003,-70.20000000000003,10.54,Medium
21868,ID-2014-40260,2014-04-07,2014-04-12,Second Class,JL-15175,James Lanier,Home Office,Jakarta,Jakarta,Indonesia,APAC,Southeast Asia,OFF-AR-10001535,Office Supplies,Art,"Binney & Smith Sketch Pad, Blue",101.4408,3,0.27,-23.659200000000006,10.53,Medium
24365,IN-2014-43018,2014-05-13,2014-05-16,Second Class,JK-15640,Jim Kriz,Home Office,Jakarta,Jakarta,Indonesia,APAC,Southeast Asia,OFF-BI-10004534,Office Supplies,Binders,"Wilson Jones Binding Machine, Recycled",81.8712,2,0.17,14.791199999999996,10.53,Medium
27874,IN-2014-68337,2014-11-13,2014-11-17,Standard Class,TS-21430,Tom Stivers,Corporate,Samarinda,Kalimantan Timur,Indonesia,APAC,Southeast Asia,FUR-BO-10003793,Furniture,Bookcases,"Bush 3-Shelf Cabinet, Metal",132.8319,1,0.07,52.82190000000001,10.51,Medium
22503,ID-2012-53301,2012-04-18,2012-04-23,Standard Class,MC-17605,Matt Connell,Corporate,Medan,Sumatera Utara,Indonesia,APAC,Southeast Asia,FUR-TA-10001433,Furniture,Tables,"Bevis Round Table, with Bottom Storage",274.6407,1,0.47000000000000003,-207.27929999999998,10.47,Medium
24994,IN-2014-56108,2014-08-04,2014-08-10,Standard Class,KE-16420,Katrina Edelman,Corporate,Tegal,Jawa Tengah,Indonesia,APAC,Southeast Asia,TEC-AC-10004938,Technology,Accessories,"Belkin Mouse, Bluetooth",194.1867,9,0.47000000000000003,-121.17330000000001,10.41,Medium
27566,IN-2011-73531,2011-06-25,2011-07-02,Standard Class,JS-16030,Joy Smith,Consumer,Jakarta,Jakarta,Indonesia,APAC,Southeast Asia,FUR-CH-10004306,Furniture,Chairs,"SAFCO Bag Chairs, Red",108.2736,3,0.27,-7.466400000000007,10.36,Low
25644,ID-2013-34387,2013-06-13,2013-06-17,Standard Class,JP-15460,Jennifer Patt,Corporate,Medan,Sumatera Utara,Indonesia,APAC,Southeast Asia,TEC-CO-10001166,Technology,Copiers,"HP Personal Copier, Digital",230.50979999999998,2,0.07,9.889800000000001,10.32,Medium
26809,IN-2014-18084,2014-06-05,2014-06-10,Standard Class,PK-18910,Paul Knutson,Home Office,Depok,Jawa Barat,Indonesia,APAC,Southeast Asia,OFF-PA-10002022,Office Supplies,Paper,"Xerox Message Books, 8.5 x 11",90.93209999999999,7,0.47000000000000003,-75.5979,10.32,High
29468,IN-2011-43634,2011-12-03,2011-12-07,Standard Class,JB-15925,Joni Blumstein,Consumer,Jember,Jawa Timur,Indonesia,APAC,Southeast Asia,OFF-PA-10003381,Office Supplies,Paper,"Eaton Cards & Envelopes, Multicolor",74.0781,3,0.47000000000000003,-30.771900000000002,10.32,High
28054,IN-2013-71746,2013-06-11,2013-06-11,Same Day,JK-15325,Jason Klamczynski,Corporate,Bogor,Jawa Barat,Indonesia,APAC,Southeast Asia,TEC-MA-10002389,Technology,Machines,"StarTech Receipt Printer, White",90.46170000000001,1,0.17,5.441699999999997,10.28,High
28446,IN-2014-14850,2014-12-26,2014-12-31,Standard Class,SS-20590,Sonia Sunley,Consumer,Depok,Yogyakarta,Indonesia,APAC,Southeast Asia,TEC-AC-10004813,Technology,Accessories,"SanDisk Keyboard, Bluetooth",302.2908000000001,7,0.47000000000000003,-131.35920000000002,10.26,Medium
24033,ID-2014-10048,2014-06-30,2014-07-02,First Class,TT-21460,Tonja Turnell,Home Office,Bekasi,Jawa Barat,Indonesia,APAC,Southeast Asia,OFF-SU-10001535,Office Supplies,Supplies,"Elite Box Cutter, High Speed",55.475100000000005,3,0.47000000000000003,-32.4549,10.25,High
26875,ID-2014-29032,2014-07-21,2014-07-25,Standard Class,EB-13930,Eric Barreto,Consumer,Depok,Jawa Barat,Indonesia,APAC,Southeast Asia,OFF-BI-10004986,Office Supplies,Binders,"Ibico 3-Hole Punch, Recycled",76.71690000000001,3,0.17,27.6669,10.22,High
30120,IN-2014-62961,2014-12-03,2014-12-07,Standard Class,AC-10615,Ann Chong,Corporate,Binjai,Sumatera Utara,Indonesia,APAC,Southeast Asia,TEC-PH-10003348,Technology,Phones,"Cisco Speaker Phone, with Caller ID",114.93839999999999,1,0.17,33.2184,10.18,High
29029,IN-2014-22557,2014-10-24,2014-10-29,Standard Class,BG-11695,Brooke Gillingham,Corporate,Binjai,Sumatera Utara,Indonesia,APAC,Southeast Asia,FUR-BO-10004312,Furniture,Bookcases,"Bush Floating Shelf Set, Traditional",318.56219999999996,2,0.07,68.4822,10.14,Medium
23984,ID-2014-17475,2014-03-17,2014-03-22,Second Class,DH-13075,Dave Hallsten,Corporate,Depok,Yogyakarta,Indonesia,APAC,Southeast Asia,FUR-CH-10004082,Furniture,Chairs,"Office Star Chairmat, Black",138.82410000000002,3,0.27,17.05409999999999,10.12,Medium
28901,ID-2013-52594,2013-04-10,2013-04-16,Standard Class,SJ-20215,Sarah Jordon,Consumer,Medan,Sumatera Utara,Indonesia,APAC,Southeast Asia,TEC-PH-10001614,Technology,Phones,"Motorola Audio Dock, VoIP",287.9436,2,0.17,38.10359999999999,10.12,Medium
22161,ID-2013-56927,2013-09-20,2013-09-25,Second Class,FC-14335,Fred Chung,Corporate,Cirebon,Jawa Barat,Indonesia,APAC,Southeast Asia,OFF-SU-10001689,Office Supplies,Supplies,"Acme Box Cutter, Easy Grip",104.463,5,0.47000000000000003,-88.737,10.09,Medium
27754,ID-2011-50991,2011-04-22,2011-04-26,Standard Class,GT-14635,Grant Thornton,Corporate,Surabaya,Jawa Timur,Indonesia,APAC,Southeast Asia,TEC-AC-10002243,Technology,Accessories,"SanDisk Keyboard, Programmable",175.91760000000005,4,0.47000000000000003,-56.52240000000006,10.09,Medium
22208,ID-2014-76009,2014-06-05,2014-06-11,Standard Class,MT-18070,Michelle Tran,Home Office,Jakarta,Jakarta,Indonesia,APAC,Southeast Asia,TEC-AC-10002335,Technology,Accessories,"Belkin Memory Card, USB",121.92119999999998,2,0.47000000000000003,-101.21879999999999,10.05,Medium
23366,IN-2013-68274,2013-11-15,2013-11-19,Second Class,AA-10645,Anna Andreadi,Consumer,Medan,Sumatera Utara,Indonesia,APAC,Southeast Asia,FUR-FU-10003540,Furniture,Furnishings,"Deflect-O Light Bulb, Erganomic",64.2765,5,0.27,7.8764999999999965,9.94,High
24227,ID-2013-18833,2013-02-10,2013-02-15,Second Class,TB-21280,Toby Braunhardt,Consumer,Surabaya,Jawa Timur,Indonesia,APAC,Southeast Asia,FUR-CH-10001756,Furniture,Chairs,"Novimex Bag Chairs, Adjustable",106.1055,3,0.27,23.2155,9.93,Medium
30076,ID-2013-32630,2013-10-11,2013-10-17,Standard Class,ZC-21910,Zuschuss Carroll,Consumer,Depok,Jawa Barat,Indonesia,APAC,Southeast Asia,TEC-MA-10002998,Technology,Machines,"Okidata Receipt Printer, Durable",102.1149,1,0.17,-12.305100000000003,9.91,Medium
23314,ID-2014-64830,2014-02-18,2014-02-21,First Class,CR-12625,Corey Roper,Home Office,Surabaya,Jawa Timur,Indonesia,APAC,Southeast Asia,TEC-AC-10002221,Technology,Accessories,"Memorex Mouse, Bluetooth",74.65050000000001,5,0.47000000000000003,-49.39950000000002,9.85,Medium
22774,ID-2011-42164,2011-01-28,2011-01-31,First Class,MP-17965,Michael Paige,Corporate,Semarang,Jawa Tengah,Indonesia,APAC,Southeast Asia,OFF-EN-10002472,Office Supplies,Envelopes,"Cameo Interoffice Envelope, Security-Tint",132.0495,5,0.47000000000000003,-5.050500000000014,9.82,Medium
21910,ID-2012-77801,2012-11-23,2012-11-29,Standard Class,DP-13165,David Philippe,Consumer,Semarang,Jawa Tengah,Indonesia,APAC,Southeast Asia,OFF-LA-10000615,Office Supplies,Labels,"Hon Removable Labels, Adjustable",73.3785,13,0.47000000000000003,-31.9215,9.81,Low
20949,ID-2013-53084,2013-07-22,2013-07-25,Second Class,TH-21100,Thea Hendricks,Consumer,Surabaya,Jawa Timur,Indonesia,APAC,Southeast Asia,OFF-AR-10002036,Office Supplies,Art,"Binney & Smith Pencil Sharpener, Fluorescent",58.407300000000006,3,0.27,12.777299999999993,9.66,High
29701,ID-2014-32238,2014-12-13,2014-12-17,Second Class,SD-20485,Shirley Daniels,Home Office,Jayapura,Papua,Indonesia,APAC,Southeast Asia,OFF-SU-10004766,Office Supplies,Supplies,"Kleencut Shears, Easy Grip",76.9401,3,0.47000000000000003,-1.539900000000003,9.66,Medium
26248,ID-2014-42647,2014-10-15,2014-10-20,Standard Class,KC-16540,Kelly Collister,Consumer,Samarinda,Kalimantan Timur,Indonesia,APAC,Southeast Asia,FUR-CH-10003836,Furniture,Chairs,"Harbour Creations Rocking Chair, Red",322.1270999999999,3,0.27,-4.482899999999987,9.56,Medium
24439,ID-2012-46574,2012-01-20,2012-01-25,Second Class,KL-16555,Kelly Lampkin,Corporate,Bandung,Jawa Barat,Indonesia,APAC,Southeast Asia,OFF-AR-10001508,Office Supplies,Art,"BIC Canvas, Water Color",249.13439999999997,6,0.27,-47.8656,9.54,Medium
26384,ID-2013-38461,2013-09-27,2013-10-04,Standard Class,CC-12370,Christopher Conant,Consumer,Medan,Sumatera Utara,Indonesia,APAC,Southeast Asia,OFF-ST-10001554,Office Supplies,Storage,"Eldon Folders, Industrial",159.4098,11,0.17,-27.040200000000006,9.54,Medium
27752,ID-2011-36830,2011-11-09,2011-11-12,First Class,EB-14170,Evan Bailliet,Consumer,Bekasi,Jawa Barat,Indonesia,APAC,Southeast Asia,OFF-PA-10004727,Office Supplies,Paper,"Eaton Note Cards, 8.5 x 11",42.1191,3,0.47000000000000003,-11.970900000000015,9.54,High
21512,IN-2013-29879,2013-06-17,2013-06-22,Standard Class,EK-13795,Eileen Kiefer,Home Office,Jakarta,Jakarta,Indonesia,APAC,Southeast Asia,FUR-CH-10004572,Furniture,Chairs,"Harbour Creations Bag Chairs, Red",134.94780000000003,3,0.27,20.287799999999976,9.51,Medium
26594,ID-2014-55562,2014-09-11,2014-09-14,First Class,EC-14050,Erin Creighton,Consumer,Bekasi,Jawa Barat,Indonesia,APAC,Southeast Asia,OFF-AR-10003582,Office Supplies,Art,"BIC Pencil Sharpener, Water Color",46.9974,2,0.27,-14.2026,9.51,Medium
25009,IN-2014-47036,2014-03-28,2014-04-02,Standard Class,SG-20890,Susan Gilcrest,Corporate,Medan,Sumatera Utara,Indonesia,APAC,Southeast Asia,FUR-CH-10001382,Furniture,Chairs,"Office Star Chairmat, Red",144.1458,3,0.27,43.435799999999986,9.46,High
29882,ID-2012-43900,2012-06-08,2012-06-12,Standard Class,JB-16045,Julia Barnett,Home Office,Jakarta,Jakarta,Indonesia,APAC,Southeast Asia,OFF-AR-10003875,Office Supplies,Art,"Stanley Highlighters, Easy-Erase",54.6405,5,0.27,-14.359499999999999,9.45,High
20420,IN-2012-53175,2012-06-18,2012-06-23,Standard Class,BO-11350,Bill Overfelt,Corporate,Semarang,Jawa Tengah,Indonesia,APAC,Southeast Asia,TEC-PH-10004509,Technology,Phones,"Nokia Audio Dock, Cordless",140.7597,1,0.17,25.409699999999994,9.38,Medium
25305,IN-2013-10181,2013-03-26,2013-03-30,Standard Class,BB-10990,Barry Blumstein,Corporate,Jakarta,Jakarta,Indonesia,APAC,Southeast Asia,OFF-SU-10000970,Office Supplies,Supplies,"Elite Box Cutter, Easy Grip",58.05089999999999,3,0.47000000000000003,-37.25909999999999,9.38,High
22295,IN-2011-22830,2011-07-28,2011-07-30,First Class,BM-11785,Bryan Mills,Consumer,Probolinggo,Jawa Timur,Indonesia,APAC,Southeast Asia,OFF-ST-10001229,Office Supplies,Storage,"Fellowes Box, Single Width",49.0779,3,0.17,-5.372100000000001,9.33,Medium
20486,IN-2012-21297,2012-09-21,2012-09-28,Standard Class,ES-14080,Erin Smith,Corporate,Surakarta,Jawa Tengah,Indonesia,APAC,Southeast Asia,OFF-ST-10000485,Office Supplies,Storage,"Fellowes Folders, Single Width",87.74759999999998,4,0.17,6.267600000000002,9.27,Low
29940,IN-2013-35542,2013-09-09,2013-09-11,Second Class,MC-17425,Mark Cousins,Corporate,Jakarta,Jakarta,Indonesia,APAC,Southeast Asia,FUR-CH-10002749,Furniture,Chairs,"SAFCO Chairmat, Black",83.7894,2,0.27,-11.4906,9.23,Medium
22912,ID-2013-68568,2013-05-23,2013-05-28,Standard Class,DP-13390,Dennis Pardue,Home Office,Kediri,Jawa Timur,Indonesia,APAC,Southeast Asia,FUR-CH-10000694,Furniture,Chairs,"Novimex Steel Folding Chair, Red",180.08370000000002,3,0.27,-12.336300000000008,9.2,Medium
23275,ID-2012-61645,2012-06-06,2012-06-10,Standard Class,HA-14905,Helen Abelman,Consumer,Padang,Sumatera Barat,Indonesia,APAC,Southeast Asia,OFF-EN-10002425,Office Supplies,Envelopes,"Ames Peel and Seal, Set of 50",69.33990000000001,7,0.47000000000000003,-57.71010000000001,9.13,High
29117,ID-2014-59279,2014-05-21,2014-05-24,First Class,CV-12295,Christina VanderZanden,Consumer,Malang,Jawa Timur,Indonesia,APAC,Southeast Asia,OFF-AR-10001518,Office Supplies,Art,"Binney & Smith Pencil Sharpener, Water Color",39.3324,2,0.27,8.0724,9.06,Critical
23303,IN-2012-56514,2012-02-04,2012-02-08,Standard Class,SC-20095,Sanjit Chand,Consumer,Semarang,Jawa Tengah,Indonesia,APAC,Southeast Asia,OFF-SU-10001689,Office Supplies,Supplies,"Acme Box Cutter, Easy Grip",104.463,5,0.47000000000000003,-88.737,9.05,High
28285,IN-2014-62800,2014-06-23,2014-06-30,Standard Class,TC-21475,Tony Chapman,Home Office,Samarinda,Kalimantan Timur,Indonesia,APAC,Southeast Asia,OFF-BI-10002329,Office Supplies,Binders,"Avery 3-Hole Punch, Durable",121.88550000000001,5,0.17,48.385499999999986,8.97,Medium
25810,IN-2013-57186,2013-09-12,2013-09-18,Standard Class,RW-19630,Rob Williams,Corporate,Jakarta,Jakarta,Indonesia,APAC,Southeast Asia,OFF-ST-10004228,Office Supplies,Storage,"Tenex Shelving, Industrial",183.0648,4,0.17,30.784799999999997,8.94,Medium
27562,IN-2011-73531,2011-06-25,2011-07-02,Standard Class,JS-16030,Joy Smith,Consumer,Jakarta,Jakarta,Indonesia,APAC,Southeast Asia,OFF-AP-10001824,Office Supplies,Appliances,"Hamilton Beach Blender, Silver",58.9632,1,0.17,6.373200000000001,8.9,Low
26850,ID-2011-63668,2011-12-10,2011-12-13,Second Class,FM-14290,Frank Merwin,Home Office,Medan,Sumatera Utara,Indonesia,APAC,Southeast Asia,OFF-AR-10002400,Office Supplies,Art,"Boston Highlighters, Water Color",112.6755,7,0.27,-29.494500000000002,8.89,High
28722,ID-2011-52377,2011-07-19,2011-07-23,Second Class,PB-18805,Patrick Bzostek,Home Office,Bekasi,Jawa Barat,Indonesia,APAC,Southeast Asia,TEC-AC-10000499,Technology,Accessories,"Memorex Memory Card, USB",108.6288,2,0.47000000000000003,-10.291200000000003,8.87,Medium
29098,ID-2014-33568,2014-01-10,2014-01-14,Standard Class,BT-11680,Brian Thompson,Consumer,Bandung,Jawa Barat,Indonesia,APAC,Southeast Asia,TEC-AC-10004306,Technology,Accessories,"Belkin Keyboard, Bluetooth",222.282,5,0.47000000000000003,-176.268,8.84,High
29857,IN-2013-72068,2013-03-07,2013-03-14,Standard Class,AH-10465,Amy Hunt,Consumer,Medan,Sumatera Utara,Indonesia,APAC,Southeast Asia,OFF-AR-10001232,Office Supplies,Art,"Sanford Canvas, Fluorescent",75.5988,2,0.27,4.138799999999993,8.84,Low
22176,ID-2012-25315,2012-01-04,2012-01-04,Same Day,AA-10645,Anna Andreadi,Consumer,Jakarta,Jakarta,Indonesia,APAC,Southeast Asia,TEC-AC-10002795,Technology,Accessories,"Memorex Mouse, Programmable",47.17530000000001,3,0.47000000000000003,-20.504700000000003,8.83,Critical
22013,ID-2011-77815,2011-09-30,2011-10-02,Second Class,HM-14860,Harry Marie,Corporate,Palembang,Sumatera Selatan,Indonesia,APAC,Southeast Asia,TEC-AC-10000642,Technology,Accessories,"Logitech Flash Drive, Bluetooth",48.51089999999999,3,0.47000000000000003,-7.379099999999994,8.8,High
27565,IN-2011-73531,2011-06-25,2011-07-02,Standard Class,JS-16030,Joy Smith,Consumer,Jakarta,Jakarta,Indonesia,APAC,Southeast Asia,TEC-AC-10003640,Technology,Accessories,"SanDisk Mouse, Programmable",84.39720000000001,4,0.47000000000000003,-71.7228,8.76,Low
21270,ID-2012-35843,2012-09-17,2012-09-17,Same Day,TB-21175,Thomas Boland,Corporate,Depok,Jawa Barat,Indonesia,APAC,Southeast Asia,OFF-BI-10001266,Office Supplies,Binders,"Acco 3-Hole Punch, Economy",74.9988,3,0.17,-1.8612000000000037,8.68,High
27914,IN-2014-19274,2014-11-28,2014-11-29,First Class,DB-13270,Deborah Brumfield,Home Office,Surabaya,Jawa Timur,Indonesia,APAC,Southeast Asia,OFF-EN-10004053,Office Supplies,Envelopes,"GlobeWeis Manila Envelope, with clear poly window",49.178700000000006,3,0.47000000000000003,-18.5913,8.68,Medium
26510,ID-2013-24643,2013-05-03,2013-05-07,Standard Class,PR-18880,Patrick Ryan,Consumer,Surabaya,Jawa Timur,Indonesia,APAC,Southeast Asia,OFF-BI-10004098,Office Supplies,Binders,"Acco 3-Hole Punch, Durable",131.223,5,0.17,-25.377000000000002,8.66,High
20312,ID-2014-44908,2014-02-26,2014-03-04,Standard Class,AI-10855,Arianne Irving,Consumer,Bandung,Jawa Barat,Indonesia,APAC,Southeast Asia,OFF-SU-10004848,Office Supplies,Supplies,"Kleencut Shears, High Speed",123.9405,5,0.47000000000000003,-84.2595,8.64,Medium
22681,ID-2012-46315,2012-11-01,2012-11-05,Standard Class,SW-20755,Steven Ward,Corporate,Depok,Jawa Barat,Indonesia,APAC,Southeast Asia,OFF-BI-10001028,Office Supplies,Binders,"Ibico 3-Hole Punch, Clear",99.30120000000001,4,0.17,16.741199999999996,8.63,Medium
25188,IN-2014-79005,2014-02-10,2014-02-14,Standard Class,LS-16945,Linda Southworth,Corporate,Tegal,Jawa Tengah,Indonesia,APAC,Southeast Asia,OFF-SU-10000707,Office Supplies,Supplies,"Stiletto Shears, Serrated",71.21610000000001,3,0.47000000000000003,-5.463900000000017,8.63,High
29185,ID-2012-13058,2012-12-03,2012-12-09,Standard Class,JE-15745,Joel Eaton,Consumer,Surabaya,Jawa Timur,Indonesia,APAC,Southeast Asia,OFF-BI-10002562,Office Supplies,Binders,"Ibico Binding Machine, Durable",131.7708,3,0.17,38.0808,8.61,Medium
28686,IN-2011-26967,2011-09-05,2011-09-10,Standard Class,BW-11200,Ben Wallace,Consumer,Bekasi,Jawa Barat,Indonesia,APAC,Southeast Asia,TEC-MA-10001811,Technology,Machines,"Okidata Card Printer, Durable",876.231,6,0.17,-137.34900000000002,8.6,Medium
27062,IN-2013-46609,2013-08-15,2013-08-19,Standard Class,FM-14215,Filia McAdams,Corporate,Pematangsiantar,Sumatera Utara,Indonesia,APAC,Southeast Asia,TEC-PH-10000297,Technology,Phones,"Apple Office Telephone, with Caller ID",108.3648,2,0.17,28.6848,8.53,Medium
23908,IN-2014-18490,2014-05-28,2014-05-30,First Class,TB-21280,Toby Braunhardt,Consumer,Surabaya,Jawa Timur,Indonesia,APAC,Southeast Asia,OFF-ST-10002505,Office Supplies,Storage,"Tenex Box, Wire Frame",38.769299999999994,3,0.17,8.3493,8.52,Critical
21669,ID-2012-60966,2012-10-01,2012-10-06,Standard Class,JM-15580,Jill Matthias,Consumer,Surabaya,Jawa Timur,Indonesia,APAC,Southeast Asia,OFF-EN-10000328,Office Supplies,Envelopes,"Kraft Business Envelopes, Set of 50",52.947,5,0.47000000000000003,-9.003,8.45,High
25614,IN-2011-34191,2011-03-23,2011-03-26,First Class,TS-21505,Tony Sayre,Consumer,Jakarta,Jakarta,Indonesia,APAC,Southeast Asia,OFF-EN-10001136,Office Supplies,Envelopes,"Kraft Interoffice Envelope, Recycled",48.4632,2,0.47000000000000003,-25.636800000000004,8.42,High
22150,ID-2014-22410,2014-01-31,2014-02-04,Second Class,MY-17380,Maribeth Yedwab,Corporate,Semarang,Jawa Tengah,Indonesia,APAC,Southeast Asia,TEC-AC-10001907,Technology,Accessories,"SanDisk Flash Drive, Bluetooth",83.8248,4,0.47000000000000003,-3.175200000000004,8.4,High
29442,ID-2011-22172,2011-06-29,2011-07-01,First Class,FP-14320,Frank Preis,Consumer,Kupang,Nusa Tenggara Timur,Indonesia,APAC,Southeast Asia,FUR-CH-10004339,Furniture,Chairs,"SAFCO Steel Folding Chair, Red",250.27320000000003,4,0.27,-24.04680000000002,8.38,Medium
24151,IN-2012-60161,2012-10-05,2012-10-09,Standard Class,AA-10480,Andrew Allen,Consumer,Surabaya,Jawa Timur,Indonesia,APAC,Southeast Asia,OFF-BI-10004651,Office Supplies,Binders,"Cardinal Binding Machine, Clear",81.72180000000002,2,0.17,28.501799999999996,8.37,Medium
29420,ID-2014-21906,2014-05-17,2014-05-21,Standard Class,SR-20740,Steven Roelle,Home Office,Bandung,Jawa Barat,Indonesia,APAC,Southeast Asia,OFF-SU-10003371,Office Supplies,Supplies,"Kleencut Trimmer, High Speed",109.7895,5,0.47000000000000003,-31.210499999999996,8.37,Medium
20711,IN-2012-52223,2012-06-05,2012-06-09,Standard Class,ST-20530,Shui Tom,Consumer,Medan,Sumatera Utara,Indonesia,APAC,Southeast Asia,OFF-AR-10004900,Office Supplies,Art,"Boston Canvas, Easy-Erase",196.77149999999997,5,0.27,-21.62849999999999,8.36,Medium
27600,ID-2014-23075,2014-10-01,2014-10-08,Standard Class,NH-18610,Nicole Hansen,Corporate,Bekasi,Jawa Barat,Indonesia,APAC,Southeast Asia,OFF-BI-10001400,Office Supplies,Binders,"Cardinal 3-Hole Punch, Economy",95.61599999999999,4,0.17,-2.3039999999999985,8.34,Medium
22129,IN-2013-61288,2013-07-16,2013-07-20,Standard Class,FW-14395,Fred Wasserman,Corporate,Surabaya,Jawa Timur,Indonesia,APAC,Southeast Asia,FUR-TA-10001237,Furniture,Tables,"Barricks Coffee Table, Fully Assembled",160.5741,1,0.47000000000000003,-118.18589999999998,8.31,Medium
21611,ID-2013-45650,2013-08-16,2013-08-20,Standard Class,LD-16855,Lela Donovan,Corporate,Dumai,Riau,Indonesia,APAC,Southeast Asia,OFF-AR-10003957,Office Supplies,Art,"Stanley Canvas, Fluorescent",74.06580000000001,2,0.27,-1.0542000000000087,8.3,High
24201,ID-2013-70031,2013-10-18,2013-10-23,Second Class,EB-13975,Erica Bern,Corporate,Depok,Jawa Barat,Indonesia,APAC,Southeast Asia,OFF-FA-10001086,Office Supplies,Fasteners,"Accos Rubber Bands, Assorted Sizes",52.422300000000014,7,0.47000000000000003,-29.687700000000007,8.29,High
22329,IN-2014-52062,2014-05-09,2014-05-13,Standard Class,SC-20380,Shahid Collister,Consumer,Jakarta,Jakarta,Indonesia,APAC,Southeast Asia,OFF-BI-10002853,Office Supplies,Binders,"Avery Binder Covers, Recycled",56.92139999999999,6,0.17,20.5614,8.28,High
20992,ID-2014-43795,2014-05-01,2014-05-01,Same Day,VB-21745,Victoria Brennan,Corporate,Bekasi,Jawa Barat,Indonesia,APAC,Southeast Asia,TEC-AC-10001608,Technology,Accessories,"Memorex Flash Drive, USB",47.0799,3,0.47000000000000003,-6.2901000000000025,8.27,Medium
29549,ID-2014-12491,2014-05-06,2014-05-06,Same Day,TB-21520,Tracy Blumstein,Consumer,Jakarta,Jakarta,Indonesia,APAC,Southeast Asia,FUR-FU-10000714,Furniture,Furnishings,"Tenex Light Bulb, Black",69.0945,5,0.27,-11.455500000000002,8.27,High
21985,ID-2012-41982,2012-02-23,2012-02-28,Standard Class,BS-11755,Bruce Stewart,Consumer,Surabaya,Jawa Timur,Indonesia,APAC,Southeast Asia,OFF-ST-10002066,Office Supplies,Storage,"Smead File Cart, Blue",317.4003,3,0.17,45.870299999999986,8.26,Medium
22052,IN-2013-74259,2013-10-09,2013-10-16,Standard Class,AT-10435,Alyssa Tate,Home Office,Surakarta,Jawa Tengah,Indonesia,APAC,Southeast Asia,OFF-PA-10002479,Office Supplies,Paper,"Enermax Cards & Envelopes, 8.5 x 11",108.62880000000003,4,0.47000000000000003,1.9487999999999772,8.25,Low
24182,ID-2012-67707,2012-04-16,2012-04-22,Standard Class,SC-20800,Stuart Calhoun,Consumer,Surakarta,Jawa Tengah,Indonesia,APAC,Southeast Asia,TEC-AC-10002795,Technology,Accessories,"Memorex Mouse, Programmable",62.900400000000005,4,0.47000000000000003,-27.339600000000008,8.24,Low
24228,ID-2013-18833,2013-02-10,2013-02-15,Second Class,TB-21280,Toby Braunhardt,Consumer,Surabaya,Jawa Timur,Indonesia,APAC,Southeast Asia,FUR-FU-10004704,Furniture,Furnishings,"Deflect-O Door Stop, Black",96.2505,3,0.27,-2.6595000000000084,8.24,Medium
21101,ID-2012-51544,2012-08-06,2012-08-10,Standard Class,CS-12130,Chad Sievert,Consumer,Balikpapan,Kalimantan Timur,Indonesia,APAC,Southeast Asia,OFF-FA-10001010,Office Supplies,Fasteners,"Stockwell Clamps, Metal",82.04400000000001,8,0.47000000000000003,-32.676000000000016,8.2,High
24674,IN-2014-79488,2014-07-27,2014-08-02,Standard Class,HW-14935,Helen Wasserman,Corporate,Medan,Sumatera Utara,Indonesia,APAC,Southeast Asia,OFF-AP-10001559,Office Supplies,Appliances,"KitchenAid Blender, Black",163.1448,2,0.17,33.364799999999995,8.2,Medium
22898,ID-2011-23992,2011-12-26,2011-12-26,Same Day,GA-14725,Guy Armstrong,Consumer,Jambi,Jambi,Indonesia,APAC,Southeast Asia,OFF-SU-10000411,Office Supplies,Supplies,"Stiletto Box Cutter, Easy Grip",99.61349999999999,5,0.47000000000000003,-32.0865,8.18,Medium
29374,ID-2011-15746,2011-12-16,2011-12-16,Same Day,AJ-10780,Anthony Jacobs,Corporate,Jakarta,Jakarta,Indonesia,APAC,Southeast Asia,OFF-LA-10001839,Office Supplies,Labels,"Smead Shipping Labels, Laser Printer Compatible",30.7665,5,0.47000000000000003,-13.933499999999997,8.14,Critical
28535,IN-2013-47722,2013-02-12,2013-02-18,Standard Class,AR-10825,Anthony Rawles,Corporate,Medan,Sumatera Utara,Indonesia,APAC,Southeast Asia,OFF-AR-10003962,Office Supplies,Art,"Binney & Smith Highlighters, Water Color",86.5926,6,0.27,18.912599999999998,8.13,Medium
29375,ID-2011-15746,2011-12-16,2011-12-16,Same Day,AJ-10780,Anthony Jacobs,Corporate,Jakarta,Jakarta,Indonesia,APAC,Southeast Asia,OFF-PA-10004946,Office Supplies,Paper,"SanDisk Note Cards, Multicolor",35.997600000000006,2,0.47000000000000003,-16.982400000000002,8.13,Critical
26627,ID-2011-49031,2011-03-25,2011-03-29,Standard Class,MF-17665,Maureen Fritzler,Corporate,Banda Aceh,Aceh,Indonesia,APAC,Southeast Asia,OFF-FA-10003318,Office Supplies,Fasteners,"Stockwell Clamps, Bulk Pack",71.3433,7,0.47000000000000003,-51.2967,8.12,Medium
23641,IN-2011-75540,2011-06-02,2011-06-07,Standard Class,AT-10435,Alyssa Tate,Home Office,Jakarta,Jakarta,Indonesia,APAC,Southeast Asia,OFF-SU-10000997,Office Supplies,Supplies,"Fiskars Shears, Easy Grip",182.75460000000004,7,0.47000000000000003,-89.82540000000003,8.08,Medium
21824,IN-2014-17223,2014-08-20,2014-08-23,Second Class,SS-20590,Sonia Sunley,Consumer,Depok,Yogyakarta,Indonesia,APAC,Southeast Asia,OFF-SU-10001346,Office Supplies,Supplies,"Stiletto Shears, Steel",125.84850000000003,5,0.47000000000000003,-87.90150000000003,8.07,Medium
29428,ID-2013-55961,2013-03-28,2013-03-31,First Class,PW-19240,Pierre Wener,Consumer,Jakarta,Jakarta,Indonesia,APAC,Southeast Asia,OFF-SU-10004198,Office Supplies,Supplies,"Kleencut Scissors, Easy Grip",50.689200000000014,4,0.47000000000000003,-32.59080000000001,8.02,High
25211,ID-2013-74357,2013-03-25,2013-03-31,Standard Class,DA-13450,Dianna Arnett,Home Office,Palembang,Sumatera Selatan,Indonesia,APAC,Southeast Asia,OFF-FA-10000197,Office Supplies,Fasteners,"Stockwell Push Pins, Metal",61.4376,8,0.47000000000000003,-4.802400000000013,7.99,Low
26083,ID-2014-48583,2014-06-23,2014-06-27,Second Class,AB-10015,Aaron Bergman,Consumer,Palembang,Sumatera Selatan,Indonesia,APAC,Southeast Asia,OFF-AR-10000465,Office Supplies,Art,"Sanford Markers, Blue",67.88999999999999,4,0.27,-8.43,7.99,Medium
29183,ID-2012-13058,2012-12-03,2012-12-09,Standard Class,JE-15745,Joel Eaton,Consumer,Surabaya,Jawa Timur,Indonesia,APAC,Southeast Asia,TEC-AC-10003276,Technology,Accessories,"Enermax Router, USB",137.02620000000002,1,0.47000000000000003,-46.54380000000002,7.95,Medium
26788,ID-2014-76324,2014-12-25,2014-12-27,First Class,JF-15190,Jamie Frazer,Consumer,Jakarta,Jakarta,Indonesia,APAC,Southeast Asia,OFF-SU-10002543,Office Supplies,Supplies,"Stiletto Scissors, Easy Grip",80.23140000000001,6,0.47000000000000003,-62.1486,7.93,Medium
22294,IN-2011-22830,2011-07-28,2011-07-30,First Class,BM-11785,Bryan Mills,Consumer,Probolinggo,Jawa Timur,Indonesia,APAC,Southeast Asia,OFF-BI-10003098,Office Supplies,Binders,"Ibico Binding Machine, Economy",42.678599999999996,1,0.17,11.298599999999999,7.87,Medium
22174,ID-2012-25315,2012-01-04,2012-01-04,Same Day,AA-10645,Anna Andreadi,Consumer,Jakarta,Jakarta,Indonesia,APAC,Southeast Asia,OFF-FA-10002360,Office Supplies,Fasteners,"Advantus Staples, Bulk Pack",28.779,5,0.47000000000000003,-7.070999999999998,7.85,Critical
24034,ID-2014-10048,2014-06-30,2014-07-02,First Class,TT-21460,Tonja Turnell,Home Office,Bekasi,Jawa Barat,Indonesia,APAC,Southeast Asia,OFF-BI-10001032,Office Supplies,Binders,"Avery Binding Machine, Recycled",81.672,2,0.17,15.732,7.85,High
24736,IN-2012-64116,2012-11-20,2012-11-20,Same Day,AR-10345,Alex Russell,Corporate,Jakarta,Jakarta,Indonesia,APAC,Southeast Asia,TEC-CO-10002108,Technology,Copiers,"Brother Personal Copier, Color",268.4538,2,0.07,124.09380000000002,7.85,High
20952,ID-2013-53084,2013-07-22,2013-07-25,Second Class,TH-21100,Thea Hendricks,Consumer,Surabaya,Jawa Timur,Indonesia,APAC,Southeast Asia,TEC-AC-10002255,Technology,Accessories,"Memorex Keyboard, Erganomic",109.94850000000001,3,0.47000000000000003,-18.751500000000007,7.84,High
26130,ID-2013-72936,2013-08-02,2013-08-07,Standard Class,EB-13705,Ed Braxton,Corporate,Semarang,Jawa Tengah,Indonesia,APAC,Southeast Asia,OFF-EN-10003619,Office Supplies,Envelopes,"Kraft Manila Envelope, with clear poly window",95.4954,6,0.47000000000000003,-21.684600000000003,7.8,High
29429,ID-2013-55961,2013-03-28,2013-03-31,First Class,PW-19240,Pierre Wener,Consumer,Jakarta,Jakarta,Indonesia,APAC,Southeast Asia,OFF-LA-10002020,Office Supplies,Labels,"Novimex Color Coded Labels, 5000 Label Set",33.9465,5,0.47000000000000003,-15.403499999999998,7.8,High
29301,ID-2012-16243,2012-08-10,2012-08-17,Standard Class,JM-16195,Justin MacKendrick,Consumer,Surabaya,Jawa Timur,Indonesia,APAC,Southeast Asia,OFF-EN-10002671,Office Supplies,Envelopes,"GlobeWeis Interoffice Envelope, with clear poly window",54.4416,2,0.47000000000000003,-33.9384,7.78,Low
22000,IN-2012-71200,2012-06-07,2012-06-11,Second Class,TP-21415,Tom Prescott,Consumer,Depok,Yogyakarta,Indonesia,APAC,Southeast Asia,OFF-BI-10000590,Office Supplies,Binders,"Wilson Jones Binding Machine, Clear",80.3772,2,0.17,1.897199999999998,7.77,High
26086,ID-2014-48583,2014-06-23,2014-06-27,Second Class,AB-10015,Aaron Bergman,Consumer,Palembang,Sumatera Selatan,Indonesia,APAC,Southeast Asia,OFF-ST-10004857,Office Supplies,Storage,"Smead Folders, Single Width",72.708,5,0.17,15.708,7.75,Medium
29041,ID-2013-40694,2013-04-19,2013-04-24,Standard Class,FA-14230,Frank Atkinson,Corporate,Jakarta,Jakarta,Indonesia,APAC,Southeast Asia,OFF-FA-10001375,Office Supplies,Fasteners,"Accos Clamps, 12 Pack",59.81580000000001,6,0.47000000000000003,-44.04420000000001,7.75,High
24475,ID-2011-23593,2011-10-26,2011-11-01,Standard Class,KN-16390,Katherine Nockton,Corporate,Semarang,Jawa Tengah,Indonesia,APAC,Southeast Asia,OFF-SU-10003473,Office Supplies,Supplies,"Elite Trimmer, Steel",108.83550000000002,5,0.47000000000000003,-14.46450000000003,7.65,Medium
27753,ID-2011-50991,2011-04-22,2011-04-26,Standard Class,GT-14635,Grant Thornton,Corporate,Surabaya,Jawa Timur,Indonesia,APAC,Southeast Asia,FUR-CH-10002940,Furniture,Chairs,"Harbour Creations Chairmat, Black",304.7166,6,0.27,-66.80340000000001,7.63,Medium
27425,ID-2013-71018,2013-12-09,2013-12-12,First Class,AO-10810,Anthony O'Donnell,Corporate,Samarinda,Kalimantan Timur,Indonesia,APAC,Southeast Asia,OFF-EN-10004784,Office Supplies,Envelopes,"Kraft Business Envelopes, Recycled",49.926,5,0.47000000000000003,-34.974000000000004,7.61,Medium
27912,IN-2014-19274,2014-11-28,2014-11-29,First Class,DB-13270,Deborah Brumfield,Home Office,Surabaya,Jawa Timur,Indonesia,APAC,Southeast Asia,FUR-FU-10000666,Furniture,Furnishings,"Rubbermaid Frame, Black",240.65910000000002,3,0.27,-0.000900000000015666,7.61,Medium
25792,IN-2012-11217,2012-08-07,2012-08-09,First Class,DK-12985,Darren Koutras,Consumer,Medan,Sumatera Utara,Indonesia,APAC,Southeast Asia,OFF-SU-10004434,Office Supplies,Supplies,"Kleencut Box Cutter, Easy Grip",76.8924,4,0.47000000000000003,-52.3476,7.6,Medium
25611,IN-2011-34191,2011-03-23,2011-03-26,First Class,TS-21505,Tony Sayre,Consumer,Jakarta,Jakarta,Indonesia,APAC,Southeast Asia,OFF-BI-10004553,Office Supplies,Binders,"Cardinal Binder, Clear",44.1228,4,0.17,17.482799999999997,7.58,High
28560,ID-2013-36662,2013-07-22,2013-07-22,Same Day,TG-21310,Toby Gnade,Consumer,Palu,Sulawesi Tengah,Indonesia,APAC,Southeast Asia,OFF-ST-10003017,Office Supplies,Storage,"Tenex Box, Industrial",70.467,5,0.17,-1.8330000000000037,7.58,High
22803,IN-2014-78151,2014-12-11,2014-12-16,Standard Class,NH-18610,Nicole Hansen,Corporate,Jakarta,Jakarta,Indonesia,APAC,Southeast Asia,OFF-PA-10002811,Office Supplies,Paper,"Green Bar Message Books, 8.5 x 11",118.42320000000001,8,0.47000000000000003,-80.5368,7.57,Medium
26576,IN-2014-24041,2014-06-19,2014-06-22,Second Class,MK-18160,Mike Kennedy,Consumer,Bogor,Jawa Barat,Indonesia,APAC,Southeast Asia,OFF-FA-10001596,Office Supplies,Fasteners,"Stockwell Clamps, 12 Pack",69.2286,7,0.47000000000000003,-51.101400000000005,7.57,High
21349,ID-2013-33967,2013-08-09,2013-08-12,First Class,AR-10345,Alex Russell,Corporate,Jakarta,Jakarta,Indonesia,APAC,Southeast Asia,OFF-SU-10000649,Office Supplies,Supplies,"Fiskars Box Cutter, High Speed",56.4768,3,0.47000000000000003,-49.09319999999999,7.56,High
23475,IN-2013-31650,2013-05-03,2013-05-09,Standard Class,RM-19750,Roland Murray,Consumer,Jakarta,Jakarta,Indonesia,APAC,Southeast Asia,TEC-PH-10001640,Technology,Phones,"Motorola Office Telephone, Full Size",181.8945,3,0.17,52.56450000000001,7.52,Medium
22353,ID-2011-49710,2011-12-16,2011-12-22,Standard Class,TB-21400,Tom Boeckenhauer,Consumer,Depok,Yogyakarta,Indonesia,APAC,Southeast Asia,TEC-AC-10002795,Technology,Accessories,"Memorex Mouse, Programmable",110.07570000000001,7,0.47000000000000003,-47.84430000000001,7.43,Medium
28348,ID-2012-58761,2012-11-16,2012-11-20,Standard Class,PP-18955,Paul Prost,Home Office,Bekasi,Jawa Barat,Indonesia,APAC,Southeast Asia,OFF-EN-10002464,Office Supplies,Envelopes,"Cameo Peel and Seal, Security-Tint",49.608,4,0.47000000000000003,-26.232,7.4,High
21825,IN-2014-17223,2014-08-20,2014-08-23,Second Class,SS-20590,Sonia Sunley,Consumer,Depok,Yogyakarta,Indonesia,APAC,Southeast Asia,OFF-PA-10000951,Office Supplies,Paper,"Enermax Note Cards, Multicolor",86.49600000000001,5,0.47000000000000003,-66.95400000000001,7.39,Medium
22400,IN-2013-35388,2013-08-07,2013-08-11,Standard Class,IM-15055,Ionia McGrath,Consumer,Jakarta,Jakarta,Indonesia,APAC,Southeast Asia,TEC-MA-10000473,Technology,Machines,"Epson Receipt Printer, Durable",97.2345,1,0.17,25.744500000000002,7.36,Medium
22209,ID-2014-76009,2014-06-05,2014-06-11,Standard Class,MT-18070,Michelle Tran,Home Office,Jakarta,Jakarta,Indonesia,APAC,Southeast Asia,OFF-ST-10003445,Office Supplies,Storage,"Rogers Folders, Industrial",77.61329999999998,3,0.17,-13.1067,7.35,Medium
25599,ID-2014-45349,2014-12-23,2014-12-25,First Class,PB-18805,Patrick Bzostek,Home Office,Jakarta,Jakarta,Indonesia,APAC,Southeast Asia,OFF-SU-10001869,Office Supplies,Supplies,"Stiletto Scissors, Steel",48.7812,4,0.47000000000000003,-41.458800000000004,7.35,High
20392,ID-2011-74721,2011-05-04,2011-05-05,First Class,HG-14845,Harry Greene,Consumer,Yogyakarta,Yogyakarta,Indonesia,APAC,Southeast Asia,OFF-AP-10002017,Office Supplies,Appliances,"Cuisinart Blender, Red",55.60170000000001,1,0.17,0.6416999999999966,7.34,High
21914,IN-2011-50361,2011-07-27,2011-07-31,Standard Class,MC-17845,Michael Chen,Consumer,Jakarta,Jakarta,Indonesia,APAC,Southeast Asia,TEC-AC-10002850,Technology,Accessories,"Enermax Memory Card, Bluetooth",121.25339999999998,2,0.47000000000000003,-73.26659999999998,7.31,Medium
20523,ID-2014-61169,2014-12-12,2014-12-16,Standard Class,EB-13930,Eric Barreto,Consumer,Jakarta,Jakarta,Indonesia,APAC,Southeast Asia,OFF-EN-10002700,Office Supplies,Envelopes,"Kraft Interoffice Envelope, with clear poly window",80.23140000000001,3,0.47000000000000003,-18.2286,7.26,Medium
24539,IN-2013-22823,2013-08-02,2013-08-06,Standard Class,KW-16435,Katrina Willman,Consumer,Surabaya,Jawa Timur,Indonesia,APAC,Southeast Asia,OFF-AR-10000179,Office Supplies,Art,"Binney & Smith Canvas, Easy-Erase",113.06969999999998,3,0.27,16.9497,7.26,Medium
25345,ID-2014-11707,2014-08-05,2014-08-10,Standard Class,AW-10930,Arthur Wiediger,Home Office,Palembang,Sumatera Selatan,Indonesia,APAC,Southeast Asia,OFF-PA-10004115,Office Supplies,Paper,"Green Bar Computer Printout Paper, 8.5 x 11",53.90100000000001,3,0.47000000000000003,-21.429000000000002,7.21,High
23985,ID-2014-17475,2014-03-17,2014-03-22,Second Class,DH-13075,Dave Hallsten,Corporate,Depok,Yogyakarta,Indonesia,APAC,Southeast Asia,FUR-BO-10003408,Furniture,Bookcases,"Ikea 3-Shelf Cabinet, Metal",395.90099999999995,3,0.07,55.34100000000001,7.15,Medium
23173,IN-2012-30943,2012-08-03,2012-08-08,Standard Class,KH-16330,Katharine Harms,Corporate,Yogyakarta,Yogyakarta,Indonesia,APAC,Southeast Asia,OFF-AR-10001329,Office Supplies,Art,"BIC Pens, Fluorescent",68.06519999999999,6,0.27,1.8251999999999988,7.14,High
30224,IN-2011-62891,2011-10-04,2011-10-06,Second Class,BF-11215,Benjamin Farhat,Home Office,Cirebon,Jawa Barat,Indonesia,APAC,Southeast Asia,OFF-ST-10001719,Office Supplies,Storage,"Tenex Trays, Industrial",272.35619999999994,6,0.17,-46.0638,7.13,Medium
24426,IN-2014-39077,2014-07-19,2014-07-23,Standard Class,JK-16120,Julie Kriz,Home Office,Palembang,Sumatera Selatan,Indonesia,APAC,Southeast Asia,TEC-PH-10004760,Technology,Phones,"Samsung Office Telephone, with Caller ID",54.1326,1,0.17,-7.8474,7.11,High
27493,ID-2012-18350,2012-05-26,2012-05-30,Standard Class,CD-12280,Christina DeMoss,Consumer,Bandung,Jawa Barat,Indonesia,APAC,Southeast Asia,TEC-AC-10004566,Technology,Accessories,"Belkin Mouse, USB",65.0628,3,0.47000000000000003,-16.027199999999993,7.11,High
29432,ID-2013-55961,2013-03-28,2013-03-31,First Class,PW-19240,Pierre Wener,Consumer,Jakarta,Jakarta,Indonesia,APAC,Southeast Asia,OFF-ST-10000268,Office Supplies,Storage,"Smead Box, Blue",26.8173,3,0.17,3.5073,7.1,High
24129,IN-2012-20765,2012-10-29,2012-11-03,Standard Class,CH-12070,Cathy Hwang,Home Office,Jakarta,Jakarta,Indonesia,APAC,Southeast Asia,TEC-AC-10004012,Technology,Accessories,"Enermax Flash Drive, Erganomic",41.6898,2,0.47000000000000003,-3.9701999999999984,7.09,High
26544,IN-2013-14325,2013-06-27,2013-07-02,Standard Class,SE-20110,Sanjit Engle,Consumer,Jakarta,Jakarta,Indonesia,APAC,Southeast Asia,FUR-FU-10003198,Furniture,Furnishings,"Rubbermaid Photo Frame, Erganomic",110.3103,3,0.27,-22.709700000000005,7.09,Medium
29881,ID-2012-43900,2012-06-08,2012-06-12,Standard Class,JB-16045,Julia Barnett,Home Office,Jakarta,Jakarta,Indonesia,APAC,Southeast Asia,OFF-ST-10004583,Office Supplies,Storage,"Eldon Shelving, Single Width",40.213499999999996,1,0.17,-5.836499999999999,7.08,High
24802,IN-2012-63150,2012-05-23,2012-05-28,Second Class,NH-18610,Nicole Hansen,Corporate,Bogor,Jawa Barat,Indonesia,APAC,Southeast Asia,OFF-FA-10003020,Office Supplies,Fasteners,"Accos Paper Clips, Bulk Pack",45.028800000000004,6,0.47000000000000003,-27.331200000000006,7.07,High
27555,IN-2013-61806,2013-10-03,2013-10-04,First Class,DB-13555,Dorothy Badders,Corporate,Semarang,Jawa Tengah,Indonesia,APAC,Southeast Asia,FUR-FU-10003540,Furniture,Furnishings,"Deflect-O Light Bulb, Erganomic",38.5659,3,0.27,4.725899999999999,7.07,Medium
27844,IN-2012-70087,2012-06-25,2012-06-25,Same Day,RD-19585,Rob Dowd,Consumer,Depok,Yogyakarta,Indonesia,APAC,Southeast Asia,OFF-BI-10000348,Office Supplies,Binders,"Cardinal Index Tab, Durable",31.623,5,0.17,5.972999999999999,7.07,High
23354,IN-2011-76842,2011-04-13,2011-04-17,Standard Class,SV-20785,Stewart Visinsky,Consumer,Surabaya,Jawa Timur,Indonesia,APAC,Southeast Asia,FUR-CH-10001695,Furniture,Chairs,"Harbour Creations Chairmat, Set of Two",108.40500000000002,2,0.27,-38.655000000000015,7.06,Medium
23224,ID-2013-28976,2013-11-07,2013-11-07,Same Day,JK-15205,Jamie Kunitz,Consumer,Jakarta,Jakarta,Indonesia,APAC,Southeast Asia,OFF-EN-10002090,Office Supplies,Envelopes,"Kraft Peel and Seal, with clear poly window",38.2077,3,0.47000000000000003,-0.7623000000000033,7.05,High
25566,IN-2013-73237,2013-07-03,2013-07-09,Standard Class,FA-14230,Frank Atkinson,Corporate,Mataram,Nusa Tenggara Barat,Indonesia,APAC,Southeast Asia,FUR-FU-10000647,Furniture,Furnishings,"Tenex Door Stop, Erganomic",93.0969,3,0.27,5.076899999999981,7.04,Medium
30133,ID-2013-72397,2013-04-01,2013-04-07,Standard Class,EM-14065,Erin Mull,Consumer,Jakarta,Jakarta,Indonesia,APAC,Southeast Asia,TEC-AC-10004249,Technology,Accessories,"Logitech Flash Drive, USB",130.25279999999998,8,0.47000000000000003,-12.307199999999995,7.04,Medium
21341,ID-2013-60896,2013-08-05,2013-08-07,First Class,JE-16165,Justin Ellison,Corporate,Jakarta,Jakarta,Indonesia,APAC,Southeast Asia,OFF-SU-10002362,Office Supplies,Supplies,"Acme Ruler, Serrated",21.3219,3,0.47000000000000003,-8.108100000000002,7.0,Critical
26663,ID-2011-39721,2011-05-12,2011-05-17,Standard Class,PB-19210,Phillip Breyer,Corporate,Medan,Sumatera Utara,Indonesia,APAC,Southeast Asia,FUR-CH-10004694,Furniture,Chairs,"Office Star Rocking Chair, Black",101.09040000000002,1,0.27,12.44039999999999,6.99,Medium
29100,ID-2011-26904,2011-10-08,2011-10-12,Standard Class,SP-20545,Sibella Parks,Corporate,Jember,Jawa Timur,Indonesia,APAC,Southeast Asia,OFF-AR-10001850,Office Supplies,Art,"BIC Highlighters, Fluorescent",58.95479999999999,4,0.27,-11.3652,6.95,High
27879,IN-2014-68337,2014-11-13,2014-11-17,Standard Class,TS-21430,Tom Stivers,Corporate,Samarinda,Kalimantan Timur,Indonesia,APAC,Southeast Asia,OFF-ST-10001229,Office Supplies,Storage,"Fellowes Box, Single Width",98.1558,6,0.17,-10.744200000000003,6.93,Medium
24810,ID-2013-26526,2013-06-07,2013-06-13,Standard Class,CG-12040,Catherine Glotzbach,Home Office,Bandung,Jawa Barat,Indonesia,APAC,Southeast Asia,OFF-PA-10001327,Office Supplies,Paper,"SanDisk Cards & Envelopes, Recycled",128.0745,5,0.47000000000000003,-91.97550000000001,6.92,Medium
27692,ID-2011-29865,2011-09-10,2011-09-17,Standard Class,GM-14680,Greg Matthias,Consumer,Manado,Sulawesi Utara,Indonesia,APAC,Southeast Asia,OFF-PA-10001968,Office Supplies,Paper,"Eaton Computer Printout Paper, 8.5 x 11",65.06280000000001,4,0.47000000000000003,-14.737200000000009,6.91,Low
25357,IN-2014-65936,2014-03-19,2014-03-25,Standard Class,TS-21205,Thomas Seio,Corporate,Jakarta,Jakarta,Indonesia,APAC,Southeast Asia,OFF-AR-10000120,Office Supplies,Art,"BIC Canvas, Fluorescent",120.36240000000001,3,0.27,9.842399999999998,6.9,Medium
20493,IN-2014-76450,2014-11-17,2014-11-21,Standard Class,PJ-19015,Pauline Johnson,Consumer,Pontianak,Kalimantan Barat,Indonesia,APAC,Southeast Asia,OFF-BI-10004666,Office Supplies,Binders,"Wilson Jones Binding Machine, Durable",125.6454,3,0.17,42.30539999999999,6.89,Medium
27915,IN-2014-19274,2014-11-28,2014-11-29,First Class,DB-13270,Deborah Brumfield,Home Office,Surabaya,Jawa Timur,Indonesia,APAC,Southeast Asia,OFF-SU-10000216,Office Supplies,Supplies,"Stiletto Ruler, Steel",52.97880000000001,7,0.47000000000000003,-19.0512,6.88,Medium
28902,ID-2013-52594,2013-04-10,2013-04-16,Standard Class,SJ-20215,Sarah Jordon,Consumer,Medan,Sumatera Utara,Indonesia,APAC,Southeast Asia,OFF-SU-10003515,Office Supplies,Supplies,"Acme Shears, Serrated",98.83440000000002,4,0.47000000000000003,-67.24560000000002,6.84,Medium
26307,ID-2013-66559,2013-02-13,2013-02-20,Standard Class,SC-20680,Steve Carroll,Home Office,Bengkulu,Bengkulu,Indonesia,APAC,Southeast Asia,OFF-AR-10000091,Office Supplies,Art,"BIC Markers, Fluorescent",121.28219999999999,6,0.27,-14.977800000000009,6.83,Medium
30242,IN-2014-31916,2014-10-29,2014-11-02,Second Class,SC-20260,Scott Cohen,Corporate,Jakarta,Jakarta,Indonesia,APAC,Southeast Asia,FUR-CH-10002117,Furniture,Chairs,"Hon Steel Folding Chair, Red",178.3098,3,0.27,26.839799999999983,6.79,Medium
22355,ID-2011-49710,2011-12-16,2011-12-22,Standard Class,TB-21400,Tom Boeckenhauer,Consumer,Depok,Yogyakarta,Indonesia,APAC,Southeast Asia,OFF-EN-10001157,Office Supplies,Envelopes,"Ames Business Envelopes, Security-Tint",69.83280000000002,9,0.47000000000000003,-51.39720000000001,6.75,Medium
28530,ID-2012-64998,2012-03-14,2012-03-18,Standard Class,HJ-14875,Heather Jas,Home Office,Probolinggo,Jawa Timur,Indonesia,APAC,Southeast Asia,OFF-EN-10002434,Office Supplies,Envelopes,"Kraft Manila Envelope, Recycled",93.8259,7,0.47000000000000003,-28.394099999999995,6.75,High
29431,ID-2013-55961,2013-03-28,2013-03-31,First Class,PW-19240,Pierre Wener,Consumer,Jakarta,Jakarta,Indonesia,APAC,Southeast Asia,OFF-SU-10001066,Office Supplies,Supplies,"Acme Letter Opener, Steel",31.386600000000005,2,0.47000000000000003,-22.553400000000003,6.74,High
30014,IN-2011-16558,2011-11-05,2011-11-06,First Class,AF-10870,Art Ferguson,Consumer,Medan,Sumatera Utara,Indonesia,APAC,Southeast Asia,OFF-AR-10001525,Office Supplies,Art,"Stanley Highlighters, Blue",53.655,5,0.27,2.205000000000002,6.74,Medium
22799,IN-2014-78151,2014-12-11,2014-12-16,Standard Class,NH-18610,Nicole Hansen,Corporate,Jakarta,Jakarta,Indonesia,APAC,Southeast Asia,FUR-FU-10002525,Furniture,Furnishings,"Deflect-O Door Stop, Erganomic",93.22830000000002,3,0.27,25.458299999999987,6.73,Medium
28917,IN-2013-37215,2013-07-16,2013-07-21,Standard Class,GH-14485,Gene Hale,Corporate,Denpasar,Bali,Indonesia,APAC,Southeast Asia,TEC-PH-10004618,Technology,Phones,"Motorola Signal Booster, Cordless",121.16340000000001,1,0.17,29.183399999999995,6.7,Medium
29548,ID-2014-12491,2014-05-06,2014-05-06,Same Day,TB-21520,Tracy Blumstein,Consumer,Jakarta,Jakarta,Indonesia,APAC,Southeast Asia,OFF-PA-10000116,Office Supplies,Paper,"Xerox Parchment Paper, Premium",28.1112,4,0.47000000000000003,-13.888800000000002,6.7,High
25982,IN-2013-37796,2013-07-12,2013-07-18,Standard Class,HG-14965,Henry Goldwyn,Corporate,Jakarta,Jakarta,Indonesia,APAC,Southeast Asia,TEC-PH-10001535,Technology,Phones,"Nokia Speaker Phone, Cordless",209.16,2,0.17,10.079999999999998,6.69,Medium
29039,ID-2013-40694,2013-04-19,2013-04-24,Standard Class,FA-14230,Frank Atkinson,Corporate,Jakarta,Jakarta,Indonesia,APAC,Southeast Asia,OFF-PA-10004910,Office Supplies,Paper,"Eaton Message Books, Premium",54.53699999999999,5,0.47000000000000003,0.987000000000009,6.61,High
30121,IN-2014-62961,2014-12-03,2014-12-07,Standard Class,AC-10615,Ann Chong,Corporate,Binjai,Sumatera Utara,Indonesia,APAC,Southeast Asia,TEC-AC-10002996,Technology,Accessories,"Enermax Mouse, Erganomic",60.57899999999999,3,0.47000000000000003,-14.931000000000004,6.61,High
24916,ID-2012-21248,2012-04-28,2012-04-28,Same Day,AS-10225,Alan Schoenberger,Corporate,Surabaya,Jawa Timur,Indonesia,APAC,Southeast Asia,OFF-BI-10000698,Office Supplies,Binders,"Wilson Jones Hole Reinforcements, Recycled",24.3522,6,0.17,5.272199999999999,6.59,Medium
24014,ID-2014-10076,2014-07-09,2014-07-13,Standard Class,HG-15025,Hunter Glantz,Consumer,Medan,Sumatera Utara,Indonesia,APAC,Southeast Asia,FUR-FU-10001130,Furniture,Furnishings,"Rubbermaid Stacking Tray, Erganomic",48.55229999999999,3,0.27,-0.047699999999998965,6.56,High
22062,IN-2014-45748,2014-09-29,2014-10-03,Standard Class,EA-14035,Erin Ashbrook,Corporate,Bandung,Jawa Barat,Indonesia,APAC,Southeast Asia,FUR-FU-10000889,Furniture,Furnishings,"Rubbermaid Clock, Black",36.616800000000005,1,0.27,3.496799999999995,6.55,High
22159,ID-2013-56927,2013-09-20,2013-09-25,Second Class,FC-14335,Fred Chung,Corporate,Cirebon,Jawa Barat,Indonesia,APAC,Southeast Asia,OFF-AR-10001226,Office Supplies,Art,"Boston Pencil Sharpener, Fluorescent",63.40050000000001,3,0.27,-21.739500000000003,6.55,Medium
23310,ID-2014-64830,2014-02-18,2014-02-21,First Class,CR-12625,Corey Roper,Home Office,Surabaya,Jawa Timur,Indonesia,APAC,Southeast Asia,OFF-LA-10000244,Office Supplies,Labels,"Hon Legal Exhibit Labels, Alphabetical",33.9624,6,0.47000000000000003,-9.057600000000004,6.53,Medium
21785,ID-2014-72208,2014-10-24,2014-10-26,Second Class,SV-20815,Stuart Van,Corporate,Bogor,Jawa Barat,Indonesia,APAC,Southeast Asia,OFF-SU-10002742,Office Supplies,Supplies,"Stiletto Trimmer, Serrated",62.72550000000001,3,0.47000000000000003,-18.99450000000001,6.52,High
22744,IN-2014-10293,2014-08-08,2014-08-15,Standard Class,PP-18955,Paul Prost,Home Office,Bekasi,Jawa Barat,Indonesia,APAC,Southeast Asia,OFF-BI-10004685,Office Supplies,Binders,"Acco Binder, Economy",88.02149999999999,7,0.17,14.731499999999997,6.5,Medium
27737,ID-2012-17538,2012-11-16,2012-11-20,Standard Class,DO-13645,Doug O'Connell,Consumer,Banjarmasin,Kalimantan Selatan,Indonesia,APAC,Southeast Asia,OFF-SU-10002732,Office Supplies,Supplies,"Acme Box Cutter, High Speed",60.102,3,0.47000000000000003,-18.198,6.45,High
20882,IN-2013-37103,2013-11-18,2013-11-18,Same Day,DB-13360,Dennis Bolton,Home Office,Bekasi,Jawa Barat,Indonesia,APAC,Southeast Asia,OFF-PA-10003418,Office Supplies,Paper,"Enermax Memo Slips, Multicolor",54.2826,6,0.47000000000000003,-13.397399999999998,6.36,High
22502,ID-2012-53301,2012-04-18,2012-04-23,Standard Class,MC-17605,Matt Connell,Corporate,Medan,Sumatera Utara,Indonesia,APAC,Southeast Asia,FUR-CH-10000187,Furniture,Chairs,"Hon Chairmat, Red",81.0738,2,0.27,-2.266200000000005,6.36,Medium
20320,IN-2013-76464,2013-06-12,2013-06-14,First Class,DK-13090,Dave Kipp,Consumer,Semarang,Jawa Tengah,Indonesia,APAC,Southeast Asia,OFF-AR-10000027,Office Supplies,Art,"Binney & Smith Pencil Sharpener, Easy-Erase",61.1667,3,0.27,10.046700000000001,6.35,High
27876,IN-2014-68337,2014-11-13,2014-11-17,Standard Class,TS-21430,Tom Stivers,Corporate,Samarinda,Kalimantan Timur,Indonesia,APAC,Southeast Asia,TEC-AC-10003407,Technology,Accessories,"Memorex Mouse, Erganomic",82.6164,6,0.47000000000000003,-51.48360000000001,6.34,Medium
29506,IN-2013-38384,2013-12-11,2013-12-13,First Class,MC-17635,Matthew Clasen,Corporate,Tasikmalaya,Jawa Barat,Indonesia,APAC,Southeast Asia,OFF-SU-10004198,Office Supplies,Supplies,"Kleencut Scissors, Easy Grip",63.36150000000002,5,0.47000000000000003,-40.738500000000016,6.28,High
20313,ID-2014-44908,2014-02-26,2014-03-04,Standard Class,AI-10855,Arianne Irving,Consumer,Bandung,Jawa Barat,Indonesia,APAC,Southeast Asia,OFF-PA-10003332,Office Supplies,Paper,"Xerox Cards & Envelopes, Recycled",47.57280000000001,2,0.47000000000000003,-15.307200000000002,6.27,Medium
22501,ID-2014-27912,2014-02-12,2014-02-16,Standard Class,CJ-12010,Caroline Jumper,Consumer,Jakarta,Jakarta,Indonesia,APAC,Southeast Asia,OFF-FA-10003833,Office Supplies,Fasteners,"OIC Thumb Tacks, Metal",60.16559999999999,8,0.47000000000000003,-45.4344,6.23,Medium
29725,IN-2014-29669,2014-05-24,2014-05-27,First Class,EM-13960,Eric Murdock,Consumer,Kendari,Sulawesi Tenggara,Indonesia,APAC,Southeast Asia,OFF-BI-10002684,Office Supplies,Binders,"Avery Hole Reinforcements, Clear",16.0605,5,0.17,5.8605,6.21,Critical
24042,IN-2011-29963,2011-01-06,2011-01-10,Standard Class,BH-11710,Brosina Hoffman,Consumer,Padang,Sumatera Barat,Indonesia,APAC,Southeast Asia,OFF-ST-10000344,Office Supplies,Storage,"Fellowes Box, Industrial",50.19840000000001,3,0.17,6.008399999999996,6.2,High
22745,IN-2014-10293,2014-08-08,2014-08-15,Standard Class,PP-18955,Paul Prost,Home Office,Bekasi,Jawa Barat,Indonesia,APAC,Southeast Asia,TEC-PH-10004675,Technology,Phones,"Nokia Audio Dock, VoIP",138.4689,1,0.17,23.328899999999997,6.19,Medium
25907,ID-2012-57669,2012-02-10,2012-02-17,Standard Class,VT-21700,Valerie Takahito,Home Office,Jakarta,Jakarta,Indonesia,APAC,Southeast Asia,OFF-FA-10004067,Office Supplies,Fasteners,"Stockwell Rubber Bands, 12 Pack",49.512600000000006,6,0.47000000000000003,-10.427399999999992,6.18,Medium
27364,IN-2012-13198,2012-10-27,2012-10-29,First Class,JK-15730,Joe Kamberova,Consumer,Bandung,Jawa Barat,Indonesia,APAC,Southeast Asia,OFF-LA-10003141,Office Supplies,Labels,"Hon Shipping Labels, Laser Printer Compatible",36.156600000000005,6,0.47000000000000003,1.9565999999999946,6.17,High
25753,ID-2012-70906,2012-01-03,2012-01-08,Second Class,JE-15610,Jim Epp,Corporate,Depok,Jawa Barat,Indonesia,APAC,Southeast Asia,OFF-AR-10002105,Office Supplies,Art,"Boston Highlighters, Fluorescent",44.08469999999999,3,0.27,-9.735299999999999,6.15,Medium
22635,ID-2013-25098,2013-03-04,2013-03-09,Standard Class,LW-17215,Luke Weiss,Consumer,Bekasi,Jawa Barat,Indonesia,APAC,Southeast Asia,OFF-SU-10004304,Office Supplies,Supplies,"Elite Letter Opener, Easy Grip",101.283,7,0.47000000000000003,-42.14699999999999,6.13,Medium
25963,ID-2014-28787,2014-03-21,2014-03-25,Standard Class,TB-21625,Trudy Brown,Consumer,Depok,Jawa Barat,Indonesia,APAC,Southeast Asia,OFF-AR-10001773,Office Supplies,Art,"Sanford Markers, Water Color",77.17559999999999,4,0.27,-5.384399999999996,6.12,Medium
22180,ID-2013-39868,2013-01-30,2013-02-04,Standard Class,VB-21745,Victoria Brennan,Corporate,Bandung,Jawa Barat,Indonesia,APAC,Southeast Asia,FUR-CH-10003336,Furniture,Chairs,"SAFCO Chairmat, Adjustable",90.9726,2,0.27,-13.727400000000006,6.11,Medium
28283,IN-2014-62800,2014-06-23,2014-06-30,Standard Class,TC-21475,Tony Chapman,Home Office,Samarinda,Kalimantan Timur,Indonesia,APAC,Southeast Asia,OFF-ST-10000220,Office Supplies,Storage,"Rogers Shelving, Industrial",103.93259999999998,2,0.17,1.212600000000002,6.1,Medium
26121,ID-2012-73398,2012-05-19,2012-05-26,Standard Class,SH-20395,Shahid Hopkins,Consumer,Depok,Jawa Barat,Indonesia,APAC,Southeast Asia,OFF-SU-10000216,Office Supplies,Supplies,"Stiletto Ruler, Steel",37.842,5,0.47000000000000003,-13.607999999999997,6.01,Low
24675,IN-2014-79488,2014-07-27,2014-08-02,Standard Class,HW-14935,Helen Wasserman,Corporate,Medan,Sumatera Utara,Indonesia,APAC,Southeast Asia,OFF-ST-10000306,Office Supplies,Storage,"Rogers Trays, Single Width",102.4386,2,0.17,-2.5014000000000003,6.0,Medium
23312,ID-2014-64830,2014-02-18,2014-02-21,First Class,CR-12625,Corey Roper,Home Office,Surabaya,Jawa Timur,Indonesia,APAC,Southeast Asia,TEC-CO-10001775,Technology,Copiers,"Sharp Wireless Fax, Laser",1324.0224,4,0.07,512.4624,5.97,Medium
20980,IN-2014-24405,2014-02-13,2014-02-18,Standard Class,PG-18895,Paul Gonzalez,Consumer,Jember,Jawa Timur,Indonesia,APAC,Southeast Asia,OFF-BI-10003142,Office Supplies,Binders,"Acco Binder Covers, Clear",53.03699999999999,5,0.17,-10.863,5.95,High
28637,IN-2012-21871,2012-01-19,2012-01-19,Same Day,LO-17170,Lori Olson,Corporate,Kendari,Sulawesi Tenggara,Indonesia,APAC,Southeast Asia,OFF-ST-10003017,Office Supplies,Storage,"Tenex Box, Industrial",42.280199999999994,3,0.17,-1.0998,5.94,High
29989,ID-2014-41653,2014-12-17,2014-12-24,Standard Class,TG-21310,Toby Gnade,Consumer,Jakarta,Jakarta,Indonesia,APAC,Southeast Asia,OFF-SU-10000789,Office Supplies,Supplies,"Kleencut Box Cutter, Serrated",49.846500000000006,3,0.47000000000000003,-10.363500000000009,5.92,Low
26960,IN-2014-50837,2014-11-12,2014-11-19,Standard Class,TS-21085,Thais Sissman,Consumer,Depok,Jawa Barat,Indonesia,APAC,Southeast Asia,FUR-CH-10004580,Furniture,Chairs,"Office Star Bag Chairs, Adjustable",84.57779999999998,2,0.27,4.597800000000003,5.91,Medium
21984,ID-2012-41982,2012-02-23,2012-02-28,Standard Class,BS-11755,Bruce Stewart,Consumer,Surabaya,Jawa Timur,Indonesia,APAC,Southeast Asia,OFF-ST-10000078,Office Supplies,Storage,"Eldon Trays, Single Width",79.67999999999999,2,0.17,-9.6,5.9,Medium
24331,ID-2014-47491,2014-07-10,2014-07-15,Standard Class,SP-20545,Sibella Parks,Corporate,Palembang,Sumatera Selatan,Indonesia,APAC,Southeast Asia,OFF-BI-10001808,Office Supplies,Binders,"Ibico Index Tab, Clear",29.5812,4,0.17,-5.098800000000001,5.88,High
29980,ID-2013-50459,2013-12-14,2013-12-19,Standard Class,VT-21700,Valerie Takahito,Home Office,Jakarta,Jakarta,Indonesia,APAC,Southeast Asia,OFF-SU-10002732,Office Supplies,Supplies,"Acme Box Cutter, High Speed",80.136,4,0.47000000000000003,-24.263999999999996,5.88,Medium
27020,IN-2014-74588,2014-10-20,2014-10-24,Standard Class,OT-18730,Olvera Toch,Consumer,Bandung,Jawa Barat,Indonesia,APAC,Southeast Asia,OFF-ST-10003154,Office Supplies,Storage,"Fellowes Shelving, Industrial",96.81119999999999,2,0.17,-2.3687999999999967,5.87,Medium
22160,ID-2013-56927,2013-09-20,2013-09-25,Second Class,FC-14335,Fred Chung,Corporate,Cirebon,Jawa Barat,Indonesia,APAC,Southeast Asia,OFF-EN-10003413,Office Supplies,Envelopes,"Jiffy Interoffice Envelope, with clear poly window",79.46820000000001,3,0.47000000000000003,-27.001800000000017,5.84,Medium
30239,ID-2012-23936,2012-08-13,2012-08-17,Standard Class,JM-16195,Justin MacKendrick,Consumer,Surabaya,Jawa Timur,Indonesia,APAC,Southeast Asia,TEC-AC-10000354,Technology,Accessories,"Belkin Numeric Keypad, USB",117.78720000000001,4,0.47000000000000003,-104.45280000000001,5.84,High
21897,ID-2012-71858,2012-02-01,2012-02-07,Standard Class,CP-12085,Cathy Prescott,Corporate,Jakarta,Jakarta,Indonesia,APAC,Southeast Asia,FUR-CH-10004576,Furniture,Chairs,"Hon Bag Chairs, Adjustable",69.5544,2,0.27,-2.865600000000004,5.83,Medium
28343,IN-2011-44761,2011-10-20,2011-10-24,Standard Class,EM-14140,Eugene Moren,Home Office,Malang,Jawa Timur,Indonesia,APAC,Southeast Asia,FUR-FU-10003235,Furniture,Furnishings,"Eldon Frame, Durable",82.69440000000002,1,0.27,-18.135600000000004,5.79,Medium
26459,ID-2013-19792,2013-06-12,2013-06-16,Second Class,CG-12520,Claire Gute,Consumer,Bandung,Jawa Barat,Indonesia,APAC,Southeast Asia,OFF-LA-10002139,Office Supplies,Labels,"Novimex Color Coded Labels, Alphabetical",45.4104,7,0.47000000000000003,-24.939600000000006,5.75,High
29874,ID-2014-26008,2014-11-28,2014-12-03,Standard Class,ML-17410,Maris LaWare,Consumer,Jakarta,Jakarta,Indonesia,APAC,Southeast Asia,TEC-PH-10004281,Technology,Phones,"Samsung Audio Dock, Cordless",422.5032,3,0.17,132.34320000000002,5.74,Medium
22606,ID-2013-19666,2013-07-11,2013-07-17,Standard Class,SV-20785,Stewart Visinsky,Consumer,Jakarta,Jakarta,Indonesia,APAC,Southeast Asia,OFF-SU-10000914,Office Supplies,Supplies,"Kleencut Scissors, Serrated",70.45290000000001,7,0.47000000000000003,-36.01710000000001,5.73,Medium
26789,ID-2014-76324,2014-12-25,2014-12-27,First Class,JF-15190,Jamie Frazer,Consumer,Jakarta,Jakarta,Indonesia,APAC,Southeast Asia,OFF-EN-10001029,Office Supplies,Envelopes,"Cameo Business Envelopes, Recycled",92.29950000000001,9,0.47000000000000003,-80.2305,5.71,Medium
26386,ID-2012-49843,2012-09-15,2012-09-15,Same Day,MC-17845,Michael Chen,Consumer,Depok,Yogyakarta,Indonesia,APAC,Southeast Asia,OFF-SU-10000932,Office Supplies,Supplies,"Elite Shears, Steel",49.1946,2,0.47000000000000003,-39.9654,5.68,High
28635,IN-2012-21871,2012-01-19,2012-01-19,Same Day,LO-17170,Lori Olson,Corporate,Kendari,Sulawesi Tenggara,Indonesia,APAC,Southeast Asia,FUR-CH-10000351,Furniture,Chairs,"Novimex Chairmat, Set of Two",42.7707,1,0.27,5.840699999999998,5.68,High
29127,ID-2011-78102,2011-01-27,2011-02-02,Standard Class,DB-13360,Dennis Bolton,Home Office,Samarinda,Kalimantan Timur,Indonesia,APAC,Southeast Asia,OFF-EN-10004144,Office Supplies,Envelopes,"Cameo Clasp Envelope, Security-Tint",82.0599,13,0.47000000000000003,-17.390100000000018,5.67,Medium
23313,ID-2014-64830,2014-02-18,2014-02-21,First Class,CR-12625,Corey Roper,Home Office,Surabaya,Jawa Timur,Indonesia,APAC,Southeast Asia,OFF-SU-10000062,Office Supplies,Supplies,"Stiletto Scissors, High Speed",25.026600000000002,2,0.47000000000000003,-21.293400000000002,5.65,Medium
27507,ID-2013-15935,2013-10-29,2013-11-02,Standard Class,KH-16360,Katherine Hughes,Consumer,Depok,Jawa Barat,Indonesia,APAC,Southeast Asia,OFF-BI-10001200,Office Supplies,Binders,"Avery Binder, Durable",59.75999999999999,5,0.17,-7.29,5.65,High
21618,IN-2011-30824,2011-06-01,2011-06-03,First Class,AB-10060,Adam Bellavance,Home Office,Denpasar,Bali,Indonesia,APAC,Southeast Asia,FUR-CH-10001204,Furniture,Chairs,"Harbour Creations Steel Folding Chair, Red",214.37910000000005,3,0.27,35.189099999999996,5.64,Medium
29572,ID-2011-75022,2011-10-19,2011-10-24,Standard Class,RW-19690,Robert Waldorf,Consumer,Jakarta,Jakarta,Indonesia,APAC,Southeast Asia,FUR-FU-10004730,Furniture,Furnishings,"Rubbermaid Light Bulb, Erganomic",63.728999999999985,5,0.27,-21.020999999999997,5.6,Medium
30278,ID-2014-18147,2014-06-11,2014-06-13,First Class,JF-15190,Jamie Frazer,Consumer,Surabaya,Jawa Timur,Indonesia,APAC,Southeast Asia,TEC-AC-10003408,Technology,Accessories,"Enermax Keyboard, Programmable",90.05760000000001,2,0.47000000000000003,-28.92240000000001,5.57,High
27576,ID-2014-50844,2014-10-25,2014-10-29,Standard Class,ST-20530,Shui Tom,Consumer,Jakarta,Jakarta,Indonesia,APAC,Southeast Asia,FUR-CH-10001871,Furniture,Chairs,"Harbour Creations Steel Folding Chair, Set of Two",73.10220000000001,1,0.27,-21.037800000000004,5.55,Medium
23899,ID-2013-79201,2013-08-24,2013-08-29,Second Class,CS-12130,Chad Sievert,Consumer,Binjai,Sumatera Utara,Indonesia,APAC,Southeast Asia,OFF-PA-10002618,Office Supplies,Paper,"Eaton Memo Slips, Multicolor",40.1475,5,0.47000000000000003,-12.2025,5.53,Medium
28636,IN-2012-21871,2012-01-19,2012-01-19,Same Day,LO-17170,Lori Olson,Corporate,Kendari,Sulawesi Tenggara,Indonesia,APAC,Southeast Asia,OFF-PA-10004326,Office Supplies,Paper,"Enermax Parchment Paper, Multicolor",26.711999999999996,3,0.47000000000000003,-17.657999999999994,5.51,High
29008,ID-2014-57081,2014-06-30,2014-07-06,Standard Class,BD-11725,Bruce Degenhardt,Consumer,Surabaya,Jawa Timur,Indonesia,APAC,Southeast Asia,OFF-ST-10001214,Office Supplies,Storage,"Smead Box, Industrial",28.012500000000003,3,0.17,10.732499999999998,5.5,Low
21172,ID-2013-12309,2013-07-29,2013-08-03,Standard Class,CS-12175,Charles Sheldon,Corporate,Palembang,Sumatera Selatan,Indonesia,APAC,Southeast Asia,TEC-AC-10001907,Technology,Accessories,"SanDisk Flash Drive, Bluetooth",83.8248,4,0.47000000000000003,-3.175200000000004,5.45,Medium
22806,IN-2014-78151,2014-12-11,2014-12-16,Standard Class,NH-18610,Nicole Hansen,Corporate,Jakarta,Jakarta,Indonesia,APAC,Southeast Asia,OFF-ST-10003017,Office Supplies,Storage,"Tenex Box, Industrial",84.56039999999999,6,0.17,-2.1996,5.45,Medium
23243,ID-2014-26827,2014-10-03,2014-10-07,Standard Class,DM-13015,Darrin Martin,Consumer,Bekasi,Jawa Barat,Indonesia,APAC,Southeast Asia,FUR-CH-10003354,Furniture,Chairs,"Novimex Bag Chairs, Black",127.1076,4,0.27,-45.33240000000001,5.45,Medium
24258,ID-2011-28395,2011-03-30,2011-04-05,Standard Class,BF-11080,Bart Folk,Consumer,Jakarta,Jakarta,Indonesia,APAC,Southeast Asia,OFF-SU-10004236,Office Supplies,Supplies,"Stiletto Letter Opener, Steel",66.46200000000002,5,0.47000000000000003,-17.688000000000017,5.43,Medium
24576,IN-2014-74476,2014-08-16,2014-08-21,Second Class,KL-16555,Kelly Lampkin,Corporate,Yogyakarta,Yogyakarta,Indonesia,APAC,Southeast Asia,OFF-ST-10004703,Office Supplies,Storage,"Tenex Folders, Single Width",57.8925,3,0.17,2.092500000000001,5.39,Medium
24786,ID-2012-12869,2012-11-28,2012-12-03,Standard Class,ML-17755,Max Ludwig,Home Office,Surabaya,Jawa Timur,Indonesia,APAC,Southeast Asia,TEC-AC-10002172,Technology,Accessories,"Memorex Keyboard, Programmable",154.4208,4,0.47000000000000003,-96.25920000000002,5.36,Medium
26511,ID-2013-24643,2013-05-03,2013-05-07,Standard Class,PR-18880,Patrick Ryan,Consumer,Surabaya,Jawa Timur,Indonesia,APAC,Southeast Asia,OFF-SU-10002909,Office Supplies,Supplies,"Fiskars Ruler, Easy Grip",59.54549999999999,7,0.47000000000000003,-43.98449999999999,5.35,High
23888,ID-2013-59566,2013-10-10,2013-10-15,Standard Class,SC-20800,Stuart Calhoun,Consumer,Bandung,Jawa Barat,Indonesia,APAC,Southeast Asia,OFF-SU-10003629,Office Supplies,Supplies,"Fiskars Letter Opener, High Speed",72.4245,5,0.47000000000000003,-10.975500000000004,5.34,Medium
21628,ID-2014-32119,2014-09-11,2014-09-15,Standard Class,Dl-13600,Dorris liebe,Corporate,Surabaya,Jawa Timur,Indonesia,APAC,Southeast Asia,OFF-SU-10000496,Office Supplies,Supplies,"Fiskars Scissors, Steel",83.69760000000001,7,0.47000000000000003,-20.67240000000001,5.3,Medium
26918,ID-2014-55226,2014-06-23,2014-06-29,Standard Class,ML-18265,Muhammed Lee,Consumer,Bandung,Jawa Barat,Indonesia,APAC,Southeast Asia,FUR-FU-10001343,Furniture,Furnishings,"Eldon Stacking Tray, Erganomic",87.95040000000002,4,0.27,-7.329600000000006,5.3,Medium
26895,ID-2014-51803,2014-05-31,2014-06-02,First Class,AB-10060,Adam Bellavance,Home Office,Jakarta,Jakarta,Indonesia,APAC,Southeast Asia,OFF-FA-10004659,Office Supplies,Fasteners,"Stockwell Thumb Tacks, 12 Pack",27.475200000000005,4,0.47000000000000003,-7.804800000000004,5.28,High
21881,ID-2011-20436,2011-08-31,2011-09-04,Second Class,PC-19000,Pauline Chand,Home Office,Jakarta,Jakarta,Indonesia,APAC,Southeast Asia,OFF-PA-10004815,Office Supplies,Paper,"Xerox Note Cards, Premium",27.952199999999998,2,0.47000000000000003,-9.007800000000001,5.25,High
27738,ID-2012-17538,2012-11-16,2012-11-20,Standard Class,DO-13645,Doug O'Connell,Consumer,Banjarmasin,Kalimantan Selatan,Indonesia,APAC,Southeast Asia,OFF-BI-10003779,Office Supplies,Binders,"Cardinal 3-Hole Punch, Durable",50.297999999999995,2,0.17,13.938000000000002,5.25,High
25264,ID-2012-36977,2012-06-13,2012-06-18,Standard Class,RE-19450,Richard Eichhorn,Consumer,Jakarta,Jakarta,Indonesia,APAC,Southeast Asia,OFF-BI-10001266,Office Supplies,Binders,"Acco 3-Hole Punch, Economy",74.9988,3,0.17,-1.8612000000000037,5.23,Medium
28630,ID-2012-70052,2012-01-25,2012-01-27,Second Class,FM-14380,Fred McMath,Consumer,Samarinda,Kalimantan Timur,Indonesia,APAC,Southeast Asia,OFF-AR-10002389,Office Supplies,Art,"Binney & Smith Pens, Fluorescent",28.908,3,0.27,-4.032000000000003,5.2,High
29441,ID-2011-22172,2011-06-29,2011-07-01,First Class,FP-14320,Frank Preis,Consumer,Kupang,Nusa Tenggara Timur,Indonesia,APAC,Southeast Asia,FUR-CH-10000825,Furniture,Chairs,"SAFCO Chairmat, Red",87.33720000000001,2,0.27,14.317199999999993,5.2,Medium
21913,IN-2011-50361,2011-07-27,2011-07-31,Standard Class,MC-17845,Michael Chen,Consumer,Jakarta,Jakarta,Indonesia,APAC,Southeast Asia,OFF-AR-10000054,Office Supplies,Art,"Sanford Pencil Sharpener, Water Color",57.15899999999999,3,0.27,7.0290000000000035,5.16,Medium
22296,IN-2011-22830,2011-07-28,2011-07-30,First Class,BM-11785,Bryan Mills,Consumer,Probolinggo,Jawa Timur,Indonesia,APAC,Southeast Asia,OFF-SU-10001382,Office Supplies,Supplies,"Acme Trimmer, Serrated",43.756800000000005,2,0.47000000000000003,-17.383200000000006,5.14,Medium
21054,IN-2014-51194,2014-06-13,2014-06-18,Standard Class,BP-11155,Becky Pak,Consumer,Jakarta,Jakarta,Indonesia,APAC,Southeast Asia,OFF-BI-10002919,Office Supplies,Binders,"Acco Binder Covers, Durable",61.502999999999986,5,0.17,5.102999999999998,5.13,Medium
23087,ID-2013-19309,2013-08-23,2013-08-30,Standard Class,MZ-17515,Mary Zewe,Corporate,Surabaya,Jawa Timur,Indonesia,APAC,Southeast Asia,OFF-BI-10001028,Office Supplies,Binders,"Ibico 3-Hole Punch, Clear",74.47590000000001,3,0.17,12.555899999999998,5.13,Medium
28916,IN-2013-37215,2013-07-16,2013-07-21,Standard Class,GH-14485,Gene Hale,Corporate,Denpasar,Bali,Indonesia,APAC,Southeast Asia,OFF-LA-10003141,Office Supplies,Labels,"Hon Shipping Labels, Laser Printer Compatible",48.208800000000004,8,0.47000000000000003,2.608799999999995,5.1,Medium
28482,ID-2014-25077,2014-09-26,2014-10-02,Standard Class,KD-16270,Karen Daniels,Consumer,Depok,Yogyakarta,Indonesia,APAC,Southeast Asia,OFF-LA-10004919,Office Supplies,Labels,"Smead Color Coded Labels, Alphabetical",75.03210000000001,11,0.47000000000000003,-26.937900000000013,5.07,Medium
29007,ID-2014-57081,2014-06-30,2014-07-06,Standard Class,BD-11725,Bruce Degenhardt,Consumer,Surabaya,Jawa Timur,Indonesia,APAC,Southeast Asia,OFF-FA-10002011,Office Supplies,Fasteners,"OIC Push Pins, Bulk Pack",55.316100000000006,7,0.47000000000000003,-29.313900000000007,5.07,Low
21749,ID-2011-43480,2011-11-22,2011-11-24,First Class,MS-17980,Michael Stewart,Corporate,Bekasi,Jawa Barat,Indonesia,APAC,Southeast Asia,OFF-AR-10001336,Office Supplies,Art,"Binney & Smith Pens, Blue",17.4324,2,0.27,-2.1876000000000015,5.05,High
24915,ID-2012-21248,2012-04-28,2012-04-28,Same Day,AS-10225,Alan Schoenberger,Corporate,Surabaya,Jawa Timur,Indonesia,APAC,Southeast Asia,OFF-ST-10001707,Office Supplies,Storage,"Smead Shelving, Single Width",40.6368,1,0.17,-6.3732,5.05,Medium
23086,ID-2013-19309,2013-08-23,2013-08-30,Standard Class,MZ-17515,Mary Zewe,Corporate,Surabaya,Jawa Timur,Indonesia,APAC,Southeast Asia,OFF-SU-10004919,Office Supplies,Supplies,"Acme Letter Opener, High Speed",112.07910000000001,7,0.47000000000000003,-48.7809,5.04,Medium
24909,IN-2014-23663,2014-02-07,2014-02-11,Standard Class,BT-11485,Brad Thomas,Home Office,Yogyakarta,Yogyakarta,Indonesia,APAC,Southeast Asia,OFF-ST-10004228,Office Supplies,Storage,"Tenex Shelving, Industrial",228.831,5,0.17,38.48099999999999,5.03,Medium
25126,ID-2013-16110,2013-11-30,2013-12-02,Second Class,TB-21250,Tim Brockman,Consumer,Jambi,Jambi,Indonesia,APAC,Southeast Asia,OFF-LA-10002020,Office Supplies,Labels,"Novimex Color Coded Labels, 5000 Label Set",13.5786,2,0.47000000000000003,-6.1613999999999995,5.02,Critical
27470,ID-2014-56339,2014-11-17,2014-11-24,Standard Class,AP-10720,Anne Pryor,Home Office,Jakarta,Jakarta,Indonesia,APAC,Southeast Asia,OFF-SU-10001686,Office Supplies,Supplies,"Kleencut Trimmer, Easy Grip",45.633,2,0.47000000000000003,-24.987,5.0,Low
20620,IN-2014-54211,2014-01-16,2014-01-20,Standard Class,KB-16315,Karl Braun,Consumer,Bekasi,Jawa Barat,Indonesia,APAC,Southeast Asia,OFF-BI-10004869,Office Supplies,Binders,"Avery 3-Hole Punch, Recycled",93.7236,4,0.17,34.92359999999999,4.99,Medium
29531,IN-2013-16712,2013-10-22,2013-10-24,Second Class,JL-15175,James Lanier,Home Office,Kendari,Sulawesi Tenggara,Indonesia,APAC,Southeast Asia,OFF-FA-10001309,Office Supplies,Fasteners,"Stockwell Thumb Tacks, 12 Pack",33.3105,5,0.47000000000000003,-17.689499999999995,4.97,High
23124,ID-2011-74539,2011-08-12,2011-08-18,Standard Class,TB-21175,Thomas Boland,Corporate,Kendari,Sulawesi Tenggara,Indonesia,APAC,Southeast Asia,TEC-AC-10003776,Technology,Accessories,"Belkin Flash Drive, Programmable",69.0696,3,0.47000000000000003,-39.1104,4.94,Low
23900,ID-2013-79201,2013-08-24,2013-08-29,Second Class,CS-12130,Chad Sievert,Consumer,Binjai,Sumatera Utara,Indonesia,APAC,Southeast Asia,OFF-FA-10004659,Office Supplies,Fasteners,"Stockwell Thumb Tacks, 12 Pack",27.475200000000005,4,0.47000000000000003,-7.804800000000004,4.93,Medium
24246,ID-2014-20576,2014-05-02,2014-05-08,Standard Class,JB-16000,Joy Bell-,Consumer,Bogor,Jawa Barat,Indonesia,APAC,Southeast Asia,TEC-AC-10004848,Technology,Accessories,"SanDisk Memory Card, Erganomic",58.416599999999995,1,0.47000000000000003,-41.9034,4.93,Medium
23174,IN-2012-30943,2012-08-03,2012-08-08,Standard Class,KH-16330,Katharine Harms,Corporate,Yogyakarta,Yogyakarta,Indonesia,APAC,Southeast Asia,OFF-PA-10004335,Office Supplies,Paper,"Green Bar Computer Printout Paper, Recycled",47.17530000000001,3,0.47000000000000003,-16.99470000000001,4.92,High
28479,IN-2012-39336,2012-12-07,2012-12-10,Second Class,AG-10765,Anthony Garverick,Home Office,Malang,Jawa Timur,Indonesia,APAC,Southeast Asia,OFF-AR-10000091,Office Supplies,Art,"BIC Markers, Fluorescent",60.641099999999994,3,0.27,-7.4889000000000046,4.9,High
24780,IN-2014-41345,2014-11-13,2014-11-18,Standard Class,DV-13045,Darrin Van Huff,Corporate,Pekanbaru,Riau,Indonesia,APAC,Southeast Asia,OFF-FA-10003745,Office Supplies,Fasteners,"Accos Rubber Bands, Metal",62.32800000000001,7,0.47000000000000003,-17.682000000000002,4.87,Medium
22775,ID-2011-42164,2011-01-28,2011-01-31,First Class,MP-17965,Michael Paige,Corporate,Semarang,Jawa Tengah,Indonesia,APAC,Southeast Asia,OFF-SU-10000375,Office Supplies,Supplies,"Kleencut Box Cutter, Steel",90.23249999999999,5,0.47000000000000003,-51.2175,4.86,Medium
20600,ID-2013-70122,2013-06-11,2013-06-15,Standard Class,AD-10180,Alan Dominguez,Home Office,Jakarta,Jakarta,Indonesia,APAC,Southeast Asia,OFF-SU-10000885,Office Supplies,Supplies,"Elite Box Cutter, Steel",36.3474,2,0.47000000000000003,-30.912599999999998,4.85,High
26649,IN-2014-23894,2014-04-02,2014-04-05,Second Class,LP-17095,Liz Preis,Consumer,Jakarta,Jakarta,Indonesia,APAC,Southeast Asia,OFF-FA-10000746,Office Supplies,Fasteners,"Advantus Thumb Tacks, 12 Pack",27.6024,4,0.47000000000000003,-20.8776,4.83,Critical
29650,IN-2012-37054,2012-02-15,2012-02-18,First Class,PK-18910,Paul Knutson,Home Office,Medan,Sumatera Utara,Indonesia,APAC,Southeast Asia,OFF-BI-10000871,Office Supplies,Binders,"Wilson Jones Binder Covers, Recycled",28.759499999999996,3,0.17,4.819499999999999,4.83,Medium
23433,ID-2011-16915,2011-10-20,2011-10-24,Standard Class,BW-11065,Barry Weirich,Consumer,Semarang,Jawa Tengah,Indonesia,APAC,Southeast Asia,OFF-SU-10003522,Office Supplies,Supplies,"Elite Box Cutter, Serrated",50.2281,3,0.47000000000000003,-2.8718999999999966,4.82,High
26662,ID-2011-39721,2011-05-12,2011-05-17,Standard Class,PB-19210,Phillip Breyer,Corporate,Medan,Sumatera Utara,Indonesia,APAC,Southeast Asia,OFF-EN-10004744,Office Supplies,Envelopes,"GlobeWeis Mailers, with clear poly window",89.2308,4,0.47000000000000003,-45.5292,4.8,Medium
27545,ID-2014-53623,2014-06-04,2014-06-08,Standard Class,DS-13180,David Smith,Corporate,Kediri,Jawa Timur,Indonesia,APAC,Southeast Asia,OFF-PA-10001006,Office Supplies,Paper,"Eaton Message Books, Recycled",65.1582,6,0.47000000000000003,-6.3018,4.78,Medium
23038,IN-2013-38475,2013-07-04,2013-07-04,Same Day,EH-14185,Evan Henry,Consumer,Medan,Sumatera Utara,Indonesia,APAC,Southeast Asia,OFF-AR-10001278,Office Supplies,Art,"Binney & Smith Pens, Water Color",22.075200000000002,2,0.27,3.8951999999999973,4.77,High
20751,IN-2013-24202,2013-09-25,2013-09-30,Standard Class,NB-18655,Nona Balk,Corporate,Bandung,Jawa Barat,Indonesia,APAC,Southeast Asia,OFF-BI-10004700,Office Supplies,Binders,"Cardinal Binder, Durable",50.895599999999995,4,0.17,7.335599999999998,4.76,Medium
22248,ID-2011-70787,2011-12-08,2011-12-14,Standard Class,GB-14575,Giulietta Baptist,Consumer,Kupang,Nusa Tenggara Timur,Indonesia,APAC,Southeast Asia,OFF-SU-10001686,Office Supplies,Supplies,"Kleencut Trimmer, Easy Grip",114.08250000000001,5,0.47000000000000003,-62.46749999999999,4.75,Medium
24681,IN-2012-66384,2012-06-26,2012-06-29,First Class,JD-15895,Jonathan Doherty,Corporate,Jember,Jawa Timur,Indonesia,APAC,Southeast Asia,FUR-FU-10001507,Furniture,Furnishings,"Rubbermaid Light Bulb, Duo Pack",68.985,5,0.27,3.7349999999999994,4.74,High
23889,ID-2013-59566,2013-10-10,2013-10-15,Standard Class,SC-20800,Stuart Calhoun,Consumer,Bandung,Jawa Barat,Indonesia,APAC,Southeast Asia,OFF-EN-10000454,Office Supplies,Envelopes,"GlobeWeis Business Envelopes, Set of 50",64.3314,7,0.47000000000000003,-57.04860000000001,4.72,Medium
23982,ID-2014-17475,2014-03-17,2014-03-22,Second Class,DH-13075,Dave Hallsten,Corporate,Depok,Yogyakarta,Indonesia,APAC,Southeast Asia,OFF-EN-10002258,Office Supplies,Envelopes,"Jiffy Mailers, with clear poly window",43.1526,2,0.47000000000000003,-6.5274,4.72,Medium
20512,IN-2013-18021,2013-09-18,2013-09-24,Standard Class,BT-11680,Brian Thompson,Consumer,Depok,Yogyakarta,Indonesia,APAC,Southeast Asia,OFF-ST-10002066,Office Supplies,Storage,"Smead File Cart, Blue",105.8001,1,0.17,15.290099999999999,4.68,Medium
21754,ID-2011-43480,2011-11-22,2011-11-24,First Class,MS-17980,Michael Stewart,Corporate,Bekasi,Jawa Barat,Indonesia,APAC,Southeast Asia,OFF-EN-10003537,Office Supplies,Envelopes,"GlobeWeis Manila Envelope, Set of 50",29.0334,2,0.47000000000000003,-9.366600000000002,4.66,High
28405,IN-2013-33883,2013-09-12,2013-09-15,Second Class,SD-20485,Shirley Daniels,Home Office,Bandung,Jawa Barat,Indonesia,APAC,Southeast Asia,FUR-CH-10003580,Furniture,Chairs,"Harbour Creations Bag Chairs, Black",43.2087,1,0.27,12.9987,4.66,Medium
25181,ID-2014-68953,2014-12-20,2014-12-24,Standard Class,CS-12130,Chad Sievert,Consumer,Jakarta,Jakarta,Indonesia,APAC,Southeast Asia,OFF-AR-10004656,Office Supplies,Art,"Boston Sketch Pad, Easy-Erase",71.3502,2,0.27,-4.909800000000001,4.62,High
29888,ID-2014-38944,2014-06-18,2014-06-23,Standard Class,RC-19960,Ryan Crowe,Consumer,Bandung,Jawa Barat,Indonesia,APAC,Southeast Asia,OFF-PA-10002771,Office Supplies,Paper,"SanDisk Parchment Paper, Premium",70.8504,8,0.47000000000000003,-26.829599999999992,4.62,Medium
29595,ID-2014-77864,2014-12-10,2014-12-15,Standard Class,JK-15370,Jay Kimmel,Consumer,Depok,Jawa Barat,Indonesia,APAC,Southeast Asia,OFF-PA-10004380,Office Supplies,Paper,"SanDisk Memo Slips, Multicolor",29.2401,3,0.47000000000000003,-19.3599,4.61,High
25836,ID-2013-64011,2013-11-26,2013-12-01,Standard Class,JH-16180,Justin Hirsh,Consumer,Jakarta,Jakarta,Indonesia,APAC,Southeast Asia,OFF-SU-10000723,Office Supplies,Supplies,"Kleencut Shears, Steel",73.4103,3,0.47000000000000003,-38.81970000000001,4.6,Medium
21571,ID-2014-59776,2014-10-01,2014-10-04,First Class,PF-19165,Philip Fox,Consumer,Depok,Yogyakarta,Indonesia,APAC,Southeast Asia,TEC-AC-10004562,Technology,Accessories,"Enermax Flash Drive, Programmable",45.6012,2,0.47000000000000003,-37.0188,4.59,High
28406,IN-2013-33883,2013-09-12,2013-09-15,Second Class,SD-20485,Shirley Daniels,Home Office,Bandung,Jawa Barat,Indonesia,APAC,Southeast Asia,OFF-PA-10000344,Office Supplies,Paper,"SanDisk Memo Slips, 8.5 x 11",78.35520000000001,7,0.47000000000000003,4.435199999999995,4.59,Medium
26090,ID-2011-38699,2011-11-07,2011-11-08,First Class,JH-15985,Joseph Holt,Consumer,Jakarta,Jakarta,Indonesia,APAC,Southeast Asia,OFF-FA-10004447,Office Supplies,Fasteners,"Advantus Rubber Bands, Metal",17.712600000000002,2,0.47000000000000003,-4.727400000000001,4.58,High
26258,IN-2014-29900,2014-05-14,2014-05-18,Standard Class,SM-20950,Suzanne McNair,Corporate,Semarang,Jawa Tengah,Indonesia,APAC,Southeast Asia,OFF-ST-10003159,Office Supplies,Storage,"Smead Trays, Single Width",120.78989999999999,3,0.17,1.449900000000003,4.58,Medium
23202,ID-2013-48709,2013-08-02,2013-08-07,Standard Class,CS-12175,Charles Sheldon,Corporate,Bekasi,Jawa Barat,Indonesia,APAC,Southeast Asia,OFF-PA-10004268,Office Supplies,Paper,"SanDisk Note Cards, 8.5 x 11",78.78450000000001,5,0.47000000000000003,-59.515499999999996,4.57,Medium
28340,IN-2011-44761,2011-10-20,2011-10-24,Standard Class,EM-14140,Eugene Moren,Home Office,Malang,Jawa Timur,Indonesia,APAC,Southeast Asia,OFF-PA-10001653,Office Supplies,Paper,"Green Bar Memo Slips, Multicolor",58.3848,6,0.47000000000000003,-36.47520000000001,4.56,Medium
28284,IN-2014-62800,2014-06-23,2014-06-30,Standard Class,TC-21475,Tony Chapman,Home Office,Samarinda,Kalimantan Timur,Indonesia,APAC,Southeast Asia,OFF-LA-10002289,Office Supplies,Labels,"Hon Shipping Labels, Adjustable",44.2179,9,0.47000000000000003,-31.922100000000007,4.54,Medium
28975,IN-2013-35031,2013-06-12,2013-06-18,Standard Class,AG-10765,Anthony Garverick,Home Office,Jakarta,Jakarta,Indonesia,APAC,Southeast Asia,FUR-FU-10000647,Furniture,Furnishings,"Tenex Door Stop, Erganomic",62.064600000000006,2,0.27,3.384599999999992,4.54,Medium
29596,ID-2014-77864,2014-12-10,2014-12-15,Standard Class,JK-15370,Jay Kimmel,Consumer,Depok,Jawa Barat,Indonesia,APAC,Southeast Asia,OFF-BI-10002853,Office Supplies,Binders,"Avery Binder Covers, Recycled",47.43449999999999,5,0.17,17.134500000000003,4.51,High
23800,ID-2014-45027,2014-05-10,2014-05-14,Standard Class,KH-16690,Kristen Hastings,Corporate,Jakarta,Jakarta,Indonesia,APAC,Southeast Asia,OFF-SU-10000738,Office Supplies,Supplies,"Acme Shears, Steel",52.27920000000001,2,0.47000000000000003,-23.680800000000012,4.49,Medium
28095,ID-2013-30201,2013-12-28,2014-01-02,Standard Class,VW-21775,Victoria Wilson,Corporate,Pematangsiantar,Sumatera Utara,Indonesia,APAC,Southeast Asia,OFF-SU-10004696,Office Supplies,Supplies,"Acme Shears, Easy Grip",54.632400000000004,2,0.47000000000000003,-38.1876,4.49,Medium
22182,ID-2013-39868,2013-01-30,2013-02-04,Standard Class,VB-21745,Victoria Brennan,Corporate,Bandung,Jawa Barat,Indonesia,APAC,Southeast Asia,OFF-FA-10001375,Office Supplies,Fasteners,"Accos Clamps, 12 Pack",49.84650000000001,5,0.47000000000000003,-36.703500000000005,4.46,Medium
26332,ID-2014-24685,2014-11-14,2014-11-19,Standard Class,RD-19720,Roger Demir,Consumer,Bekasi,Jawa Barat,Indonesia,APAC,Southeast Asia,OFF-SU-10003559,Office Supplies,Supplies,"Kleencut Ruler, Steel",34.34400000000001,5,0.47000000000000003,-16.956000000000003,4.45,Medium
22562,IN-2012-72040,2012-02-10,2012-02-13,First Class,MA-17995,Michelle Arnett,Home Office,Medan,Sumatera Utara,Indonesia,APAC,Southeast Asia,OFF-ST-10002085,Office Supplies,Storage,"Tenex File Cart, Industrial",111.32789999999999,1,0.17,41.5779,4.4,Medium
29433,ID-2013-40036,2013-03-11,2013-03-15,Standard Class,MP-17470,Mark Packer,Home Office,Pekalongan,Jawa Tengah,Indonesia,APAC,Southeast Asia,OFF-EN-10000699,Office Supplies,Envelopes,"Cameo Interoffice Envelope, Set of 50",50.275800000000004,2,0.47000000000000003,-0.9642000000000053,4.4,Medium
26528,ID-2013-19540,2013-12-02,2013-12-06,Standard Class,MF-18250,Monica Federle,Corporate,Depok,Yogyakarta,Indonesia,APAC,Southeast Asia,TEC-AC-10003640,Technology,Accessories,"SanDisk Mouse, Programmable",42.198600000000006,2,0.47000000000000003,-35.8614,4.36,Medium
29979,ID-2014-68932,2014-11-08,2014-11-13,Standard Class,MS-17365,Maribeth Schnelling,Consumer,Jakarta,Jakarta,Indonesia,APAC,Southeast Asia,OFF-PA-10004968,Office Supplies,Paper,"Enermax Computer Printout Paper, Multicolor",47.50920000000001,3,0.47000000000000003,-20.62080000000001,4.36,High
20881,IN-2013-37103,2013-11-18,2013-11-18,Same Day,DB-13360,Dennis Bolton,Home Office,Bekasi,Jawa Barat,Indonesia,APAC,Southeast Asia,OFF-BI-10003475,Office Supplies,Binders,"Wilson Jones Index Tab, Recycled",39.566100000000006,7,0.17,13.736099999999999,4.34,High
28536,ID-2013-24587,2013-04-16,2013-04-18,Second Class,ML-17410,Maris LaWare,Consumer,Jakarta,Jakarta,Indonesia,APAC,Southeast Asia,TEC-AC-10000111,Technology,Accessories,"SanDisk Mouse, USB",20.415599999999998,1,0.47000000000000003,-18.1044,4.34,High
27130,IN-2011-13723,2011-12-27,2011-12-29,First Class,VD-21670,Valerie Dominguez,Consumer,Jakarta,Jakarta,Indonesia,APAC,Southeast Asia,OFF-LA-10001292,Office Supplies,Labels,"Smead File Folder Labels, Adjustable",32.3406,9,0.47000000000000003,1.0206000000000053,4.32,High
24256,ID-2012-27450,2012-11-16,2012-11-17,First Class,AH-10075,Adam Hart,Corporate,Bandung,Jawa Barat,Indonesia,APAC,Southeast Asia,OFF-BI-10003713,Office Supplies,Binders,"Wilson Jones Index Tab, Economy",32.120999999999995,6,0.17,7.641,4.31,Medium
21390,ID-2014-27163,2014-10-27,2014-10-31,Second Class,DV-13045,Darrin Van Huff,Corporate,Manado,Sulawesi Utara,Indonesia,APAC,Southeast Asia,OFF-BI-10002708,Office Supplies,Binders,"Acco Binder, Clear",24.252599999999997,2,0.17,1.7526000000000002,4.28,High
22431,ID-2012-44327,2012-01-11,2012-01-15,Second Class,VP-21730,Victor Preis,Home Office,Jakarta,Jakarta,Indonesia,APAC,Southeast Asia,TEC-AC-10003889,Technology,Accessories,"Enermax Mouse, USB",42.92999999999999,2,0.47000000000000003,-18.629999999999992,4.28,Medium
27152,ID-2013-64970,2013-11-06,2013-11-10,Standard Class,LM-17065,Liz MacKendrick,Consumer,Mataram,Nusa Tenggara Barat,Indonesia,APAC,Southeast Asia,OFF-ST-10001554,Office Supplies,Storage,"Eldon Folders, Industrial",72.459,5,0.17,-12.291,4.28,Medium
29892,IN-2012-63395,2012-10-08,2012-10-12,Standard Class,JP-15460,Jennifer Patt,Corporate,Bandung,Jawa Barat,Indonesia,APAC,Southeast Asia,FUR-FU-10001130,Furniture,Furnishings,"Rubbermaid Stacking Tray, Erganomic",64.73639999999999,4,0.27,-0.06360000000000099,4.28,Medium
23793,ID-2012-24111,2012-11-28,2012-12-03,Standard Class,SF-20200,Sarah Foster,Consumer,Surabaya,Jawa Timur,Indonesia,APAC,Southeast Asia,OFF-BI-10003142,Office Supplies,Binders,"Acco Binder Covers, Clear",63.64439999999999,6,0.17,-13.0356,4.26,Medium
27054,ID-2014-31545,2014-11-24,2014-11-27,First Class,AA-10645,Anna Andreadi,Consumer,Jakarta,Jakarta,Indonesia,APAC,Southeast Asia,OFF-BI-10002278,Office Supplies,Binders,"Ibico Binder Covers, Economy",33.988499999999995,3,0.17,4.0185,4.26,Critical
23731,ID-2014-50970,2014-05-26,2014-06-01,Standard Class,TM-21010,Tamara Manning,Consumer,Medan,Sumatera Utara,Indonesia,APAC,Southeast Asia,OFF-FA-10002011,Office Supplies,Fasteners,"OIC Push Pins, Bulk Pack",47.4138,6,0.47000000000000003,-25.126200000000008,4.24,Medium
23032,IN-2013-28150,2013-10-12,2013-10-17,Standard Class,BS-11800,Bryan Spruell,Home Office,Bandung,Jawa Barat,Indonesia,APAC,Southeast Asia,OFF-BI-10004140,Office Supplies,Binders,"Cardinal Index Tab, Clear",27.88799999999999,5,0.17,9.288,4.22,High
24928,IN-2012-24867,2012-10-06,2012-10-10,Second Class,PB-19210,Phillip Breyer,Corporate,Depok,Jawa Barat,Indonesia,APAC,Southeast Asia,OFF-AR-10003461,Office Supplies,Art,"Stanley Pencil Sharpener, Easy-Erase",38.0184,2,0.27,10.8984,4.2,Medium
25922,IN-2013-18105,2013-08-08,2013-08-11,First Class,EH-13945,Eric Hoffmann,Consumer,Jakarta,Jakarta,Indonesia,APAC,Southeast Asia,OFF-AR-10004138,Office Supplies,Art,"Stanley Pens, Easy-Erase",15.0672,2,0.27,1.6271999999999984,4.2,Critical
23171,IN-2014-36683,2014-08-15,2014-08-20,Second Class,SK-19990,Sally Knutson,Consumer,Medan,Sumatera Utara,Indonesia,APAC,Southeast Asia,OFF-AR-10003962,Office Supplies,Art,"Binney & Smith Highlighters, Water Color",72.1605,5,0.27,15.7605,4.19,Medium
23491,ID-2013-11091,2013-05-14,2013-05-19,Standard Class,ML-17410,Maris LaWare,Consumer,Yogyakarta,Yogyakarta,Indonesia,APAC,Southeast Asia,OFF-AR-10000539,Office Supplies,Art,"Boston Markers, Easy-Erase",38.8944,2,0.27,-10.665600000000001,4.18,High
27184,ID-2012-41702,2012-12-05,2012-12-09,Standard Class,MH-17620,Matt Hagelstein,Corporate,Purwokerto,Jawa Tengah,Indonesia,APAC,Southeast Asia,OFF-PA-10000070,Office Supplies,Paper,"Eaton Computer Printout Paper, Recycled",42.071400000000004,3,0.47000000000000003,-11.92860000000001,4.14,High
22564,IN-2012-72040,2012-02-10,2012-02-13,First Class,MA-17995,Michelle Arnett,Home Office,Medan,Sumatera Utara,Indonesia,APAC,Southeast Asia,OFF-AR-10001132,Office Supplies,Art,"BIC Markers, Blue",38.5878,2,0.27,8.947799999999997,4.12,Medium
29610,ID-2014-62856,2014-07-29,2014-08-02,Second Class,BP-11290,Beth Paige,Consumer,Bekasi,Jawa Barat,Indonesia,APAC,Southeast Asia,OFF-SU-10003665,Office Supplies,Supplies,"Kleencut Trimmer, Serrated",40.41780000000001,2,0.47000000000000003,-25.942200000000007,4.12,Medium
23615,IN-2014-48877,2014-03-15,2014-03-20,Second Class,CC-12100,Chad Cunningham,Home Office,Pekanbaru,Riau,Indonesia,APAC,Southeast Asia,OFF-BI-10002682,Office Supplies,Binders,"Cardinal Binding Machine, Economy",165.23640000000003,4,0.17,33.83639999999998,4.1,Medium
27597,IN-2012-46560,2012-09-07,2012-09-13,Standard Class,SZ-20035,Sam Zeldin,Home Office,Jakarta,Jakarta,Indonesia,APAC,Southeast Asia,OFF-BI-10001200,Office Supplies,Binders,"Avery Binder, Durable",83.66399999999999,7,0.17,-10.206,4.09,Medium
24587,IN-2014-16061,2014-10-14,2014-10-19,Standard Class,BT-11485,Brad Thomas,Home Office,Balikpapan,Kalimantan Timur,Indonesia,APAC,Southeast Asia,OFF-EN-10001680,Office Supplies,Envelopes,"Jiffy Clasp Envelope, with clear poly window",51.1344,8,0.47000000000000003,-12.705599999999997,4.08,High
20319,ID-2012-57809,2012-10-09,2012-10-13,Standard Class,AO-10810,Anthony O'Donnell,Corporate,Pekanbaru,Riau,Indonesia,APAC,Southeast Asia,OFF-AR-10001232,Office Supplies,Art,"Sanford Canvas, Fluorescent",75.5988,2,0.27,4.138799999999993,4.06,Medium
24607,ID-2012-50123,2012-11-29,2012-12-04,Standard Class,JD-16015,Joy Daniels,Consumer,Medan,Sumatera Utara,Indonesia,APAC,Southeast Asia,OFF-LA-10003973,Office Supplies,Labels,"Hon Removable Labels, Laser Printer Compatible",64.1088,12,0.47000000000000003,-35.25120000000001,4.06,Medium
21750,ID-2011-43480,2011-11-22,2011-11-24,First Class,MS-17980,Michael Stewart,Corporate,Bekasi,Jawa Barat,Indonesia,APAC,Southeast Asia,OFF-LA-10004919,Office Supplies,Labels,"Smead Color Coded Labels, Alphabetical",27.284400000000005,4,0.47000000000000003,-9.795600000000004,4.04,High
24555,ID-2014-28913,2014-08-07,2014-08-12,Standard Class,TC-21295,Toby Carlisle,Consumer,Malang,Jawa Timur,Indonesia,APAC,Southeast Asia,OFF-BI-10001967,Office Supplies,Binders,"Acco Binder, Recycled",64.36649999999999,5,0.17,-10.183500000000002,4.03,Medium
25956,IN-2011-27702,2011-12-29,2012-01-03,Standard Class,RB-19645,Robert Barroso,Corporate,Jakarta,Jakarta,Indonesia,APAC,Southeast Asia,OFF-SU-10002388,Office Supplies,Supplies,"Elite Shears, Easy Grip",51.5478,2,0.47000000000000003,-34.0722,4.01,Medium
28488,ID-2011-37306,2011-11-16,2011-11-23,Standard Class,DJ-13630,Doug Jacobs,Consumer,Semarang,Jawa Tengah,Indonesia,APAC,Southeast Asia,OFF-EN-10004892,Office Supplies,Envelopes,"Ames Manila Envelope, with clear poly window",44.88570000000001,3,0.47000000000000003,-5.154299999999992,4.01,Low
28900,ID-2013-52594,2013-04-10,2013-04-16,Standard Class,SJ-20215,Sarah Jordon,Consumer,Medan,Sumatera Utara,Indonesia,APAC,Southeast Asia,OFF-SU-10001731,Office Supplies,Supplies,"Elite Letter Opener, High Speed",70.755,5,0.47000000000000003,2.6550000000000082,4.01,Medium
26874,ID-2014-29032,2014-07-21,2014-07-25,Standard Class,EB-13930,Eric Barreto,Consumer,Depok,Jawa Barat,Indonesia,APAC,Southeast Asia,OFF-ST-10002714,Office Supplies,Storage,"Eldon Box, Industrial",44.570999999999984,5,0.17,12.770999999999999,3.99,High
27875,IN-2014-68337,2014-11-13,2014-11-17,Standard Class,TS-21430,Tom Stivers,Corporate,Samarinda,Kalimantan Timur,Indonesia,APAC,Southeast Asia,OFF-LA-10001548,Office Supplies,Labels,"Avery Shipping Labels, Adjustable",36.1725,7,0.47000000000000003,-15.697500000000002,3.98,Medium
22807,IN-2014-78151,2014-12-11,2014-12-16,Standard Class,NH-18610,Nicole Hansen,Corporate,Jakarta,Jakarta,Indonesia,APAC,Southeast Asia,OFF-SU-10003803,Office Supplies,Supplies,"Acme Trimmer, Steel",46.61880000000001,2,0.47000000000000003,-34.321200000000005,3.97,Medium
24585,IN-2014-16061,2014-10-14,2014-10-19,Standard Class,BT-11485,Brad Thomas,Home Office,Balikpapan,Kalimantan Timur,Indonesia,APAC,Southeast Asia,OFF-PA-10001236,Office Supplies,Paper,"Enermax Message Books, Recycled",23.7546,2,0.47000000000000003,-18.4254,3.97,High
21592,ID-2013-54036,2013-08-31,2013-09-04,Standard Class,CL-11890,Carl Ludwig,Consumer,Semarang,Jawa Tengah,Indonesia,APAC,Southeast Asia,OFF-AR-10002797,Office Supplies,Art,"Sanford Highlighters, Blue",57.48749999999998,5,0.27,2.287500000000005,3.96,Medium
29472,IN-2014-69296,2014-09-13,2014-09-19,Standard Class,MN-17935,Michael Nguyen,Consumer,Surabaya,Jawa Timur,Indonesia,APAC,Southeast Asia,OFF-EN-10004560,Office Supplies,Envelopes,"Ames Mailers, Security-Tint",101.36250000000001,5,0.47000000000000003,1.91249999999998,3.92,Medium
21839,ID-2012-31426,2012-02-16,2012-02-20,Standard Class,GR-14560,Georgia Rosenberg,Corporate,Jakarta,Jakarta,Indonesia,APAC,Southeast Asia,OFF-BI-10004078,Office Supplies,Binders,"Wilson Jones 3-Hole Punch, Clear",68.3505,3,0.17,-0.8595000000000024,3.91,Medium
25942,IN-2014-27947,2014-04-30,2014-05-04,Standard Class,BS-11800,Bryan Spruell,Home Office,Kendari,Sulawesi Tenggara,Indonesia,APAC,Southeast Asia,OFF-EN-10004885,Office Supplies,Envelopes,"Jiffy Interoffice Envelope, Recycled",95.90880000000001,4,0.47000000000000003,1.7087999999999965,3.91,Medium
26766,ID-2011-13884,2011-11-22,2011-11-29,Standard Class,JE-15745,Joel Eaton,Consumer,Jakarta,Jakarta,Indonesia,APAC,Southeast Asia,OFF-AR-10000578,Office Supplies,Art,"BIC Pencil Sharpener, Fluorescent",44.194199999999995,2,0.27,-12.145800000000001,3.9,Medium
29862,IN-2013-21381,2013-05-17,2013-05-22,Standard Class,DB-13555,Dorothy Badders,Corporate,Jambi,Jambi,Indonesia,APAC,Southeast Asia,FUR-FU-10003540,Furniture,Furnishings,"Deflect-O Light Bulb, Erganomic",38.5659,3,0.27,4.725899999999999,3.89,Medium
27710,ID-2012-69065,2012-08-07,2012-08-13,Standard Class,JC-15775,John Castell,Consumer,Bekasi,Jawa Barat,Indonesia,APAC,Southeast Asia,TEC-AC-10003951,Technology,Accessories,"Logitech Numeric Keypad, USB",98.6436,4,0.47000000000000003,5.523599999999988,3.88,Medium
25955,IN-2011-27702,2011-12-29,2012-01-03,Standard Class,RB-19645,Robert Barroso,Corporate,Jakarta,Jakarta,Indonesia,APAC,Southeast Asia,FUR-CH-10000825,Furniture,Chairs,"SAFCO Chairmat, Red",87.33720000000001,2,0.27,14.317199999999993,3.87,Medium
28177,IN-2012-45279,2012-09-10,2012-09-14,Standard Class,MS-17770,Maxwell Schwartz,Consumer,Jakarta,Jakarta,Indonesia,APAC,Southeast Asia,OFF-PA-10003899,Office Supplies,Paper,"SanDisk Memo Slips, Premium",35.997600000000006,4,0.47000000000000003,-8.882400000000004,3.86,Medium
21915,IN-2011-50361,2011-07-27,2011-07-31,Standard Class,MC-17845,Michael Chen,Consumer,Jakarta,Jakarta,Indonesia,APAC,Southeast Asia,TEC-MA-10001267,Technology,Machines,"Epson Calculator, Red",72.3096,2,0.17,7.8096,3.85,Medium
29778,ID-2012-68701,2012-06-04,2012-06-10,Standard Class,BM-11575,Brendan Murry,Corporate,Pekanbaru,Riau,Indonesia,APAC,Southeast Asia,OFF-PA-10001968,Office Supplies,Paper,"Eaton Computer Printout Paper, 8.5 x 11",32.531400000000005,2,0.47000000000000003,-7.368600000000004,3.84,Medium
29868,IN-2013-11525,2013-06-03,2013-06-08,Standard Class,FM-14290,Frank Merwin,Home Office,Bandung,Jawa Barat,Indonesia,APAC,Southeast Asia,FUR-FU-10002292,Furniture,Furnishings,"Deflect-O Door Stop, Duo Pack",64.2546,2,0.27,12.294600000000003,3.82,Medium
23614,IN-2014-48877,2014-03-15,2014-03-20,Second Class,CC-12100,Chad Cunningham,Home Office,Pekanbaru,Riau,Indonesia,APAC,Southeast Asia,TEC-MA-10004954,Technology,Machines,"StarTech Calculator, Red",61.602599999999995,2,0.17,19.2426,3.81,Medium
24054,ID-2013-72061,2013-06-13,2013-06-18,Standard Class,BW-11110,Bart Watters,Corporate,Jakarta,Jakarta,Indonesia,APAC,Southeast Asia,FUR-CH-10001797,Furniture,Chairs,"Harbour Creations Bag Chairs, Adjustable",93.6006,2,0.27,14.1006,3.77,Medium
24743,ID-2012-67532,2012-12-04,2012-12-09,Second Class,CK-12595,Clytie Kelty,Consumer,Yogyakarta,Yogyakarta,Indonesia,APAC,Southeast Asia,OFF-LA-10004795,Office Supplies,Labels,"Novimex Shipping Labels, Alphabetical",22.895999999999997,4,0.47000000000000003,-11.303999999999998,3.77,Medium
21337,ID-2013-60896,2013-08-05,2013-08-07,First Class,JE-16165,Justin Ellison,Corporate,Jakarta,Jakarta,Indonesia,APAC,Southeast Asia,TEC-AC-10000887,Technology,Accessories,"Enermax Flash Drive, Bluetooth",22.005599999999998,1,0.47000000000000003,-10.8144,3.76,Critical
28756,IN-2014-53070,2014-10-28,2014-10-28,Same Day,BE-11455,Brad Eason,Home Office,Jakarta,Jakarta,Indonesia,APAC,Southeast Asia,OFF-SU-10003789,Office Supplies,Supplies,"Fiskars Box Cutter, Steel",37.01520000000001,2,0.47000000000000003,-4.924800000000001,3.76,High
21470,ID-2012-39224,2012-06-04,2012-06-08,Standard Class,JH-15430,Jennifer Halladay,Consumer,Pekanbaru,Riau,Indonesia,APAC,Southeast Asia,OFF-FA-10002617,Office Supplies,Fasteners,"Advantus Clamps, Assorted Sizes",26.616600000000005,3,0.47000000000000003,-17.663400000000003,3.74,High
26657,IN-2013-55555,2013-03-05,2013-03-09,Standard Class,VP-21760,Victoria Pisteka,Corporate,Yogyakarta,Yogyakarta,Indonesia,APAC,Southeast Asia,FUR-FU-10002335,Furniture,Furnishings,"Rubbermaid Light Bulb, Durable",23.170199999999994,2,0.27,0.31020000000000003,3.74,High
29466,IN-2011-43634,2011-12-03,2011-12-07,Standard Class,JB-15925,Joni Blumstein,Consumer,Jember,Jawa Timur,Indonesia,APAC,Southeast Asia,OFF-BI-10000928,Office Supplies,Binders,"Ibico Binder, Clear",24.800399999999996,2,0.17,8.9604,3.71,High
25643,ID-2013-34387,2013-06-13,2013-06-17,Standard Class,JP-15460,Jennifer Patt,Corporate,Medan,Sumatera Utara,Indonesia,APAC,Southeast Asia,FUR-FU-10003918,Furniture,Furnishings,"Advantus Photo Frame, Black",77.3508,2,0.27,16.930799999999994,3.69,Medium
25808,IN-2013-30460,2013-06-07,2013-06-12,Standard Class,SR-20740,Steven Roelle,Home Office,Depok,Yogyakarta,Indonesia,APAC,Southeast Asia,OFF-EN-10003632,Office Supplies,Envelopes,"Jiffy Mailers, Recycled",76.2564,4,0.47000000000000003,-46.14359999999999,3.69,Medium
27669,ID-2014-67357,2014-12-03,2014-12-08,Second Class,AA-10645,Anna Andreadi,Consumer,Surabaya,Jawa Timur,Indonesia,APAC,Southeast Asia,OFF-LA-10000425,Office Supplies,Labels,"Avery Shipping Labels, Alphabetical",43.2957,7,0.47000000000000003,-5.844299999999997,3.69,Medium
24215,ID-2012-76499,2012-09-11,2012-09-16,Standard Class,LD-16855,Lela Donovan,Corporate,Jakarta,Jakarta,Indonesia,APAC,Southeast Asia,OFF-LA-10003381,Office Supplies,Labels,"Harbour Creations Color Coded Labels, Alphabetical",33.708000000000006,5,0.47000000000000003,-24.192,3.68,High
26820,ID-2012-50543,2012-07-05,2012-07-07,First Class,VP-21730,Victor Preis,Home Office,Cirebon,Jawa Barat,Indonesia,APAC,Southeast Asia,FUR-CH-10002412,Furniture,Chairs,"Hon Bag Chairs, Black",62.371199999999995,2,0.27,-22.2288,3.68,Medium
25572,ID-2014-63444,2014-11-17,2014-11-22,Second Class,MG-17875,Michael Grace,Home Office,Bogor,Jawa Barat,Indonesia,APAC,Southeast Asia,OFF-AR-10001922,Office Supplies,Art,"Sanford Pens, Blue",32.412000000000006,4,0.27,-4.068000000000003,3.67,Medium
25384,IN-2014-41212,2014-06-18,2014-06-21,First Class,JG-15805,John Grady,Corporate,Medan,Sumatera Utara,Indonesia,APAC,Southeast Asia,OFF-BI-10003475,Office Supplies,Binders,"Wilson Jones Index Tab, Recycled",22.6092,4,0.17,7.8492,3.65,Medium
27068,ID-2014-21178,2014-10-18,2014-10-25,Standard Class,SB-20185,Sarah Brown,Consumer,Medan,Sumatera Utara,Indonesia,APAC,Southeast Asia,OFF-EN-10003435,Office Supplies,Envelopes,"GlobeWeis Business Envelopes, with clear poly window",33.1992,3,0.47000000000000003,-10.090800000000005,3.65,Medium
27835,ID-2014-54239,2014-08-23,2014-08-27,Standard Class,DB-12910,Daniel Byrd,Home Office,Padang,Sumatera Barat,Indonesia,APAC,Southeast Asia,OFF-AR-10003582,Office Supplies,Art,"BIC Pencil Sharpener, Water Color",23.4987,1,0.27,-7.1013,3.65,High
23138,ID-2012-15641,2012-09-05,2012-09-10,Standard Class,SW-20455,Shaun Weien,Consumer,Medan,Sumatera Utara,Indonesia,APAC,Southeast Asia,OFF-SU-10002152,Office Supplies,Supplies,"Fiskars Shears, Serrated",47.000400000000006,2,0.47000000000000003,-39.939600000000006,3.64,Medium
24540,IN-2013-22823,2013-08-02,2013-08-06,Standard Class,KW-16435,Katrina Willman,Consumer,Surabaya,Jawa Timur,Indonesia,APAC,Southeast Asia,OFF-SU-10002344,Office Supplies,Supplies,"Stiletto Box Cutter, Serrated",51.9453,3,0.47000000000000003,-1.064700000000009,3.64,Medium
26821,ID-2012-50543,2012-07-05,2012-07-07,First Class,VP-21730,Victor Preis,Home Office,Cirebon,Jawa Barat,Indonesia,APAC,Southeast Asia,OFF-PA-10002370,Office Supplies,Paper,"Xerox Parchment Paper, Recycled",20.940299999999997,3,0.47000000000000003,-15.419699999999999,3.63,Medium
30132,ID-2013-72397,2013-04-01,2013-04-07,Standard Class,EM-14065,Erin Mull,Consumer,Jakarta,Jakarta,Indonesia,APAC,Southeast Asia,OFF-AR-10004218,Office Supplies,Art,"Sanford Pencil Sharpener, Water Color",63.53189999999999,3,0.27,-5.228100000000001,3.63,Medium
23421,ID-2014-75239,2014-10-06,2014-10-08,Second Class,NL-18310,Nancy Lomonaco,Home Office,Semarang,Jawa Tengah,Indonesia,APAC,Southeast Asia,OFF-PA-10004946,Office Supplies,Paper,"SanDisk Note Cards, Multicolor",35.997600000000006,2,0.47000000000000003,-16.982400000000002,3.61,High
29112,ID-2014-15025,2014-08-20,2014-08-26,Standard Class,CC-12430,Chuck Clark,Home Office,Surabaya,Jawa Timur,Indonesia,APAC,Southeast Asia,TEC-AC-10004652,Technology,Accessories,"Belkin Mouse, Erganomic",40.831199999999995,2,0.47000000000000003,-19.2888,3.59,Medium
21699,ID-2014-49948,2014-09-09,2014-09-11,Second Class,SC-20305,Sean Christensen,Consumer,Purwokerto,Jawa Tengah,Indonesia,APAC,Southeast Asia,OFF-LA-10004623,Office Supplies,Labels,"Smead Removable Labels, 5000 Label Set",22.26,4,0.47000000000000003,-1.740000000000002,3.57,High
28544,ID-2013-26400,2013-05-29,2013-06-04,Standard Class,ON-18715,Odella Nelson,Corporate,Medan,Sumatera Utara,Indonesia,APAC,Southeast Asia,OFF-FA-10001339,Office Supplies,Fasteners,"Accos Thumb Tacks, Bulk Pack",43.5024,6,0.47000000000000003,-29.577600000000004,3.57,Medium
22332,IN-2014-52062,2014-05-09,2014-05-13,Standard Class,SC-20380,Shahid Collister,Consumer,Jakarta,Jakarta,Indonesia,APAC,Southeast Asia,FUR-FU-10002933,Furniture,Furnishings,"Advantus Stacking Tray, Erganomic",34.163999999999994,2,0.27,-5.616,3.56,High
23106,ID-2013-76849,2013-05-15,2013-05-17,Second Class,MZ-17515,Mary Zewe,Corporate,Balikpapan,Kalimantan Timur,Indonesia,APAC,Southeast Asia,OFF-PA-10003731,Office Supplies,Paper,"Enermax Note Cards, Premium",31.704600000000006,2,0.47000000000000003,-4.235400000000006,3.55,High
22330,IN-2014-52062,2014-05-09,2014-05-13,Standard Class,SC-20380,Shahid Collister,Consumer,Jakarta,Jakarta,Indonesia,APAC,Southeast Asia,OFF-EN-10003463,Office Supplies,Envelopes,"Jiffy Peel and Seal, Recycled",39.8772,4,0.47000000000000003,-6.082799999999999,3.54,High
30015,IN-2011-16558,2011-11-05,2011-11-06,First Class,AF-10870,Art Ferguson,Consumer,Medan,Sumatera Utara,Indonesia,APAC,Southeast Asia,OFF-PA-10004495,Office Supplies,Paper,"SanDisk Note Cards, Premium",47.4138,3,0.47000000000000003,2.683799999999998,3.54,Medium
26595,ID-2014-55562,2014-09-11,2014-09-14,First Class,EC-14050,Erin Creighton,Consumer,Bekasi,Jawa Barat,Indonesia,APAC,Southeast Asia,OFF-FA-10001086,Office Supplies,Fasteners,"Accos Rubber Bands, Assorted Sizes",22.466700000000007,3,0.47000000000000003,-12.723300000000004,3.5,Medium
23709,ID-2013-41128,2013-09-30,2013-10-03,Second Class,BB-10990,Barry Blumstein,Corporate,Tasikmalaya,Jawa Barat,Indonesia,APAC,Southeast Asia,OFF-PA-10002930,Office Supplies,Paper,"SanDisk Cards & Envelopes, Premium",25.6626,1,0.47000000000000003,-9.707400000000002,3.49,High
29298,IN-2014-71095,2014-12-02,2014-12-02,Same Day,NP-18700,Nora Preis,Consumer,Tegal,Jawa Tengah,Indonesia,APAC,Southeast Asia,OFF-FA-10004705,Office Supplies,Fasteners,"OIC Thumb Tacks, 12 Pack",21.465,3,0.47000000000000003,-14.985000000000003,3.46,Medium
26008,ID-2014-61533,2014-03-03,2014-03-08,Standard Class,MG-17695,Maureen Gnade,Consumer,Bandung,Jawa Barat,Indonesia,APAC,Southeast Asia,OFF-FA-10004027,Office Supplies,Fasteners,"OIC Staples, Bulk Pack",54.0918,9,0.47000000000000003,-43.108200000000004,3.44,Medium
27097,IN-2013-38062,2013-09-11,2013-09-16,Second Class,SW-20350,Sean Wendt,Home Office,Jakarta,Jakarta,Indonesia,APAC,Southeast Asia,OFF-AR-10000387,Office Supplies,Art,"Sanford Highlighters, Water Color",27.6378,2,0.27,6.7578,3.43,Medium
23772,IN-2013-54260,2013-04-29,2013-05-05,Standard Class,LH-16900,Lena Hernandez,Consumer,Depok,Jawa Barat,Indonesia,APAC,Southeast Asia,TEC-AC-10001639,Technology,Accessories,"Belkin Flash Drive, Erganomic",21.067500000000003,1,0.47000000000000003,-11.5425,3.4,Low
22074,IN-2011-25882,2011-07-23,2011-07-28,Standard Class,LD-16855,Lela Donovan,Corporate,Jakarta,Jakarta,Indonesia,APAC,Southeast Asia,OFF-BI-10003468,Office Supplies,Binders,"Wilson Jones Binder Covers, Durable",42.130799999999994,4,0.17,11.0508,3.38,Medium
23379,IN-2014-15501,2014-10-17,2014-10-19,Second Class,EB-13705,Ed Braxton,Corporate,Surabaya,Jawa Timur,Indonesia,APAC,Southeast Asia,OFF-PA-10003449,Office Supplies,Paper,"Green Bar Computer Printout Paper, Premium",31.5456,2,0.47000000000000003,-0.014399999999998414,3.38,High
24270,ID-2014-35052,2014-08-21,2014-08-28,Standard Class,SH-20635,Stefanie Holloman,Corporate,Surabaya,Jawa Timur,Indonesia,APAC,Southeast Asia,OFF-PA-10000127,Office Supplies,Paper,"SanDisk Parchment Paper, Multicolor",28.810799999999993,3,0.47000000000000003,-5.479199999999999,3.38,Low
26664,ID-2011-39721,2011-05-12,2011-05-17,Standard Class,PB-19210,Phillip Breyer,Corporate,Medan,Sumatera Utara,Indonesia,APAC,Southeast Asia,OFF-EN-10002806,Office Supplies,Envelopes,"GlobeWeis Peel and Seal, Recycled",53.503499999999995,5,0.47000000000000003,-0.04649999999999466,3.37,Medium
27151,ID-2013-64970,2013-11-06,2013-11-10,Standard Class,LM-17065,Liz MacKendrick,Consumer,Mataram,Nusa Tenggara Barat,Indonesia,APAC,Southeast Asia,OFF-ST-10000327,Office Supplies,Storage,"Smead Folders, Wire Frame",41.234399999999994,3,0.17,-1.5155999999999992,3.37,Medium
28445,IN-2014-14850,2014-12-26,2014-12-31,Standard Class,SS-20590,Sonia Sunley,Consumer,Depok,Yogyakarta,Indonesia,APAC,Southeast Asia,FUR-FU-10004509,Furniture,Furnishings,"Advantus Door Stop, Duo Pack",98.74709999999999,3,0.27,2.6270999999999987,3.37,Medium
27363,IN-2014-36046,2014-10-04,2014-10-09,Standard Class,DK-12895,Dana Kaydos,Consumer,Tasikmalaya,Jawa Barat,Indonesia,APAC,Southeast Asia,OFF-AR-10002797,Office Supplies,Art,"Sanford Highlighters, Blue",34.49249999999999,3,0.27,1.3725000000000005,3.36,High
22829,IN-2011-12547,2011-07-18,2011-07-22,Standard Class,TW-21025,Tamara Willingham,Home Office,Medan,Sumatera Utara,Indonesia,APAC,Southeast Asia,OFF-AR-10001329,Office Supplies,Art,"BIC Pens, Fluorescent",34.032599999999995,3,0.27,0.9125999999999994,3.35,Medium
21198,ID-2014-28941,2014-09-06,2014-09-11,Second Class,EM-13960,Eric Murdock,Consumer,Jakarta,Jakarta,Indonesia,APAC,Southeast Asia,OFF-FA-10001082,Office Supplies,Fasteners,"OIC Staples, Assorted Sizes",18.634800000000002,4,0.47000000000000003,-15.925200000000002,3.33,High
25262,ID-2013-47939,2013-08-23,2013-08-27,Second Class,RE-19405,Ricardo Emerson,Consumer,Padang,Sumatera Barat,Indonesia,APAC,Southeast Asia,OFF-SU-10001442,Office Supplies,Supplies,"Acme Scissors, Steel",39.49560000000001,3,0.47000000000000003,-24.674400000000006,3.32,Medium
25482,IN-2012-58789,2012-10-16,2012-10-20,Standard Class,TM-21490,Tony Molinari,Consumer,Jakarta,Jakarta,Indonesia,APAC,Southeast Asia,OFF-BI-10003713,Office Supplies,Binders,"Wilson Jones Index Tab, Economy",26.7675,5,0.17,6.3675000000000015,3.32,High
28958,ID-2013-12148,2013-07-29,2013-08-03,Standard Class,BP-11155,Becky Pak,Consumer,Jakarta,Jakarta,Indonesia,APAC,Southeast Asia,OFF-AR-10003673,Office Supplies,Art,"Sanford Markers, Fluorescent",35.7846,2,0.27,-12.275400000000001,3.31,Medium
26537,ID-2011-54974,2011-08-16,2011-08-21,Standard Class,KC-16255,Karen Carlisle,Corporate,Bandung,Jawa Barat,Indonesia,APAC,Southeast Asia,OFF-LA-10003435,Office Supplies,Labels,"Harbour Creations File Folder Labels, Laser Printer Compatible",32.38830000000001,7,0.47000000000000003,-7.511700000000001,3.3,Medium
25732,IN-2012-76926,2012-10-27,2012-10-31,Standard Class,KM-16660,Khloe Miller,Consumer,Jakarta,Jakarta,Indonesia,APAC,Southeast Asia,OFF-LA-10004745,Office Supplies,Labels,"Harbour Creations Shipping Labels, Adjustable",29.7648,6,0.47000000000000003,0.9648000000000003,3.27,Medium
26753,IN-2011-54155,2011-08-12,2011-08-16,Standard Class,MA-17560,Matt Abelman,Home Office,Medan,Sumatera Utara,Indonesia,APAC,Southeast Asia,TEC-MA-10002471,Technology,Machines,"Epson Phone, Durable",134.60939999999997,2,0.17,53.4894,3.27,Medium
20452,IN-2014-17489,2014-12-22,2014-12-26,Standard Class,DF-13135,David Flashing,Consumer,Jember,Jawa Timur,Indonesia,APAC,Southeast Asia,OFF-AR-10000539,Office Supplies,Art,"Boston Markers, Easy-Erase",58.3416,3,0.27,-15.998400000000002,3.25,Medium
22063,ID-2013-40925,2013-10-06,2013-10-11,Standard Class,RP-19270,Rachel Payne,Corporate,Bandung,Jawa Barat,Indonesia,APAC,Southeast Asia,TEC-AC-10003895,Technology,Accessories,"Enermax Mouse, Bluetooth",42.7074,2,0.47000000000000003,-2.472599999999993,3.24,Medium
26504,ID-2012-10139,2012-06-11,2012-06-15,Standard Class,KA-16525,Kelly Andreada,Consumer,Bekasi,Jawa Barat,Indonesia,APAC,Southeast Asia,OFF-AR-10002364,Office Supplies,Art,"BIC Pens, Easy-Erase",31.8645,3,0.27,-2.2455,3.24,High
28873,IN-2014-37551,2014-12-25,2014-12-29,Standard Class,DJ-13510,Don Jones,Corporate,Surabaya,Jawa Timur,Indonesia,APAC,Southeast Asia,FUR-FU-10002250,Furniture,Furnishings,"Advantus Photo Frame, Durable",73.01459999999999,2,0.27,14.994600000000002,3.23,Medium
20961,IN-2014-79544,2014-07-11,2014-07-14,First Class,JH-16180,Justin Hirsh,Consumer,Depok,Yogyakarta,Indonesia,APAC,Southeast Asia,OFF-FA-10001045,Office Supplies,Fasteners,"Stockwell Staples, 12 Pack",15.645600000000002,3,0.47000000000000003,-11.534400000000002,3.21,High
21393,ID-2014-27163,2014-10-27,2014-10-31,Second Class,DV-13045,Darrin Van Huff,Corporate,Manado,Sulawesi Utara,Indonesia,APAC,Southeast Asia,OFF-BI-10004685,Office Supplies,Binders,"Acco Binder, Economy",25.148999999999997,2,0.17,4.209,3.2,High
28510,ID-2013-18196,2013-10-04,2013-10-11,Standard Class,SS-20590,Sonia Sunley,Consumer,Tasikmalaya,Jawa Barat,Indonesia,APAC,Southeast Asia,OFF-LA-10002630,Office Supplies,Labels,"Novimex Legal Exhibit Labels, Laser Printer Compatible",38.8437,7,0.47000000000000003,-23.526299999999992,3.19,Medium
20629,ID-2011-45804,2011-11-23,2011-11-28,Standard Class,PG-18820,Patrick Gardner,Consumer,Pontianak,Kalimantan Barat,Indonesia,APAC,Southeast Asia,OFF-SU-10003221,Office Supplies,Supplies,"Acme Trimmer, Easy Grip",97.94400000000002,4,0.47000000000000003,-75.816,3.18,Medium
22833,ID-2012-28255,2012-10-10,2012-10-13,First Class,TB-21280,Toby Braunhardt,Consumer,Bogor,Jawa Barat,Indonesia,APAC,Southeast Asia,OFF-FA-10004795,Office Supplies,Fasteners,"Advantus Paper Clips, Assorted Sizes",18.126,3,0.47000000000000003,-15.804000000000002,3.18,Critical
27477,IN-2012-48744,2012-09-04,2012-09-11,Standard Class,SS-20410,Shahid Shariari,Consumer,Jakarta,Jakarta,Indonesia,APAC,Southeast Asia,OFF-EN-10003391,Office Supplies,Envelopes,"Jiffy Manila Envelope, Set of 50",82.7118,6,0.47000000000000003,-6.388199999999998,3.18,Low
20598,ID-2013-70122,2013-06-11,2013-06-15,Standard Class,AD-10180,Alan Dominguez,Home Office,Jakarta,Jakarta,Indonesia,APAC,Southeast Asia,OFF-BI-10003031,Office Supplies,Binders,"Acco Index Tab, Economy",25.099200000000003,3,0.17,5.119199999999999,3.15,High
20621,IN-2014-54211,2014-01-16,2014-01-20,Standard Class,KB-16315,Karl Braun,Consumer,Bekasi,Jawa Barat,Indonesia,APAC,Southeast Asia,OFF-AR-10000762,Office Supplies,Art,"BIC Pens, Water Color",50.983200000000004,4,0.27,-1.4568000000000048,3.14,Medium
26543,IN-2013-14325,2013-06-27,2013-07-02,Standard Class,SE-20110,Sanjit Engle,Consumer,Jakarta,Jakarta,Indonesia,APAC,Southeast Asia,OFF-BI-10002594,Office Supplies,Binders,"Cardinal Binder Covers, Recycled",41.035199999999996,4,0.17,12.835200000000002,3.14,Medium
26822,ID-2012-50543,2012-07-05,2012-07-07,First Class,VP-21730,Victor Preis,Home Office,Cirebon,Jawa Barat,Indonesia,APAC,Southeast Asia,OFF-PA-10003338,Office Supplies,Paper,"Enermax Parchment Paper, Recycled",24.326999999999998,3,0.47000000000000003,0.8370000000000033,3.13,Medium
23048,ID-2014-31139,2014-10-27,2014-10-29,Second Class,DJ-13630,Doug Jacobs,Consumer,Surabaya,Jawa Timur,Indonesia,APAC,Southeast Asia,OFF-BI-10000373,Office Supplies,Binders,"Ibico Hole Reinforcements, Economy",17.4051,3,0.17,-1.1349000000000005,3.12,Critical
23108,ID-2013-76849,2013-05-15,2013-05-17,Second Class,MZ-17515,Mary Zewe,Corporate,Balikpapan,Kalimantan Timur,Indonesia,APAC,Southeast Asia,OFF-BI-10001399,Office Supplies,Binders,"Avery Binder Covers, Clear",34.959599999999995,4,0.17,-0.08040000000000003,3.12,High
24586,IN-2014-16061,2014-10-14,2014-10-19,Standard Class,BT-11485,Brad Thomas,Home Office,Balikpapan,Kalimantan Timur,Indonesia,APAC,Southeast Asia,OFF-BI-10002278,Office Supplies,Binders,"Ibico Binder Covers, Economy",22.658999999999995,2,0.17,2.6790000000000003,3.1,High
25962,ID-2014-28787,2014-03-21,2014-03-25,Standard Class,TB-21625,Trudy Brown,Consumer,Depok,Jawa Barat,Indonesia,APAC,Southeast Asia,OFF-SU-10000496,Office Supplies,Supplies,"Fiskars Scissors, Steel",83.69760000000001,7,0.47000000000000003,-20.67240000000001,3.1,Medium
26823,ID-2012-50543,2012-07-05,2012-07-07,First Class,VP-21730,Victor Preis,Home Office,Cirebon,Jawa Barat,Indonesia,APAC,Southeast Asia,FUR-CH-10003580,Furniture,Chairs,"Harbour Creations Bag Chairs, Black",86.4174,2,0.27,25.9974,3.1,Medium
29242,IN-2011-65264,2011-12-12,2011-12-17,Standard Class,KM-16660,Khloe Miller,Consumer,Denpasar,Bali,Indonesia,APAC,Southeast Asia,OFF-EN-10004649,Office Supplies,Envelopes,"Cameo Mailers, with clear poly window",44.202000000000005,2,0.47000000000000003,-11.718000000000007,3.1,High
26968,ID-2014-79257,2014-10-29,2014-10-31,Second Class,KD-16270,Karen Daniels,Consumer,Bekasi,Jawa Barat,Indonesia,APAC,Southeast Asia,OFF-AR-10002665,Office Supplies,Art,"Binney & Smith Markers, Easy-Erase",17.782799999999998,1,0.27,-5.1372,3.08,High
27758,ID-2013-53161,2013-04-22,2013-04-27,Standard Class,DK-13225,Dean Katz,Corporate,Bogor,Jawa Barat,Indonesia,APAC,Southeast Asia,FUR-FU-10002459,Furniture,Furnishings,"Rubbermaid Door Stop, Duo Pack",64.0356,2,0.27,-13.1844,3.08,Medium
24486,IN-2014-22536,2014-05-22,2014-05-27,Standard Class,JM-15655,Jim Mitchum,Corporate,Tegal,Jawa Tengah,Indonesia,APAC,Southeast Asia,OFF-SU-10001731,Office Supplies,Supplies,"Elite Letter Opener, High Speed",42.452999999999996,3,0.47000000000000003,1.5930000000000106,3.07,Medium
25386,IN-2014-41212,2014-06-18,2014-06-21,First Class,JG-15805,John Grady,Corporate,Medan,Sumatera Utara,Indonesia,APAC,Southeast Asia,OFF-FA-10000697,Office Supplies,Fasteners,"Advantus Rubber Bands, 12 Pack",25.4718,3,0.47000000000000003,-15.9282,3.07,Medium
23923,ID-2013-50487,2013-11-01,2013-11-07,Standard Class,CS-12250,Chris Selesnick,Corporate,Jakarta,Jakarta,Indonesia,APAC,Southeast Asia,OFF-ST-10001186,Office Supplies,Storage,"Rogers Trays, Industrial",567.5208,11,0.17,116.08080000000002,3.05,Medium
25649,ID-2011-14094,2011-03-08,2011-03-10,Second Class,KM-16225,Kalyca Meade,Corporate,Jakarta,Jakarta,Indonesia,APAC,Southeast Asia,OFF-PA-10001835,Office Supplies,Paper,"SanDisk Computer Printout Paper, 8.5 x 11",71.9316,4,0.47000000000000003,-63.7884,3.05,Medium
22892,IN-2011-10503,2011-07-05,2011-07-10,Second Class,LH-16900,Lena Hernandez,Consumer,Malang,Jawa Timur,Indonesia,APAC,Southeast Asia,OFF-BI-10001096,Office Supplies,Binders,"Ibico Binder Covers, Durable",88.02149999999999,7,0.17,18.9315,3.04,Medium
21817,ID-2012-30873,2012-06-05,2012-06-07,First Class,EH-13945,Eric Hoffmann,Consumer,Surabaya,Jawa Timur,Indonesia,APAC,Southeast Asia,OFF-EN-10002581,Office Supplies,Envelopes,"GlobeWeis Peel and Seal, Set of 50",34.0101,3,0.47000000000000003,-12.8799,3.03,Medium
23201,ID-2013-48709,2013-08-02,2013-08-07,Standard Class,CS-12175,Charles Sheldon,Corporate,Bekasi,Jawa Barat,Indonesia,APAC,Southeast Asia,OFF-BI-10004483,Office Supplies,Binders,"Ibico Index Tab, Clear",41.68260000000001,6,0.17,-6.557400000000001,3.03,Medium
26853,IN-2012-50886,2012-11-09,2012-11-11,First Class,AA-10645,Anna Andreadi,Consumer,Semarang,Jawa Tengah,Indonesia,APAC,Southeast Asia,OFF-AR-10001132,Office Supplies,Art,"BIC Markers, Blue",19.2939,1,0.27,4.473899999999999,3.03,Medium
22121,IN-2011-20443,2011-12-05,2011-12-10,Second Class,CC-12370,Christopher Conant,Consumer,Sukabumi,Jawa Barat,Indonesia,APAC,Southeast Asia,OFF-BI-10002424,Office Supplies,Binders,"Avery Binder, Economy",21.413999999999998,2,0.17,6.174,3.01,Medium
29700,ID-2014-32238,2014-12-13,2014-12-17,Second Class,SD-20485,Shirley Daniels,Home Office,Jayapura,Papua,Indonesia,APAC,Southeast Asia,OFF-LA-10001658,Office Supplies,Labels,"Avery Round Labels, 5000 Label Set",31.9272,8,0.47000000000000003,-20.6328,3.01,Medium
27186,IN-2012-30579,2012-08-20,2012-08-25,Second Class,TS-21505,Tony Sayre,Consumer,Surabaya,Jawa Timur,Indonesia,APAC,Southeast Asia,OFF-EN-10001882,Office Supplies,Envelopes,"Jiffy Manila Envelope, with clear poly window",31.322999999999997,2,0.47000000000000003,1.1430000000000042,3.0,Medium
25733,IN-2012-76926,2012-10-27,2012-10-31,Standard Class,KM-16660,Khloe Miller,Consumer,Jakarta,Jakarta,Indonesia,APAC,Southeast Asia,OFF-ST-10000327,Office Supplies,Storage,"Smead Folders, Wire Frame",27.489599999999996,2,0.17,-1.0103999999999997,2.99,Medium
25735,IN-2012-76926,2012-10-27,2012-10-31,Standard Class,KM-16660,Khloe Miller,Consumer,Jakarta,Jakarta,Indonesia,APAC,Southeast Asia,OFF-BI-10003018,Office Supplies,Binders,"Avery Binder, Clear",41.035199999999996,4,0.17,15.2352,2.98,Medium
26414,IN-2014-61204,2014-12-09,2014-12-15,Standard Class,KW-16570,Kelly Williams,Consumer,Bogor,Jawa Barat,Indonesia,APAC,Southeast Asia,TEC-CO-10001222,Technology,Copiers,"Sharp Fax Machine, Laser",274.95449999999994,1,0.07,-0.025500000000000966,2.98,Medium
29396,ID-2011-45433,2011-10-28,2011-11-04,Standard Class,BF-10975,Barbara Fisher,Corporate,Bandung,Jawa Barat,Indonesia,APAC,Southeast Asia,OFF-FA-10002156,Office Supplies,Fasteners,"Advantus Push Pins, Metal",38.557500000000005,5,0.47000000000000003,-25.492500000000003,2.98,Medium
24226,ID-2013-18833,2013-02-10,2013-02-15,Second Class,TB-21280,Toby Braunhardt,Consumer,Surabaya,Jawa Timur,Indonesia,APAC,Southeast Asia,OFF-EN-10000645,Office Supplies,Envelopes,"Ames Mailers, Recycled",55.0935,3,0.47000000000000003,-21.856499999999997,2.97,Medium
22403,IN-2013-35388,2013-08-07,2013-08-11,Standard Class,IM-15055,Ionia McGrath,Consumer,Jakarta,Jakarta,Indonesia,APAC,Southeast Asia,OFF-AR-10000058,Office Supplies,Art,"Stanley Canvas, Water Color",38.4345,1,0.27,3.6644999999999968,2.96,Medium
24822,ID-2014-39441,2014-06-27,2014-06-30,Second Class,AH-10585,Angele Hood,Consumer,Samarinda,Kalimantan Timur,Indonesia,APAC,Southeast Asia,FUR-FU-10004995,Furniture,Furnishings,"Deflect-O Light Bulb, Durable",23.389199999999995,2,0.27,-1.9307999999999979,2.96,Medium
24664,IN-2012-41177,2012-08-02,2012-08-07,Standard Class,AF-10885,Art Foster,Consumer,Pontianak,Kalimantan Barat,Indonesia,APAC,Southeast Asia,OFF-BI-10004986,Office Supplies,Binders,"Ibico 3-Hole Punch, Recycled",51.144600000000004,2,0.17,18.4446,2.91,Medium
26767,ID-2011-13884,2011-11-22,2011-11-29,Standard Class,JE-15745,Joel Eaton,Consumer,Jakarta,Jakarta,Indonesia,APAC,Southeast Asia,OFF-SU-10004077,Office Supplies,Supplies,"Acme Letter Opener, Easy Grip",33.7398,2,0.47000000000000003,-3.8202000000000034,2.91,Medium
20561,ID-2013-49143,2013-03-29,2013-04-02,Standard Class,RO-19780,Rose O'Brian,Consumer,Probolinggo,Jawa Timur,Indonesia,APAC,Southeast Asia,FUR-FU-10000735,Furniture,Furnishings,"Tenex Frame, Erganomic",158.55599999999998,2,0.27,-26.064,2.9,Medium
26415,IN-2014-61204,2014-12-09,2014-12-15,Standard Class,KW-16570,Kelly Williams,Consumer,Bogor,Jawa Barat,Indonesia,APAC,Southeast Asia,OFF-BI-10004685,Office Supplies,Binders,"Acco Binder, Economy",37.723499999999994,3,0.17,6.3134999999999994,2.88,Medium
27294,ID-2012-44747,2012-09-04,2012-09-07,First Class,AG-10495,Andrew Gjertsen,Corporate,Pekalongan,Jawa Tengah,Indonesia,APAC,Southeast Asia,OFF-AR-10000578,Office Supplies,Art,"BIC Pencil Sharpener, Fluorescent",110.48549999999999,5,0.27,-30.3645,2.88,Medium
28353,IN-2014-77920,2014-06-17,2014-06-18,First Class,SC-20020,Sam Craven,Consumer,Medan,Sumatera Utara,Indonesia,APAC,Southeast Asia,OFF-AP-10000382,Office Supplies,Appliances,"Breville Coffee Grinder, White",49.8,1,0.17,9.599999999999996,2.88,High
29038,ID-2013-40694,2013-04-19,2013-04-24,Standard Class,FA-14230,Frank Atkinson,Corporate,Jakarta,Jakarta,Indonesia,APAC,Southeast Asia,OFF-EN-10002540,Office Supplies,Envelopes,"GlobeWeis Clasp Envelope, with clear poly window",21.3696,3,0.47000000000000003,-5.720399999999998,2.88,High
22393,ID-2013-35647,2013-10-07,2013-10-13,Standard Class,EB-13975,Erica Bern,Corporate,Surabaya,Jawa Timur,Indonesia,APAC,Southeast Asia,OFF-FA-10004447,Office Supplies,Fasteners,"Advantus Rubber Bands, Metal",44.28150000000001,5,0.47000000000000003,-11.8185,2.82,Medium
23094,IN-2013-71823,2013-06-20,2013-06-23,Second Class,SR-20740,Steven Roelle,Home Office,Semarang,Jawa Tengah,Indonesia,APAC,Southeast Asia,OFF-FA-10003186,Office Supplies,Fasteners,"Accos Push Pins, Bulk Pack",30.7824,4,0.47000000000000003,-8.217599999999997,2.81,High
26087,ID-2014-48583,2014-06-23,2014-06-27,Second Class,AB-10015,Aaron Bergman,Consumer,Palembang,Sumatera Selatan,Indonesia,APAC,Southeast Asia,OFF-SU-10004008,Office Supplies,Supplies,"Kleencut Letter Opener, Steel",50.3712,4,0.47000000000000003,2.8511999999999986,2.81,Medium
26230,ID-2012-23733,2012-02-06,2012-02-11,Standard Class,JE-15715,Joe Elijah,Consumer,Pekanbaru,Riau,Indonesia,APAC,Southeast Asia,OFF-BI-10001200,Office Supplies,Binders,"Avery Binder, Durable",71.71199999999999,6,0.17,-8.748,2.81,Medium
28001,ID-2014-71403,2014-12-16,2014-12-20,Standard Class,LS-17200,Luke Schmidt,Corporate,Depok,Jawa Barat,Indonesia,APAC,Southeast Asia,OFF-LA-10000732,Office Supplies,Labels,"Novimex Round Labels, 5000 Label Set",24.708599999999997,7,0.47000000000000003,-7.631399999999999,2.8,Medium
28404,IN-2013-33883,2013-09-12,2013-09-15,Second Class,SD-20485,Shirley Daniels,Home Office,Bandung,Jawa Barat,Indonesia,APAC,Southeast Asia,OFF-BI-10004553,Office Supplies,Binders,"Cardinal Binder, Clear",44.1228,4,0.17,17.482799999999997,2.8,Medium
23010,ID-2014-70332,2014-11-13,2014-11-18,Second Class,KF-16285,Karen Ferguson,Home Office,Malang,Jawa Timur,Indonesia,APAC,Southeast Asia,OFF-EN-10000645,Office Supplies,Envelopes,"Ames Mailers, Recycled",18.3645,1,0.47000000000000003,-7.285499999999999,2.79,High
27640,ID-2011-69716,2011-06-07,2011-06-09,Second Class,DW-13585,Dorothy Wardle,Corporate,Medan,Sumatera Utara,Indonesia,APAC,Southeast Asia,OFF-ST-10003088,Office Supplies,Storage,"Fellowes Box, Wire Frame",31.125,2,0.17,-0.3750000000000009,2.76,High
25694,ID-2012-79124,2012-05-05,2012-05-09,Standard Class,MB-17305,Maria Bertelson,Consumer,Semarang,Jawa Tengah,Indonesia,APAC,Southeast Asia,OFF-AR-10002111,Office Supplies,Art,"Sanford Highlighters, Easy-Erase",46.7784,4,0.27,-14.781600000000001,2.74,Medium
27082,ID-2012-69975,2012-10-02,2012-10-08,Standard Class,TC-21145,Theresa Coyne,Corporate,Jakarta,Jakarta,Indonesia,APAC,Southeast Asia,OFF-AR-10002417,Office Supplies,Art,"Boston Sketch Pad, Water Color",37.7994,1,0.27,-8.3106,2.71,Medium
29987,ID-2012-48100,2012-06-26,2012-06-30,Standard Class,EB-13870,Emily Burns,Consumer,Pematangsiantar,Sumatera Utara,Indonesia,APAC,Southeast Asia,OFF-FA-10000294,Office Supplies,Fasteners,"Advantus Clamps, Metal",20.574600000000004,2,0.47000000000000003,-8.165400000000004,2.7,High
24688,ID-2013-65586,2013-02-11,2013-02-15,Second Class,TH-21550,Tracy Hopkins,Home Office,Surabaya,Jawa Timur,Indonesia,APAC,Southeast Asia,OFF-EN-10001789,Office Supplies,Envelopes,"Kraft Peel and Seal, Set of 50",32.579100000000004,3,0.47000000000000003,-24.030900000000006,2.66,Medium
24870,ID-2011-57396,2011-11-29,2011-12-04,Standard Class,BG-11035,Barry Gonzalez,Consumer,Tasikmalaya,Jawa Barat,Indonesia,APAC,Southeast Asia,OFF-SU-10003259,Office Supplies,Supplies,"Elite Trimmer, Easy Grip",68.83109999999999,3,0.47000000000000003,-20.808899999999994,2.66,Medium
24018,ID-2014-47225,2014-06-19,2014-06-23,Standard Class,CC-12475,Cindy Chapman,Consumer,Jakarta,Jakarta,Indonesia,APAC,Southeast Asia,OFF-FA-10001621,Office Supplies,Fasteners,"OIC Rubber Bands, Bulk Pack",27.1413,3,0.47000000000000003,-6.698699999999999,2.65,Medium
26088,ID-2014-48583,2014-06-23,2014-06-27,Second Class,AB-10015,Aaron Bergman,Consumer,Palembang,Sumatera Selatan,Indonesia,APAC,Southeast Asia,OFF-ST-10002505,Office Supplies,Storage,"Tenex Box, Wire Frame",25.846199999999996,2,0.17,5.566199999999999,2.65,Medium
23162,ID-2014-49381,2014-07-12,2014-07-17,Standard Class,SP-20650,Stephanie Phelps,Corporate,Jakarta,Jakarta,Indonesia,APAC,Southeast Asia,OFF-SU-10003343,Office Supplies,Supplies,"Fiskars Scissors, Serrated",42.1032,4,0.47000000000000003,-7.216800000000006,2.64,Medium
24961,ID-2014-47792,2014-08-30,2014-09-03,Second Class,CS-11950,Carlos Soltero,Consumer,Jakarta,Jakarta,Indonesia,APAC,Southeast Asia,OFF-LA-10003610,Office Supplies,Labels,"Avery Removable Labels, 5000 Label Set",41.2923,7,0.47000000000000003,-8.6877,2.64,Medium
28176,IN-2012-45279,2012-09-10,2012-09-14,Standard Class,MS-17770,Maxwell Schwartz,Consumer,Jakarta,Jakarta,Indonesia,APAC,Southeast Asia,OFF-BI-10000206,Office Supplies,Binders,"Wilson Jones Binder Covers, Economy",27.863099999999996,3,0.17,7.7031,2.64,Medium
24043,IN-2011-29963,2011-01-06,2011-01-10,Standard Class,BH-11710,Brosina Hoffman,Consumer,Padang,Sumatera Barat,Indonesia,APAC,Southeast Asia,OFF-FA-10000549,Office Supplies,Fasteners,"Advantus Staples, Metal",40.735800000000005,7,0.47000000000000003,-27.0942,2.63,High
22200,ID-2014-24391,2014-09-23,2014-09-25,First Class,FH-14365,Fred Hopkins,Corporate,Semarang,Jawa Tengah,Indonesia,APAC,Southeast Asia,OFF-LA-10003807,Office Supplies,Labels,"Smead Removable Labels, Adjustable",8.903999999999998,2,0.47000000000000003,-4.235999999999999,2.62,Critical
27568,ID-2013-67371,2013-08-14,2013-08-18,Standard Class,HR-14830,Harold Ryan,Corporate,Surabaya,Jawa Timur,Indonesia,APAC,Southeast Asia,OFF-AR-10000720,Office Supplies,Art,"Binney & Smith Markers, Fluorescent",37.010999999999996,2,0.27,-3.5489999999999995,2.61,High
22401,IN-2013-35388,2013-08-07,2013-08-11,Standard Class,IM-15055,Ionia McGrath,Consumer,Jakarta,Jakarta,Indonesia,APAC,Southeast Asia,OFF-FA-10000197,Office Supplies,Fasteners,"Stockwell Push Pins, Metal",38.3985,5,0.47000000000000003,-3.001500000000007,2.58,Medium
27641,ID-2011-69716,2011-06-07,2011-06-09,Second Class,DW-13585,Dorothy Wardle,Corporate,Medan,Sumatera Utara,Indonesia,APAC,Southeast Asia,OFF-FA-10003615,Office Supplies,Fasteners,"Stockwell Staples, Assorted Sizes",16.6632,4,0.47000000000000003,-7.576800000000002,2.58,High
22151,ID-2014-22410,2014-01-31,2014-02-04,Second Class,MY-17380,Maribeth Yedwab,Corporate,Semarang,Jawa Tengah,Indonesia,APAC,Southeast Asia,OFF-LA-10003396,Office Supplies,Labels,"Avery Color Coded Labels, Laser Printer Compatible",21.1311,3,0.47000000000000003,-10.0089,2.57,High
29547,ID-2014-35073,2014-04-09,2014-04-12,First Class,DK-13150,David Kendrick,Corporate,Jakarta,Jakarta,Indonesia,APAC,Southeast Asia,OFF-ST-10000948,Office Supplies,Storage,"Fellowes Box, Blue",49.00319999999999,3,0.17,18.853199999999998,2.57,Medium
29896,IN-2012-63395,2012-10-08,2012-10-12,Standard Class,JP-15460,Jennifer Patt,Corporate,Bandung,Jawa Barat,Indonesia,APAC,Southeast Asia,OFF-FA-10002539,Office Supplies,Fasteners,"Stockwell Rubber Bands, Metal",25.853399999999997,3,0.47000000000000003,-16.1766,2.56,Medium
26319,ID-2013-70808,2013-12-24,2013-12-28,Standard Class,ED-13885,Emily Ducich,Home Office,Jakarta,Jakarta,Indonesia,APAC,Southeast Asia,OFF-FA-10004813,Office Supplies,Fasteners,"Stockwell Rubber Bands, Bulk Pack",52.56540000000001,6,0.47000000000000003,-21.9546,2.55,High
29335,ID-2014-38881,2014-02-14,2014-02-19,Standard Class,SG-20470,Sheri Gordon,Consumer,Jakarta,Jakarta,Indonesia,APAC,Southeast Asia,OFF-PA-10002416,Office Supplies,Paper,"Xerox Memo Slips, 8.5 x 11",28.095300000000005,3,0.47000000000000003,-23.384700000000002,2.55,High
30016,ID-2014-14283,2014-03-24,2014-03-28,Standard Class,CC-12475,Cindy Chapman,Consumer,Palu,Sulawesi Tengah,Indonesia,APAC,Southeast Asia,OFF-EN-10004958,Office Supplies,Envelopes,"Cameo Manila Envelope, Security-Tint",31.164000000000005,2,0.47000000000000003,-8.856000000000002,2.55,High
29897,IN-2012-63395,2012-10-08,2012-10-12,Standard Class,JP-15460,Jennifer Patt,Corporate,Bandung,Jawa Barat,Indonesia,APAC,Southeast Asia,OFF-PA-10001653,Office Supplies,Paper,"Green Bar Memo Slips, Multicolor",29.1924,3,0.47000000000000003,-18.237600000000004,2.54,Medium
23186,ID-2014-15179,2014-11-04,2014-11-08,Standard Class,PH-18790,Patricia Hirasaki,Home Office,Bekasi,Jawa Barat,Indonesia,APAC,Southeast Asia,TEC-AC-10000111,Technology,Accessories,"SanDisk Mouse, USB",61.24679999999999,3,0.47000000000000003,-54.313199999999995,2.53,Medium
26326,ID-2012-79586,2012-11-17,2012-11-23,Standard Class,SE-20110,Sanjit Engle,Consumer,Semarang,Jawa Tengah,Indonesia,APAC,Southeast Asia,OFF-EN-10002007,Office Supplies,Envelopes,"Kraft Clasp Envelope, with clear poly window",26.584799999999998,4,0.47000000000000003,-15.655199999999999,2.52,Medium
26626,ID-2011-49031,2011-03-25,2011-03-29,Standard Class,MF-17665,Maureen Fritzler,Corporate,Banda Aceh,Aceh,Indonesia,APAC,Southeast Asia,OFF-AR-10004138,Office Supplies,Art,"Stanley Pens, Easy-Erase",37.668,5,0.27,4.067999999999998,2.52,Medium
29175,IN-2012-78473,2012-05-28,2012-05-29,Same Day,LR-17035,Lisa Ryan,Corporate,Denpasar,Bali,Indonesia,APAC,Southeast Asia,OFF-BI-10002278,Office Supplies,Binders,"Ibico Binder Covers, Economy",56.64749999999999,5,0.17,6.697500000000002,2.51,Medium
26818,IN-2013-57284,2013-08-31,2013-09-03,First Class,JH-15910,Jonathan Howell,Consumer,Semarang,Jawa Tengah,Indonesia,APAC,Southeast Asia,OFF-AR-10000720,Office Supplies,Art,"Binney & Smith Markers, Fluorescent",37.010999999999996,2,0.27,-3.5489999999999995,2.5,Medium
24677,IN-2014-79488,2014-07-27,2014-08-02,Standard Class,HW-14935,Helen Wasserman,Corporate,Medan,Sumatera Utara,Indonesia,APAC,Southeast Asia,OFF-EN-10004941,Office Supplies,Envelopes,"GlobeWeis Manila Envelope, Recycled",41.6421,3,0.47000000000000003,-15.777900000000006,2.48,Medium
23922,ID-2013-50487,2013-11-01,2013-11-07,Standard Class,CS-12250,Chris Selesnick,Corporate,Jakarta,Jakarta,Indonesia,APAC,Southeast Asia,OFF-ST-10001229,Office Supplies,Storage,"Fellowes Box, Single Width",32.7186,2,0.17,-3.5814000000000004,2.47,Medium
27901,ID-2014-15774,2014-11-25,2014-11-29,Standard Class,BP-11185,Ben Peterman,Corporate,Palembang,Sumatera Selatan,Indonesia,APAC,Southeast Asia,OFF-LA-10000370,Office Supplies,Labels,"Hon Color Coded Labels, Laser Printer Compatible",27.1572,4,0.47000000000000003,-7.282800000000002,2.47,High
29212,ID-2012-14073,2012-05-23,2012-05-27,Standard Class,LH-17155,Logan Haushalter,Consumer,Jakarta,Jakarta,Indonesia,APAC,Southeast Asia,OFF-PA-10004727,Office Supplies,Paper,"Eaton Note Cards, 8.5 x 11",28.079400000000003,2,0.47000000000000003,-7.980600000000006,2.47,Medium
20472,ID-2013-52370,2013-05-29,2013-06-02,Standard Class,JR-15670,Jim Radford,Consumer,Jakarta,Jakarta,Indonesia,APAC,Southeast Asia,OFF-BI-10002881,Office Supplies,Binders,"Wilson Jones Binding Machine, Economy",40.6368,1,0.17,-7.3632,2.42,Medium
29891,IN-2012-63395,2012-10-08,2012-10-12,Standard Class,JP-15460,Jennifer Patt,Corporate,Bandung,Jawa Barat,Indonesia,APAC,Southeast Asia,OFF-ST-10000016,Office Supplies,Storage,"Eldon Folders, Blue",42.280199999999994,3,0.17,7.090199999999999,2.42,Medium
22809,IN-2014-78151,2014-12-11,2014-12-16,Standard Class,NH-18610,Nicole Hansen,Corporate,Jakarta,Jakarta,Indonesia,APAC,Southeast Asia,OFF-PA-10000731,Office Supplies,Paper,"Enermax Parchment Paper, 8.5 x 11",31.0527,3,0.47000000000000003,-11.787300000000005,2.39,Medium
21846,ID-2014-51642,2014-12-29,2015-01-04,Standard Class,AR-10570,Anemone Ratner,Consumer,Surakarta,Jawa Tengah,Indonesia,APAC,Southeast Asia,TEC-AC-10001835,Technology,Accessories,"Belkin Mouse, Programmable",44.7426,2,0.47000000000000003,-27.917400000000008,2.36,Medium
22886,IN-2013-11168,2013-12-16,2013-12-23,Standard Class,CM-12160,Charles McCrossin,Consumer,Balikpapan,Kalimantan Timur,Indonesia,APAC,Southeast Asia,FUR-FU-10002665,Furniture,Furnishings,"Advantus Light Bulb, Erganomic",54.57479999999999,4,0.27,8.854800000000001,2.36,Medium
24803,IN-2012-63150,2012-05-23,2012-05-28,Second Class,NH-18610,Nicole Hansen,Corporate,Bogor,Jawa Barat,Indonesia,APAC,Southeast Asia,TEC-AC-10000896,Technology,Accessories,"Belkin Numeric Keypad, Erganomic",31.4025,1,0.47000000000000003,-17.7975,2.36,High
25730,ID-2011-14360,2011-09-30,2011-10-01,First Class,GH-14665,Greg Hansen,Consumer,Manado,Sulawesi Utara,Indonesia,APAC,Southeast Asia,FUR-FU-10000422,Furniture,Furnishings,"Deflect-O Photo Frame, Black",37.887,1,0.27,-9.363000000000001,2.35,Medium
29776,ID-2013-37229,2013-06-08,2013-06-14,Standard Class,KB-16405,Katrina Bavinger,Home Office,Jakarta,Jakarta,Indonesia,APAC,Southeast Asia,OFF-FA-10001838,Office Supplies,Fasteners,"Stockwell Paper Clips, Metal",21.178800000000003,3,0.47000000000000003,-11.671200000000002,2.34,Medium
20404,ID-2012-10230,2012-07-06,2012-07-09,First Class,JC-16105,Julie Creighton,Corporate,Jakarta,Jakarta,Indonesia,APAC,Southeast Asia,OFF-LA-10004062,Office Supplies,Labels,"Hon Removable Labels, 5000 Label Set",16.3134,3,0.47000000000000003,-0.33660000000000245,2.33,Medium
23785,ID-2011-27275,2011-10-11,2011-10-11,Same Day,HW-14935,Helen Wasserman,Corporate,Bandung,Jawa Barat,Indonesia,APAC,Southeast Asia,OFF-FA-10000581,Office Supplies,Fasteners,"Stockwell Thumb Tacks, Metal",21.7035,3,0.47000000000000003,-5.7464999999999975,2.31,High
29030,IN-2014-22557,2014-10-24,2014-10-29,Standard Class,BG-11695,Brooke Gillingham,Corporate,Binjai,Sumatera Utara,Indonesia,APAC,Southeast Asia,OFF-EN-10002090,Office Supplies,Envelopes,"Kraft Peel and Seal, with clear poly window",25.4718,2,0.47000000000000003,-0.5082000000000022,2.31,Medium
26819,IN-2013-57284,2013-08-31,2013-09-03,First Class,JH-15910,Jonathan Howell,Consumer,Semarang,Jawa Tengah,Indonesia,APAC,Southeast Asia,OFF-LA-10002674,Office Supplies,Labels,"Novimex Legal Exhibit Labels, Adjustable",35.488800000000005,8,0.47000000000000003,-24.271200000000007,2.3,Medium
29649,IN-2012-37054,2012-02-15,2012-02-18,First Class,PK-18910,Paul Knutson,Home Office,Medan,Sumatera Utara,Indonesia,APAC,Southeast Asia,OFF-LA-10003381,Office Supplies,Labels,"Harbour Creations Color Coded Labels, Alphabetical",20.224800000000002,3,0.47000000000000003,-14.515200000000002,2.3,Medium
25213,ID-2013-74357,2013-03-25,2013-03-31,Standard Class,DA-13450,Dianna Arnett,Home Office,Palembang,Sumatera Selatan,Indonesia,APAC,Southeast Asia,OFF-FA-10004527,Office Supplies,Fasteners,"Advantus Thumb Tacks, Bulk Pack",21.6081,3,0.47000000000000003,-11.871900000000002,2.29,Low
22072,IN-2011-25882,2011-07-23,2011-07-28,Standard Class,LD-16855,Lela Donovan,Corporate,Jakarta,Jakarta,Indonesia,APAC,Southeast Asia,TEC-PH-10002154,Technology,Phones,"Cisco Headset, Full Size",297.9035999999999,4,0.17,25.023599999999995,2.28,Medium
24259,ID-2011-28395,2011-03-30,2011-04-05,Standard Class,BF-11080,Bart Folk,Consumer,Jakarta,Jakarta,Indonesia,APAC,Southeast Asia,OFF-FA-10002241,Office Supplies,Fasteners,"Stockwell Clamps, Bulk Pack",29.955600000000004,3,0.47000000000000003,-7.3944000000000045,2.25,Medium
29608,ID-2014-17937,2014-06-27,2014-07-03,Standard Class,DP-13000,Darren Powers,Consumer,Jakarta,Jakarta,Indonesia,APAC,Southeast Asia,OFF-EN-10004892,Office Supplies,Envelopes,"Ames Manila Envelope, with clear poly window",29.923800000000004,2,0.47000000000000003,-3.4361999999999995,2.25,Medium
25252,ID-2014-25693,2014-01-10,2014-01-15,Standard Class,SC-20440,Shaun Chance,Corporate,Jakarta,Jakarta,Indonesia,APAC,Southeast Asia,OFF-FA-10002459,Office Supplies,Fasteners,"Advantus Clamps, Bulk Pack",30.67110000000001,3,0.47000000000000003,-4.06890000000001,2.24,Medium
27502,ID-2012-23502,2012-12-03,2012-12-08,Standard Class,MG-18145,Mike Gockenbach,Consumer,Padang,Sumatera Barat,Indonesia,APAC,Southeast Asia,OFF-LA-10002633,Office Supplies,Labels,"Novimex Shipping Labels, Laser Printer Compatible",46.5552,8,0.47000000000000003,-27.3648,2.22,Medium
20474,ID-2013-52370,2013-05-29,2013-06-02,Standard Class,JR-15670,Jim Radford,Consumer,Jakarta,Jakarta,Indonesia,APAC,Southeast Asia,OFF-BI-10000006,Office Supplies,Binders,"Ibico Binder, Durable",28.186799999999995,2,0.17,1.3068000000000008,2.2,Medium
27423,ID-2013-53273,2013-04-10,2013-04-15,Standard Class,DK-13150,David Kendrick,Corporate,Bandung,Jawa Barat,Indonesia,APAC,Southeast Asia,OFF-SU-10001442,Office Supplies,Supplies,"Acme Scissors, Steel",26.330400000000004,2,0.47000000000000003,-16.449600000000007,2.2,High
22466,ID-2012-75316,2012-05-03,2012-05-07,Standard Class,PA-19060,Pete Armstrong,Home Office,Samarinda,Kalimantan Timur,Indonesia,APAC,Southeast Asia,OFF-FA-10002015,Office Supplies,Fasteners,"Stockwell Push Pins, 12 Pack",21.942000000000004,3,0.47000000000000003,-14.148000000000001,2.19,Medium
22468,ID-2012-75316,2012-05-03,2012-05-07,Standard Class,PA-19060,Pete Armstrong,Home Office,Samarinda,Kalimantan Timur,Indonesia,APAC,Southeast Asia,OFF-AR-10001266,Office Supplies,Art,"Boston Canvas, Blue",39.157199999999996,1,0.27,5.8872,2.18,Medium
22680,ID-2012-46315,2012-11-01,2012-11-05,Standard Class,SW-20755,Steven Ward,Corporate,Depok,Jawa Barat,Indonesia,APAC,Southeast Asia,OFF-PA-10001835,Office Supplies,Paper,"SanDisk Computer Printout Paper, 8.5 x 11",35.9658,2,0.47000000000000003,-31.8942,2.18,Medium
29898,IN-2012-63395,2012-10-08,2012-10-12,Standard Class,JP-15460,Jennifer Patt,Corporate,Bandung,Jawa Barat,Indonesia,APAC,Southeast Asia,OFF-AR-10000729,Office Supplies,Art,"Stanley Highlighters, Fluorescent",23.301599999999997,2,0.27,-4.1784,2.18,Medium
20946,ID-2013-53084,2013-07-22,2013-07-25,Second Class,TH-21100,Thea Hendricks,Consumer,Surabaya,Jawa Timur,Indonesia,APAC,Southeast Asia,TEC-CO-10001157,Technology,Copiers,"Hewlett Personal Copier, Color",406.5309,3,0.07,166.0509,2.17,High
25573,ID-2014-63444,2014-11-17,2014-11-22,Second Class,MG-17875,Michael Grace,Home Office,Bogor,Jawa Barat,Indonesia,APAC,Southeast Asia,FUR-FU-10002648,Furniture,Furnishings,"Rubbermaid Stacking Tray, Erganomic",34.6896,2,0.27,10.449600000000002,2.17,Medium
26757,ID-2012-57907,2012-11-07,2012-11-09,First Class,BT-11485,Brad Thomas,Home Office,Pontianak,Kalimantan Barat,Indonesia,APAC,Southeast Asia,OFF-LA-10001548,Office Supplies,Labels,"Avery Shipping Labels, Adjustable",10.335,2,0.47000000000000003,-4.485000000000001,2.14,High
29116,ID-2014-59279,2014-05-21,2014-05-24,First Class,CV-12295,Christina VanderZanden,Consumer,Malang,Jawa Timur,Indonesia,APAC,Southeast Asia,OFF-LA-10004918,Office Supplies,Labels,"Harbour Creations Round Labels, Alphabetical",6.964200000000001,2,0.47000000000000003,-4.915800000000001,2.14,Critical
21986,ID-2012-41982,2012-02-23,2012-02-28,Standard Class,BS-11755,Bruce Stewart,Consumer,Surabaya,Jawa Timur,Indonesia,APAC,Southeast Asia,OFF-LA-10001672,Office Supplies,Labels,"Avery Legal Exhibit Labels, Alphabetical",23.659200000000002,4,0.47000000000000003,-15.700800000000001,2.13,Medium
27143,ID-2011-50501,2011-06-17,2011-06-20,First Class,CS-12460,Chuck Sachs,Consumer,Bandung,Jawa Barat,Indonesia,APAC,Southeast Asia,FUR-TA-10000222,Furniture,Tables,"Bevis Training Table, Adjustable Height",714.8004,4,0.47000000000000003,-107.91959999999995,2.13,Medium
22404,IN-2013-35388,2013-08-07,2013-08-11,Standard Class,IM-15055,Ionia McGrath,Consumer,Jakarta,Jakarta,Indonesia,APAC,Southeast Asia,FUR-FU-10004579,Furniture,Furnishings,"Rubbermaid Door Stop, Durable",29.805900000000005,1,0.27,2.835899999999997,2.12,Medium
24737,IN-2012-64116,2012-11-20,2012-11-20,Same Day,AR-10345,Alex Russell,Corporate,Jakarta,Jakarta,Indonesia,APAC,Southeast Asia,OFF-FA-10002890,Office Supplies,Fasteners,"Accos Staples, Bulk Pack",52.231500000000004,9,0.47000000000000003,-0.14850000000000563,2.12,High
23085,ID-2013-19309,2013-08-23,2013-08-30,Standard Class,MZ-17515,Mary Zewe,Corporate,Surabaya,Jawa Timur,Indonesia,APAC,Southeast Asia,OFF-BI-10000721,Office Supplies,Binders,"Ibico Binder Covers, Recycled",23.2566,2,0.17,-3.6834,2.11,Medium
29497,ID-2013-45139,2013-07-05,2013-07-11,Standard Class,CR-12730,Craig Reiter,Consumer,Pekanbaru,Riau,Indonesia,APAC,Southeast Asia,OFF-PA-10003731,Office Supplies,Paper,"Enermax Note Cards, Premium",31.704600000000006,2,0.47000000000000003,-4.235400000000006,2.11,Medium
23642,IN-2011-75540,2011-06-02,2011-06-07,Standard Class,AT-10435,Alyssa Tate,Home Office,Jakarta,Jakarta,Indonesia,APAC,Southeast Asia,OFF-SU-10004236,Office Supplies,Supplies,"Stiletto Letter Opener, Steel",26.58480000000001,2,0.47000000000000003,-7.075200000000006,2.1,Medium
28757,IN-2014-53070,2014-10-28,2014-10-28,Same Day,BE-11455,Brad Eason,Home Office,Jakarta,Jakarta,Indonesia,APAC,Southeast Asia,OFF-PA-10003899,Office Supplies,Paper,"SanDisk Memo Slips, Premium",35.997600000000006,4,0.47000000000000003,-8.882400000000004,2.1,High
23492,ID-2013-11091,2013-05-14,2013-05-19,Standard Class,ML-17410,Maris LaWare,Consumer,Yogyakarta,Yogyakarta,Indonesia,APAC,Southeast Asia,OFF-EN-10004941,Office Supplies,Envelopes,"GlobeWeis Manila Envelope, Recycled",27.761400000000002,2,0.47000000000000003,-10.518600000000003,2.09,High
23957,ID-2014-47022,2014-08-01,2014-08-06,Standard Class,SG-20890,Susan Gilcrest,Corporate,Jakarta,Jakarta,Indonesia,APAC,Southeast Asia,TEC-AC-10004016,Technology,Accessories,"Memorex Flash Drive, Programmable",32.754000000000005,2,0.47000000000000003,-14.226000000000003,2.09,Medium
24577,IN-2014-74476,2014-08-16,2014-08-21,Second Class,KL-16555,Kelly Lampkin,Corporate,Yogyakarta,Yogyakarta,Indonesia,APAC,Southeast Asia,OFF-LA-10000370,Office Supplies,Labels,"Hon Color Coded Labels, Laser Printer Compatible",47.5251,7,0.47000000000000003,-12.744900000000005,2.09,Medium
29939,IN-2013-35542,2013-09-09,2013-09-11,Second Class,MC-17425,Mark Cousins,Corporate,Jakarta,Jakarta,Indonesia,APAC,Southeast Asia,OFF-ST-10003606,Office Supplies,Storage,"Smead Box, Single Width",17.928,2,0.17,1.7279999999999998,2.09,Medium
21880,IN-2012-70612,2012-11-13,2012-11-19,Standard Class,TG-21640,Trudy Glocke,Consumer,Surabaya,Jawa Timur,Indonesia,APAC,Southeast Asia,OFF-LA-10000668,Office Supplies,Labels,"Smead Removable Labels, Adjustable",28.858500000000006,5,0.47000000000000003,1.5584999999999951,2.07,Medium
21528,ID-2011-41751,2011-09-21,2011-09-26,Standard Class,SG-20080,Sandra Glassco,Consumer,Samarinda,Kalimantan Timur,Indonesia,APAC,Southeast Asia,OFF-AR-10004218,Office Supplies,Art,"Sanford Pencil Sharpener, Water Color",84.7092,4,0.27,-6.9708000000000006,2.06,Medium
26797,ID-2013-27989,2013-07-18,2013-07-22,Standard Class,DJ-13510,Don Jones,Corporate,Jakarta,Jakarta,Indonesia,APAC,Southeast Asia,OFF-LA-10002272,Office Supplies,Labels,"Smead File Folder Labels, Alphabetical",18.444,4,0.47000000000000003,-13.595999999999998,2.04,Medium
21103,ID-2012-51544,2012-08-06,2012-08-10,Standard Class,CS-12130,Chad Sievert,Consumer,Balikpapan,Kalimantan Timur,Indonesia,APAC,Southeast Asia,OFF-LA-10003338,Office Supplies,Labels,"Harbour Creations Removable Labels, 5000 Label Set",16.456500000000002,3,0.47000000000000003,-5.323500000000005,2.02,High
26628,IN-2011-73839,2011-10-27,2011-11-02,Standard Class,VP-21760,Victoria Pisteka,Corporate,Semarang,Jawa Tengah,Indonesia,APAC,Southeast Asia,OFF-BI-10003917,Office Supplies,Binders,"Avery Hole Reinforcements, Economy",25.6221,7,0.17,3.9920999999999998,2.02,Medium
29560,ID-2013-35584,2013-06-17,2013-06-21,Standard Class,KD-16495,Keith Dawkins,Corporate,Kendari,Sulawesi Tenggara,Indonesia,APAC,Southeast Asia,OFF-EN-10001157,Office Supplies,Envelopes,"Ames Business Envelopes, Security-Tint",31.036800000000007,4,0.47000000000000003,-22.843200000000007,2.02,Medium
29875,ID-2014-26008,2014-11-28,2014-12-03,Standard Class,ML-17410,Maris LaWare,Consumer,Jakarta,Jakarta,Indonesia,APAC,Southeast Asia,OFF-SU-10001770,Office Supplies,Supplies,"Acme Scissors, Easy Grip",43.0254,3,0.47000000000000003,-3.3246000000000038,2.02,Medium
30126,ID-2014-49696,2014-10-20,2014-10-24,Standard Class,DN-13690,Duane Noonan,Consumer,Malang,Jawa Timur,Indonesia,APAC,Southeast Asia,OFF-PA-10003686,Office Supplies,Paper,"SanDisk Message Books, Multicolor",26.7438,2,0.47000000000000003,-22.2162,2.02,Medium
30206,ID-2014-48828,2014-12-29,2015-01-02,Standard Class,KB-16315,Karl Braun,Consumer,Cirebon,Jawa Barat,Indonesia,APAC,Southeast Asia,OFF-EN-10002007,Office Supplies,Envelopes,"Kraft Clasp Envelope, with clear poly window",33.230999999999995,5,0.47000000000000003,-19.568999999999996,2.01,Medium
24954,ID-2014-68113,2014-05-27,2014-05-31,Standard Class,AJ-10780,Anthony Jacobs,Corporate,Jakarta,Jakarta,Indonesia,APAC,Southeast Asia,OFF-FA-10003020,Office Supplies,Fasteners,"Accos Paper Clips, Bulk Pack",15.0096,2,0.47000000000000003,-9.110400000000002,2.0,High
29001,ID-2014-13604,2014-06-07,2014-06-12,Second Class,SC-20770,Stewart Carmichael,Corporate,Surabaya,Jawa Timur,Indonesia,APAC,Southeast Asia,OFF-AR-10001529,Office Supplies,Art,"Sanford Pens, Fluorescent",18.0456,2,0.27,0.46559999999999935,2.0,Medium
22338,ID-2012-19575,2012-07-18,2012-07-23,Standard Class,VW-21775,Victoria Wilson,Corporate,Bandung,Jawa Barat,Indonesia,APAC,Southeast Asia,OFF-PA-10003416,Office Supplies,Paper,"Green Bar Parchment Paper, Recycled",26.378099999999996,3,0.47000000000000003,-18.441899999999997,1.99,Medium
23476,IN-2013-31650,2013-05-03,2013-05-09,Standard Class,RM-19750,Roland Murray,Consumer,Jakarta,Jakarta,Indonesia,APAC,Southeast Asia,OFF-BI-10004140,Office Supplies,Binders,"Cardinal Index Tab, Clear",33.465599999999995,6,0.17,11.145600000000002,1.99,Medium
22804,IN-2014-78151,2014-12-11,2014-12-16,Standard Class,NH-18610,Nicole Hansen,Corporate,Jakarta,Jakarta,Indonesia,APAC,Southeast Asia,OFF-EN-10001976,Office Supplies,Envelopes,"Jiffy Interoffice Envelope, Security-Tint",51.77040000000001,2,0.47000000000000003,-18.609600000000007,1.98,Medium
22128,IN-2013-61288,2013-07-16,2013-07-20,Standard Class,FW-14395,Fred Wasserman,Corporate,Surabaya,Jawa Timur,Indonesia,APAC,Southeast Asia,OFF-EN-10003508,Office Supplies,Envelopes,"GlobeWeis Peel and Seal, with clear poly window",26.425800000000002,2,0.47000000000000003,-0.03420000000000201,1.97,Medium
27061,IN-2013-46609,2013-08-15,2013-08-19,Standard Class,FM-14215,Filia McAdams,Corporate,Pematangsiantar,Sumatera Utara,Indonesia,APAC,Southeast Asia,OFF-BI-10004700,Office Supplies,Binders,"Cardinal Binder, Durable",38.171699999999994,3,0.17,5.501699999999998,1.97,Medium
22297,IN-2011-22830,2011-07-28,2011-07-30,First Class,BM-11785,Bryan Mills,Consumer,Probolinggo,Jawa Timur,Indonesia,APAC,Southeast Asia,OFF-LA-10000108,Office Supplies,Labels,"Harbour Creations Color Coded Labels, Laser Printer Compatible",13.674,2,0.47000000000000003,-3.1259999999999994,1.95,Medium
23223,IN-2013-57480,2013-08-16,2013-08-18,Second Class,TB-21175,Thomas Boland,Corporate,Palembang,Sumatera Selatan,Indonesia,APAC,Southeast Asia,OFF-BI-10004140,Office Supplies,Binders,"Cardinal Index Tab, Clear",11.155199999999997,2,0.17,3.7152000000000003,1.94,Medium
22494,IN-2014-60168,2014-01-02,2014-01-06,Standard Class,LD-16855,Lela Donovan,Corporate,Ambon,Maluku,Indonesia,APAC,Southeast Asia,OFF-AR-10001266,Office Supplies,Art,"Boston Canvas, Blue",117.4716,3,0.27,17.661599999999993,1.93,Medium
29246,ID-2014-76891,2014-08-25,2014-08-28,First Class,KB-16315,Karl Braun,Consumer,Jakarta,Jakarta,Indonesia,APAC,Southeast Asia,OFF-EN-10002425,Office Supplies,Envelopes,"Ames Peel and Seal, Set of 50",9.905700000000001,1,0.47000000000000003,-8.244300000000003,1.93,High
25864,ID-2013-20240,2013-01-16,2013-01-18,Second Class,LB-16735,Larry Blacks,Consumer,Tasikmalaya,Jawa Barat,Indonesia,APAC,Southeast Asia,OFF-FA-10001838,Office Supplies,Fasteners,"Stockwell Paper Clips, Metal",14.119200000000001,2,0.47000000000000003,-7.780800000000001,1.91,High
29469,ID-2014-34254,2014-11-04,2014-11-11,Standard Class,BF-11170,Ben Ferrer,Home Office,Surabaya,Jawa Timur,Indonesia,APAC,Southeast Asia,OFF-EN-10000657,Office Supplies,Envelopes,"Jiffy Peel and Seal, with clear poly window",49.925999999999995,4,0.47000000000000003,-13.194000000000003,1.91,Medium
29499,ID-2013-45139,2013-07-05,2013-07-11,Standard Class,CR-12730,Craig Reiter,Consumer,Pekanbaru,Riau,Indonesia,APAC,Southeast Asia,OFF-SU-10000914,Office Supplies,Supplies,"Kleencut Scissors, Serrated",30.194100000000006,3,0.47000000000000003,-15.435900000000007,1.91,Medium
20948,ID-2013-53084,2013-07-22,2013-07-25,Second Class,TH-21100,Thea Hendricks,Consumer,Surabaya,Jawa Timur,Indonesia,APAC,Southeast Asia,OFF-PA-10003405,Office Supplies,Paper,"Green Bar Memo Slips, Premium",17.967000000000002,2,0.47000000000000003,-4.113000000000003,1.9,High
27083,ID-2012-69975,2012-10-02,2012-10-08,Standard Class,TC-21145,Theresa Coyne,Corporate,Jakarta,Jakarta,Indonesia,APAC,Southeast Asia,OFF-FA-10001925,Office Supplies,Fasteners,"Advantus Staples, 12 Pack",27.268499999999996,5,0.47000000000000003,-11.4315,1.9,Medium
27498,ID-2014-34737,2014-03-18,2014-03-25,Standard Class,MF-17665,Maureen Fritzler,Corporate,Bogor,Jawa Barat,Indonesia,APAC,Southeast Asia,OFF-BI-10002335,Office Supplies,Binders,"Avery Binder Covers, Durable",20.866199999999996,2,0.17,-3.7937999999999996,1.9,Low
23640,IN-2011-75540,2011-06-02,2011-06-07,Standard Class,AT-10435,Alyssa Tate,Home Office,Jakarta,Jakarta,Indonesia,APAC,Southeast Asia,OFF-ST-10000016,Office Supplies,Storage,"Eldon Folders, Blue",28.186799999999998,2,0.17,4.726799999999999,1.87,Medium
28000,ID-2014-71403,2014-12-16,2014-12-20,Standard Class,LS-17200,Luke Schmidt,Corporate,Depok,Jawa Barat,Indonesia,APAC,Southeast Asia,OFF-EN-10002613,Office Supplies,Envelopes,"Ames Clasp Envelope, Security-Tint",20.352000000000004,4,0.47000000000000003,-13.488000000000005,1.87,Medium
22478,ID-2011-15802,2011-12-21,2011-12-28,Standard Class,DV-13465,Dianna Vittorini,Consumer,Medan,Sumatera Utara,Indonesia,APAC,Southeast Asia,FUR-FU-10002933,Furniture,Furnishings,"Advantus Stacking Tray, Erganomic",51.245999999999995,3,0.27,-8.424000000000001,1.86,Medium
29893,IN-2012-63395,2012-10-08,2012-10-12,Standard Class,JP-15460,Jennifer Patt,Corporate,Bandung,Jawa Barat,Indonesia,APAC,Southeast Asia,OFF-FA-10002015,Office Supplies,Fasteners,"Stockwell Push Pins, 12 Pack",21.942000000000004,3,0.47000000000000003,-14.148000000000001,1.85,Medium
24894,IN-2014-30768,2014-09-10,2014-09-15,Standard Class,RH-19495,Rick Hansen,Consumer,Surabaya,Jawa Timur,Indonesia,APAC,Southeast Asia,OFF-BI-10001067,Office Supplies,Binders,"Avery Binder, Recycled",22.011599999999998,2,0.17,1.5516000000000005,1.84,Medium
20726,ID-2014-79313,2014-04-05,2014-04-10,Standard Class,WB-21850,William Brown,Consumer,Denpasar,Bali,Indonesia,APAC,Southeast Asia,FUR-FU-10004730,Furniture,Furnishings,"Rubbermaid Light Bulb, Erganomic",25.491599999999995,2,0.27,-8.4084,1.83,Medium
27877,IN-2014-68337,2014-11-13,2014-11-17,Standard Class,TS-21430,Tom Stivers,Corporate,Samarinda,Kalimantan Timur,Indonesia,APAC,Southeast Asia,OFF-EN-10003715,Office Supplies,Envelopes,"Kraft Manila Envelope, Set of 50",56.15880000000001,4,0.47000000000000003,-37.20120000000001,1.83,Medium
22429,ID-2013-68757,2013-12-11,2013-12-17,Standard Class,RH-19495,Rick Hansen,Consumer,Bogor,Jawa Barat,Indonesia,APAC,Southeast Asia,OFF-PA-10004260,Office Supplies,Paper,"Xerox Memo Slips, Recycled",35.616,5,0.47000000000000003,-6.834000000000007,1.81,Medium
20858,IN-2014-66027,2014-12-15,2014-12-19,Standard Class,SV-20935,Susan Vittorini,Consumer,Surabaya,Jawa Timur,Indonesia,APAC,Southeast Asia,OFF-AR-10002400,Office Supplies,Art,"Boston Highlighters, Water Color",32.193,2,0.27,-8.427,1.79,Medium
29861,IN-2013-21381,2013-05-17,2013-05-22,Standard Class,DB-13555,Dorothy Badders,Corporate,Jambi,Jambi,Indonesia,APAC,Southeast Asia,OFF-EN-10003537,Office Supplies,Envelopes,"GlobeWeis Manila Envelope, Set of 50",43.5501,3,0.47000000000000003,-14.049900000000001,1.79,Medium
25839,IN-2013-16516,2013-10-04,2013-10-09,Standard Class,SW-20275,Scott Williamson,Consumer,Bogor,Jawa Barat,Indonesia,APAC,Southeast Asia,OFF-BI-10001286,Office Supplies,Binders,"Ibico Hole Reinforcements, Durable",21.140099999999997,3,0.17,0.7101000000000006,1.77,Medium
24564,ID-2012-66643,2012-04-26,2012-04-30,Standard Class,PW-19030,Pauline Webber,Corporate,Depok,Yogyakarta,Indonesia,APAC,Southeast Asia,OFF-EN-10004422,Office Supplies,Envelopes,"Cameo Peel and Seal, Set of 50",33.39,3,0.47000000000000003,-11.340000000000003,1.76,Medium
26849,ID-2011-63668,2011-12-10,2011-12-13,Second Class,FM-14290,Frank Merwin,Home Office,Medan,Sumatera Utara,Indonesia,APAC,Southeast Asia,OFF-LA-10002633,Office Supplies,Labels,"Novimex Shipping Labels, Laser Printer Compatible",11.6388,2,0.47000000000000003,-6.8412,1.76,High
24910,IN-2014-23663,2014-02-07,2014-02-11,Standard Class,BT-11485,Brad Thomas,Home Office,Yogyakarta,Yogyakarta,Indonesia,APAC,Southeast Asia,OFF-BI-10003265,Office Supplies,Binders,"Wilson Jones Binder, Clear",20.7168,2,0.17,-2.023200000000001,1.75,Medium
27878,IN-2014-68337,2014-11-13,2014-11-17,Standard Class,TS-21430,Tom Stivers,Corporate,Samarinda,Kalimantan Timur,Indonesia,APAC,Southeast Asia,FUR-FU-10000069,Furniture,Furnishings,"Tenex Door Stop, Durable",89.6148,3,0.27,-18.475200000000005,1.75,Medium
29243,IN-2011-65264,2011-12-12,2011-12-17,Standard Class,KM-16660,Khloe Miller,Consumer,Denpasar,Bali,Indonesia,APAC,Southeast Asia,OFF-PA-10003405,Office Supplies,Paper,"Green Bar Memo Slips, Premium",98.81850000000001,11,0.47000000000000003,-22.62150000000001,1.75,High
30207,ID-2014-48828,2014-12-29,2015-01-02,Standard Class,KB-16315,Karl Braun,Consumer,Cirebon,Jawa Barat,Indonesia,APAC,Southeast Asia,OFF-EN-10002806,Office Supplies,Envelopes,"GlobeWeis Peel and Seal, Recycled",21.4014,2,0.47000000000000003,-0.018599999999999284,1.75,Medium
21612,ID-2013-45650,2013-08-16,2013-08-20,Standard Class,LD-16855,Lela Donovan,Corporate,Dumai,Riau,Indonesia,APAC,Southeast Asia,OFF-FA-10003819,Office Supplies,Fasteners,"Advantus Paper Clips, Assorted Sizes",14.787000000000003,2,0.47000000000000003,-3.633000000000001,1.71,High
22456,ID-2013-79579,2013-09-13,2013-09-17,Standard Class,BD-11605,Brian Dahlen,Consumer,Ambon,Maluku,Indonesia,APAC,Southeast Asia,OFF-PA-10003744,Office Supplies,Paper,"Green Bar Parchment Paper, Multicolor",19.175399999999996,2,0.47000000000000003,-5.484599999999997,1.71,Medium
21608,ID-2013-30103,2013-05-09,2013-05-11,First Class,MS-17830,Melanie Seite,Consumer,Bandung,Jawa Barat,Indonesia,APAC,Southeast Asia,OFF-ST-10004325,Office Supplies,Storage,"Eldon Box, Single Width",8.5407,1,0.17,2.3607000000000005,1.67,Critical
23970,ID-2014-24293,2014-10-22,2014-10-26,Standard Class,DB-13060,Dave Brooks,Consumer,Bandung,Jawa Barat,Indonesia,APAC,Southeast Asia,OFF-LA-10001669,Office Supplies,Labels,"Smead Color Coded Labels, Adjustable",11.607,2,0.47000000000000003,-4.653,1.65,High
27957,ID-2012-67336,2012-09-03,2012-09-07,Standard Class,ES-14020,Erica Smith,Consumer,Semarang,Jawa Tengah,Indonesia,APAC,Southeast Asia,OFF-LA-10002633,Office Supplies,Labels,"Novimex Shipping Labels, Laser Printer Compatible",17.458199999999998,3,0.47000000000000003,-10.261800000000001,1.65,High
28490,ID-2011-37306,2011-11-16,2011-11-23,Standard Class,DJ-13630,Doug Jacobs,Consumer,Semarang,Jawa Tengah,Indonesia,APAC,Southeast Asia,OFF-LA-10001312,Office Supplies,Labels,"Hon File Folder Labels, Laser Printer Compatible",18.3168,4,0.47000000000000003,-9.043200000000002,1.65,Low
22387,ID-2014-14794,2014-11-19,2014-11-24,Standard Class,JH-15910,Jonathan Howell,Consumer,Jakarta,Jakarta,Indonesia,APAC,Southeast Asia,OFF-LA-10004623,Office Supplies,Labels,"Smead Removable Labels, 5000 Label Set",27.825000000000003,5,0.47000000000000003,-2.1750000000000043,1.64,Medium
24774,IN-2014-41345,2014-11-13,2014-11-18,Standard Class,DV-13045,Darrin Van Huff,Corporate,Pekanbaru,Riau,Indonesia,APAC,Southeast Asia,OFF-BI-10004140,Office Supplies,Binders,"Cardinal Index Tab, Clear",22.310399999999994,4,0.17,7.430400000000001,1.64,Medium
26331,ID-2014-24685,2014-11-14,2014-11-19,Standard Class,RD-19720,Roger Demir,Consumer,Bekasi,Jawa Barat,Indonesia,APAC,Southeast Asia,OFF-FA-10001650,Office Supplies,Fasteners,"OIC Push Pins, Metal",39.8295,5,0.47000000000000003,-0.07049999999999557,1.64,Medium
28341,IN-2011-44761,2011-10-20,2011-10-24,Standard Class,EM-14140,Eugene Moren,Home Office,Malang,Jawa Timur,Indonesia,APAC,Southeast Asia,OFF-FA-10002015,Office Supplies,Fasteners,"Stockwell Push Pins, 12 Pack",21.942000000000004,3,0.47000000000000003,-14.148000000000001,1.64,Medium
26129,ID-2013-72936,2013-08-02,2013-08-07,Standard Class,EB-13705,Ed Braxton,Corporate,Semarang,Jawa Tengah,Indonesia,APAC,Southeast Asia,OFF-FA-10002388,Office Supplies,Fasteners,"Accos Push Pins, Assorted Sizes",12.688200000000002,2,0.47000000000000003,-10.1118,1.63,High
24229,ID-2013-18833,2013-02-10,2013-02-15,Second Class,TB-21280,Toby Braunhardt,Consumer,Surabaya,Jawa Timur,Indonesia,APAC,Southeast Asia,OFF-BI-10004700,Office Supplies,Binders,"Cardinal Binder, Durable",38.171699999999994,3,0.17,5.501699999999998,1.62,Medium
30054,ID-2013-72362,2013-06-04,2013-06-09,Standard Class,CS-11845,Cari Sayre,Corporate,Pekanbaru,Riau,Indonesia,APAC,Southeast Asia,OFF-FA-10004447,Office Supplies,Fasteners,"Advantus Rubber Bands, Metal",17.712600000000002,2,0.47000000000000003,-4.727400000000001,1.61,Medium
24699,ID-2012-46175,2012-05-30,2012-06-03,Standard Class,DB-13210,Dean Braden,Consumer,Depok,Jawa Barat,Indonesia,APAC,Southeast Asia,OFF-ST-10001366,Office Supplies,Storage,"Rogers Folders, Wire Frame",24.700799999999994,1,0.17,-3.2891999999999997,1.6,High
20405,ID-2012-10230,2012-07-06,2012-07-09,First Class,JC-16105,Julie Creighton,Corporate,Jakarta,Jakarta,Indonesia,APAC,Southeast Asia,OFF-EN-10004422,Office Supplies,Envelopes,"Cameo Peel and Seal, Set of 50",11.13,1,0.47000000000000003,-3.780000000000001,1.59,Medium
27074,ID-2014-57032,2014-12-29,2014-12-31,Second Class,TP-21130,Theone Pippenger,Consumer,Samarinda,Kalimantan Timur,Indonesia,APAC,Southeast Asia,OFF-EN-10000726,Office Supplies,Envelopes,"Jiffy Clasp Envelope, Set of 50",13.546800000000001,3,0.47000000000000003,-3.103200000000001,1.59,Medium
24180,ID-2012-67707,2012-04-16,2012-04-22,Standard Class,SC-20800,Stuart Calhoun,Consumer,Surakarta,Jawa Tengah,Indonesia,APAC,Southeast Asia,OFF-FA-10003779,Office Supplies,Fasteners,"Stockwell Paper Clips, Assorted Sizes",14.723400000000002,2,0.47000000000000003,-1.7166000000000015,1.58,Low
25748,ID-2014-39616,2014-06-16,2014-06-19,First Class,TT-21070,Ted Trevino,Consumer,Balikpapan,Kalimantan Timur,Indonesia,APAC,Southeast Asia,OFF-EN-10002464,Office Supplies,Envelopes,"Cameo Peel and Seal, Security-Tint",12.402,1,0.47000000000000003,-6.558,1.58,High
26625,ID-2011-49031,2011-03-25,2011-03-29,Standard Class,MF-17665,Maureen Fritzler,Corporate,Banda Aceh,Aceh,Indonesia,APAC,Southeast Asia,OFF-LA-10004877,Office Supplies,Labels,"Avery File Folder Labels, Laser Printer Compatible",19.334400000000002,4,0.47000000000000003,-2.2656000000000027,1.55,Medium
28903,ID-2013-52594,2013-04-10,2013-04-16,Standard Class,SJ-20215,Sarah Jordon,Consumer,Medan,Sumatera Utara,Indonesia,APAC,Southeast Asia,OFF-SU-10003717,Office Supplies,Supplies,"Stiletto Ruler, Serrated",24.5496,4,0.47000000000000003,-18.5304,1.55,Medium
21208,IN-2014-30110,2014-08-26,2014-08-27,First Class,LA-16780,Laura Armstrong,Corporate,Palembang,Sumatera Selatan,Indonesia,APAC,Southeast Asia,OFF-FA-10000248,Office Supplies,Fasteners,"Stockwell Rubber Bands, Assorted Sizes",7.409400000000001,1,0.47000000000000003,0.41939999999999955,1.54,High
22054,ID-2013-53007,2013-08-27,2013-08-29,First Class,TS-21340,Toby Swindell,Consumer,Banda Aceh,Aceh,Indonesia,APAC,Southeast Asia,OFF-BI-10003012,Office Supplies,Binders,"Wilson Jones Hole Reinforcements, Economy",7.519800000000002,2,0.17,2.2997999999999994,1.54,Medium
23254,ID-2012-48639,2012-10-30,2012-11-03,Standard Class,BS-11380,Bill Stewart,Corporate,Bandung,Jawa Barat,Indonesia,APAC,Southeast Asia,OFF-FA-10002058,Office Supplies,Fasteners,"Stockwell Thumb Tacks, Assorted Sizes",22.4508,4,0.47000000000000003,-11.029200000000003,1.54,Medium
25578,ID-2012-33141,2012-02-18,2012-02-22,Standard Class,RS-19420,Ricardo Sperren,Corporate,Medan,Sumatera Utara,Indonesia,APAC,Southeast Asia,OFF-SU-10004236,Office Supplies,Supplies,"Stiletto Letter Opener, Steel",26.58480000000001,2,0.47000000000000003,-7.075200000000006,1.54,Medium
22004,ID-2014-22851,2014-08-11,2014-08-16,Second Class,TB-21190,Thomas Brumley,Home Office,Pekalongan,Jawa Tengah,Indonesia,APAC,Southeast Asia,TEC-AC-10003276,Technology,Accessories,"Enermax Router, USB",685.1310000000001,5,0.47000000000000003,-232.71900000000005,1.53,Medium
22018,ID-2014-75057,2014-10-30,2014-11-03,Standard Class,NP-18670,Nora Paige,Consumer,Bandung,Jawa Barat,Indonesia,APAC,Southeast Asia,OFF-LA-10000506,Office Supplies,Labels,"Harbour Creations Legal Exhibit Labels, Laser Printer Compatible",29.0175,5,0.47000000000000003,-9.982499999999996,1.53,Medium
24252,ID-2012-51677,2012-05-23,2012-05-27,Standard Class,FM-14380,Fred McMath,Consumer,Surabaya,Jawa Timur,Indonesia,APAC,Southeast Asia,OFF-LA-10004919,Office Supplies,Labels,"Smead Color Coded Labels, Alphabetical",13.642200000000003,2,0.47000000000000003,-4.897800000000002,1.51,High
29397,ID-2011-45433,2011-10-28,2011-11-04,Standard Class,BF-10975,Barbara Fisher,Corporate,Bandung,Jawa Barat,Indonesia,APAC,Southeast Asia,OFF-FA-10000248,Office Supplies,Fasteners,"Stockwell Rubber Bands, Assorted Sizes",22.2282,3,0.47000000000000003,1.258199999999995,1.5,Medium
22130,IN-2013-61288,2013-07-16,2013-07-20,Standard Class,FW-14395,Fred Wasserman,Corporate,Surabaya,Jawa Timur,Indonesia,APAC,Southeast Asia,OFF-SU-10004306,Office Supplies,Supplies,"Kleencut Trimmer, Steel",21.6399,1,0.47000000000000003,-17.5701,1.49,Medium
22495,IN-2014-60168,2014-01-02,2014-01-06,Standard Class,LD-16855,Lela Donovan,Corporate,Ambon,Maluku,Indonesia,APAC,Southeast Asia,OFF-LA-10004614,Office Supplies,Labels,"Smead Round Labels, 5000 Label Set",19.318500000000004,5,0.47000000000000003,-7.6815000000000015,1.49,Medium
26817,IN-2013-57284,2013-08-31,2013-09-03,First Class,JH-15910,Jonathan Howell,Consumer,Semarang,Jawa Tengah,Indonesia,APAC,Southeast Asia,OFF-PA-10000951,Office Supplies,Paper,"Enermax Note Cards, Multicolor",51.89760000000001,3,0.47000000000000003,-40.1724,1.49,Medium
28099,IN-2014-52615,2014-12-01,2014-12-07,Standard Class,DB-13660,Duane Benoit,Consumer,Surakarta,Jawa Tengah,Indonesia,APAC,Southeast Asia,OFF-FA-10000577,Office Supplies,Fasteners,"Stockwell Push Pins, 12 Pack",14.2146,2,0.47000000000000003,0.7745999999999977,1.46,Medium
28290,ID-2013-33197,2013-03-14,2013-03-18,Standard Class,SV-20365,Seth Vernon,Consumer,Banjarmasin,Kalimantan Selatan,Indonesia,APAC,Southeast Asia,OFF-LA-10004623,Office Supplies,Labels,"Smead Removable Labels, 5000 Label Set",27.825000000000003,5,0.47000000000000003,-2.1750000000000043,1.45,Medium
29986,ID-2012-48100,2012-06-26,2012-06-30,Standard Class,EB-13870,Emily Burns,Consumer,Pematangsiantar,Sumatera Utara,Indonesia,APAC,Southeast Asia,OFF-ST-10001214,Office Supplies,Storage,"Smead Box, Industrial",9.3375,1,0.17,3.5775,1.45,High
20571,ID-2014-13135,2014-06-19,2014-06-25,Standard Class,JL-15235,Janet Lee,Consumer,Surabaya,Jawa Timur,Indonesia,APAC,Southeast Asia,OFF-LA-10001548,Office Supplies,Labels,"Avery Shipping Labels, Adjustable",20.67,4,0.47000000000000003,-8.970000000000002,1.44,Medium
21840,ID-2012-31426,2012-02-16,2012-02-20,Standard Class,GR-14560,Georgia Rosenberg,Corporate,Jakarta,Jakarta,Indonesia,APAC,Southeast Asia,OFF-FA-10004523,Office Supplies,Fasteners,"OIC Thumb Tacks, Bulk Pack",22.371299999999998,3,0.47000000000000003,-8.4987,1.44,Medium
26872,ID-2014-29032,2014-07-21,2014-07-25,Standard Class,EB-13930,Eric Barreto,Consumer,Depok,Jawa Barat,Indonesia,APAC,Southeast Asia,OFF-FA-10003332,Office Supplies,Fasteners,"Accos Push Pins, 12 Pack",14.787000000000003,2,0.47000000000000003,-0.33300000000000196,1.44,High
21627,ID-2014-32119,2014-09-11,2014-09-15,Standard Class,Dl-13600,Dorris liebe,Corporate,Surabaya,Jawa Timur,Indonesia,APAC,Southeast Asia,OFF-FA-10003631,Office Supplies,Fasteners,"Advantus Paper Clips, Metal",21.2742,3,0.47000000000000003,-3.2958000000000016,1.43,Medium
25010,ID-2013-65565,2013-08-05,2013-08-07,First Class,KB-16405,Katrina Bavinger,Home Office,Depok,Yogyakarta,Indonesia,APAC,Southeast Asia,OFF-BI-10001399,Office Supplies,Binders,"Avery Binder Covers, Clear",8.739899999999999,1,0.17,-0.020100000000000007,1.43,Critical
29454,IN-2014-59475,2014-10-16,2014-10-21,Second Class,AS-10045,Aaron Smayling,Corporate,Samarinda,Kalimantan Timur,Indonesia,APAC,Southeast Asia,FUR-FU-10002335,Furniture,Furnishings,"Rubbermaid Light Bulb, Durable",23.170199999999994,2,0.27,0.31020000000000003,1.42,Medium
23351,IN-2011-76842,2011-04-13,2011-04-17,Standard Class,SV-20785,Stewart Visinsky,Consumer,Surabaya,Jawa Timur,Indonesia,APAC,Southeast Asia,OFF-AR-10000780,Office Supplies,Art,"BIC Highlighters, Easy-Erase",28.032000000000004,2,0.27,3.431999999999997,1.41,Medium
27484,ID-2013-45223,2013-12-11,2013-12-17,Standard Class,DB-13555,Dorothy Badders,Corporate,Jakarta,Jakarta,Indonesia,APAC,Southeast Asia,OFF-SU-10002911,Office Supplies,Supplies,"Acme Scissors, Serrated",23.468400000000003,2,0.47000000000000003,-8.451600000000003,1.41,Medium
28931,ID-2014-17216,2014-08-01,2014-08-05,Second Class,SS-20590,Sonia Sunley,Consumer,Jakarta,Jakarta,Indonesia,APAC,Southeast Asia,OFF-PA-10002109,Office Supplies,Paper,"SanDisk Message Books, Premium",12.624600000000001,1,0.47000000000000003,-11.195400000000001,1.41,Medium
23409,ID-2013-10006,2013-06-21,2013-06-28,Standard Class,JE-15745,Joel Eaton,Consumer,Jakarta,Jakarta,Indonesia,APAC,Southeast Asia,OFF-LA-10004919,Office Supplies,Labels,"Smead Color Coded Labels, Alphabetical",13.642200000000003,2,0.47000000000000003,-4.897800000000002,1.4,Low
26176,ID-2013-59062,2013-10-17,2013-10-23,Standard Class,DR-12940,Daniel Raglin,Home Office,Jayapura,Papua,Indonesia,APAC,Southeast Asia,OFF-LA-10003379,Office Supplies,Labels,"Smead Color Coded Labels, Laser Printer Compatible",27.666,4,0.47000000000000003,-22.014,1.4,Medium
27846,IN-2012-70087,2012-06-25,2012-06-25,Same Day,RD-19585,Rob Dowd,Consumer,Depok,Yogyakarta,Indonesia,APAC,Southeast Asia,OFF-BI-10003309,Office Supplies,Binders,"Wilson Jones Binder Covers, Clear",8.8395,1,0.17,0.8295000000000001,1.39,High
29061,ID-2013-33610,2013-05-20,2013-05-23,First Class,DO-13435,Denny Ordway,Consumer,Palembang,Sumatera Selatan,Indonesia,APAC,Southeast Asia,FUR-CH-10002749,Furniture,Chairs,"SAFCO Chairmat, Black",125.6841,3,0.27,-17.2359,1.39,High
24759,ID-2012-69954,2012-07-17,2012-07-18,First Class,NL-18310,Nancy Lomonaco,Home Office,Yogyakarta,Yogyakarta,Indonesia,APAC,Southeast Asia,OFF-LA-10003236,Office Supplies,Labels,"Hon Round Labels, Adjustable",9.667200000000001,4,0.47000000000000003,-2.4528000000000008,1.38,High
27843,IN-2012-70087,2012-06-25,2012-06-25,Same Day,RD-19585,Rob Dowd,Consumer,Depok,Yogyakarta,Indonesia,APAC,Southeast Asia,FUR-CH-10000825,Furniture,Chairs,"SAFCO Chairmat, Red",87.33720000000001,2,0.27,14.317199999999993,1.38,High
27650,IN-2014-54582,2014-12-17,2014-12-21,Standard Class,EN-13780,Edward Nazzal,Consumer,Banjarmasin,Kalimantan Selatan,Indonesia,APAC,Southeast Asia,OFF-BI-10000328,Office Supplies,Binders,"Acco Binding Machine, Clear",83.913,2,0.17,18.152999999999995,1.37,Medium
23276,ID-2012-61645,2012-06-06,2012-06-10,Standard Class,HA-14905,Helen Abelman,Consumer,Padang,Sumatera Barat,Indonesia,APAC,Southeast Asia,OFF-LA-10000688,Office Supplies,Labels,"Harbour Creations Shipping Labels, Laser Printer Compatible",12.147599999999999,2,0.47000000000000003,-2.0724,1.36,High
20315,ID-2012-73146,2012-10-24,2012-10-30,Standard Class,HM-14980,Henry MacAllister,Consumer,Denpasar,Bali,Indonesia,APAC,Southeast Asia,OFF-LA-10000095,Office Supplies,Labels,"Avery Round Labels, Laser Printer Compatible",22.7052,6,0.47000000000000003,-4.294799999999999,1.35,Medium
20519,ID-2014-65173,2014-11-27,2014-12-02,Standard Class,CS-12355,Christine Sundaresam,Consumer,Dumai,Riau,Indonesia,APAC,Southeast Asia,OFF-LA-10000506,Office Supplies,Labels,"Harbour Creations Legal Exhibit Labels, Laser Printer Compatible",11.607,2,0.47000000000000003,-3.9929999999999986,1.35,High
27079,ID-2014-29081,2014-06-17,2014-06-22,Standard Class,ES-14020,Erica Smith,Consumer,Bandung,Jawa Barat,Indonesia,APAC,Southeast Asia,OFF-EN-10001154,Office Supplies,Envelopes,"Kraft Clasp Envelope, Set of 50",19.080000000000002,4,0.47000000000000003,-16.200000000000003,1.32,Medium
21288,ID-2014-36935,2014-08-09,2014-08-10,First Class,JC-15340,Jasper Cacioppo,Consumer,Bandung,Jawa Barat,Indonesia,APAC,Southeast Asia,OFF-LA-10001764,Office Supplies,Labels,"Avery Round Labels, Adjustable",8.0136,3,0.47000000000000003,-6.386400000000001,1.31,High
24676,IN-2014-79488,2014-07-27,2014-08-02,Standard Class,HW-14935,Helen Wasserman,Corporate,Medan,Sumatera Utara,Indonesia,APAC,Southeast Asia,OFF-SU-10002742,Office Supplies,Supplies,"Stiletto Trimmer, Serrated",41.81700000000001,2,0.47000000000000003,-12.663000000000004,1.31,Medium
25494,IN-2013-45923,2013-06-24,2013-06-27,Second Class,MP-18175,Mike Pelletier,Home Office,Samarinda,Kalimantan Timur,Indonesia,APAC,Southeast Asia,OFF-AR-10003592,Office Supplies,Art,"Sanford Pencil Sharpener, Fluorescent",56.567699999999995,3,0.27,5.357700000000001,1.31,Medium
27999,ID-2014-71403,2014-12-16,2014-12-20,Standard Class,LS-17200,Luke Schmidt,Corporate,Depok,Jawa Barat,Indonesia,APAC,Southeast Asia,OFF-PA-10004380,Office Supplies,Paper,"SanDisk Memo Slips, Multicolor",19.4934,2,0.47000000000000003,-12.906600000000001,1.3,Medium
24927,IN-2012-24867,2012-10-06,2012-10-10,Second Class,PB-19210,Phillip Breyer,Corporate,Depok,Jawa Barat,Indonesia,APAC,Southeast Asia,OFF-BI-10002684,Office Supplies,Binders,"Avery Hole Reinforcements, Clear",16.0605,5,0.17,5.8605,1.29,Medium
29627,ID-2012-39903,2012-01-02,2012-01-06,Standard Class,JS-15595,Jill Stevenson,Corporate,Medan,Sumatera Utara,Indonesia,APAC,Southeast Asia,OFF-FA-10001521,Office Supplies,Fasteners,"Stockwell Thumb Tacks, Assorted Sizes",17.4582,3,0.47000000000000003,-9.271800000000002,1.28,High
20979,IN-2014-24405,2014-02-13,2014-02-18,Standard Class,PG-18895,Paul Gonzalez,Consumer,Jember,Jawa Timur,Indonesia,APAC,Southeast Asia,OFF-BI-10001967,Office Supplies,Binders,"Acco Binder, Recycled",12.873299999999999,1,0.17,-2.0367,1.26,High
21821,IN-2014-17223,2014-08-20,2014-08-23,Second Class,SS-20590,Sonia Sunley,Consumer,Depok,Yogyakarta,Indonesia,APAC,Southeast Asia,OFF-FA-10001702,Office Supplies,Fasteners,"Advantus Push Pins, 12 Pack",22.037399999999998,3,0.47000000000000003,1.247399999999999,1.26,Medium
27098,IN-2014-55968,2014-09-22,2014-09-27,Standard Class,MP-18175,Mike Pelletier,Home Office,Medan,Sumatera Utara,Indonesia,APAC,Southeast Asia,OFF-BI-10001326,Office Supplies,Binders,"Cardinal Binder, Recycled",23.555399999999995,2,0.17,2.2554000000000007,1.26,Medium
26854,IN-2012-50886,2012-11-09,2012-11-11,First Class,AA-10645,Anna Andreadi,Consumer,Semarang,Jawa Tengah,Indonesia,APAC,Southeast Asia,OFF-LA-10004614,Office Supplies,Labels,"Smead Round Labels, 5000 Label Set",11.5911,3,0.47000000000000003,-4.608900000000002,1.25,Medium
22479,ID-2011-15802,2011-12-21,2011-12-28,Standard Class,DV-13465,Dianna Vittorini,Consumer,Medan,Sumatera Utara,Indonesia,APAC,Southeast Asia,OFF-SU-10001709,Office Supplies,Supplies,"Kleencut Scissors, High Speed",23.627400000000005,2,0.47000000000000003,-1.8126000000000033,1.23,Medium
27019,IN-2014-74588,2014-10-20,2014-10-24,Standard Class,OT-18730,Olvera Toch,Consumer,Bandung,Jawa Barat,Indonesia,APAC,Southeast Asia,OFF-LA-10002992,Office Supplies,Labels,"Novimex Removable Labels, 5000 Label Set",15.6933,3,0.47000000000000003,-13.646700000000003,1.23,Medium
23441,IN-2011-52748,2011-09-02,2011-09-07,Second Class,BW-11200,Ben Wallace,Consumer,Malang,Jawa Timur,Indonesia,APAC,Southeast Asia,OFF-FA-10001702,Office Supplies,Fasteners,"Advantus Push Pins, 12 Pack",14.6916,2,0.47000000000000003,0.8315999999999999,1.21,Medium
24089,IN-2013-76681,2013-05-25,2013-05-29,Standard Class,JE-15715,Joe Elijah,Consumer,Dumai,Riau,Indonesia,APAC,Southeast Asia,OFF-LA-10000784,Office Supplies,Labels,"Harbour Creations File Folder Labels, 5000 Label Set",14.500800000000002,3,0.47000000000000003,0.8208000000000002,1.21,Medium
26980,IN-2013-36802,2013-02-08,2013-02-12,Standard Class,BB-10990,Barry Blumstein,Corporate,Surabaya,Jawa Timur,Indonesia,APAC,Southeast Asia,OFF-AR-10003875,Office Supplies,Art,"Stanley Highlighters, Easy-Erase",10.9281,1,0.27,-2.8719,1.21,Medium
27900,ID-2014-15774,2014-11-25,2014-11-29,Standard Class,BP-11185,Ben Peterman,Corporate,Palembang,Sumatera Selatan,Indonesia,APAC,Southeast Asia,OFF-SU-10003559,Office Supplies,Supplies,"Kleencut Ruler, Steel",13.737600000000002,2,0.47000000000000003,-6.782400000000001,1.21,High
22358,IN-2011-64557,2011-01-24,2011-01-29,Standard Class,MW-18220,Mitch Webber,Consumer,Medan,Sumatera Utara,Indonesia,APAC,Southeast Asia,OFF-BI-10002885,Office Supplies,Binders,"Avery Hole Reinforcements, Recycled",11.877300000000002,3,0.17,4.227299999999999,1.2,Medium
22402,IN-2013-35388,2013-08-07,2013-08-11,Standard Class,IM-15055,Ionia McGrath,Consumer,Jakarta,Jakarta,Indonesia,APAC,Southeast Asia,OFF-LA-10002319,Office Supplies,Labels,"Smead Legal Exhibit Labels, Laser Printer Compatible",23.532,4,0.47000000000000003,-1.7880000000000003,1.2,Medium
26876,ID-2014-29032,2014-07-21,2014-07-25,Standard Class,EB-13930,Eric Barreto,Consumer,Depok,Jawa Barat,Indonesia,APAC,Southeast Asia,OFF-BI-10001286,Office Supplies,Binders,"Ibico Hole Reinforcements, Durable",14.093399999999999,2,0.17,0.4733999999999998,1.2,High
29876,ID-2014-26008,2014-11-28,2014-12-03,Standard Class,ML-17410,Maris LaWare,Consumer,Jakarta,Jakarta,Indonesia,APAC,Southeast Asia,OFF-BI-10002684,Office Supplies,Binders,"Avery Hole Reinforcements, Clear",16.0605,5,0.17,5.8605,1.2,Medium
23090,ID-2014-64781,2014-05-08,2014-05-13,Standard Class,TP-21565,Tracy Poddar,Corporate,Jakarta,Jakarta,Indonesia,APAC,Southeast Asia,OFF-FA-10002015,Office Supplies,Fasteners,"Stockwell Push Pins, 12 Pack",14.628000000000002,2,0.47000000000000003,-9.432000000000002,1.19,Medium
29211,ID-2012-14073,2012-05-23,2012-05-27,Standard Class,LH-17155,Logan Haushalter,Consumer,Jakarta,Jakarta,Indonesia,APAC,Southeast Asia,OFF-LA-10001444,Office Supplies,Labels,"Avery Round Labels, Alphabetical",18.444,5,0.47000000000000003,-1.5060000000000002,1.19,Medium
25612,IN-2011-34191,2011-03-23,2011-03-26,First Class,TS-21505,Tony Sayre,Consumer,Jakarta,Jakarta,Indonesia,APAC,Southeast Asia,TEC-MA-10001475,Technology,Machines,"StarTech Receipt Printer, Wireless",275.3442,3,0.17,19.834200000000017,1.18,High
21732,ID-2014-43690,2014-05-25,2014-05-29,Standard Class,LS-16945,Linda Southworth,Corporate,Samarinda,Kalimantan Timur,Indonesia,APAC,Southeast Asia,OFF-LA-10000095,Office Supplies,Labels,"Avery Round Labels, Laser Printer Compatible",7.5684000000000005,2,0.47000000000000003,-1.4315999999999995,1.17,High
27907,IN-2014-19274,2014-11-28,2014-11-29,First Class,DB-13270,Deborah Brumfield,Home Office,Surabaya,Jawa Timur,Indonesia,APAC,Southeast Asia,OFF-ST-10003606,Office Supplies,Storage,"Smead Box, Single Width",26.892000000000003,3,0.17,2.5920000000000005,1.17,Medium
28399,ID-2013-65369,2013-06-07,2013-06-13,Standard Class,LB-16735,Larry Blacks,Consumer,Banjarmasin,Kalimantan Selatan,Indonesia,APAC,Southeast Asia,OFF-LA-10002741,Office Supplies,Labels,"Avery Color Coded Labels, Adjustable",29.653499999999994,5,0.47000000000000003,-11.8965,1.17,Medium
25838,ID-2013-64011,2013-11-26,2013-12-01,Standard Class,JH-16180,Justin Hirsh,Consumer,Jakarta,Jakarta,Indonesia,APAC,Southeast Asia,OFF-FA-10003596,Office Supplies,Fasteners,"Stockwell Push Pins, Bulk Pack",15.232200000000002,2,0.47000000000000003,-5.227800000000002,1.16,Medium
21751,ID-2011-43480,2011-11-22,2011-11-24,First Class,MS-17980,Michael Stewart,Corporate,Bekasi,Jawa Barat,Indonesia,APAC,Southeast Asia,OFF-LA-10000477,Office Supplies,Labels,"Smead Round Labels, Alphabetical",10.684800000000001,3,0.47000000000000003,-8.305200000000001,1.15,High
22125,IN-2013-61288,2013-07-16,2013-07-20,Standard Class,FW-14395,Fred Wasserman,Corporate,Surabaya,Jawa Timur,Indonesia,APAC,Southeast Asia,OFF-LA-10002806,Office Supplies,Labels,"Novimex Shipping Labels, 5000 Label Set",18.078300000000002,3,0.47000000000000003,0.6183000000000014,1.15,Medium
22805,IN-2014-78151,2014-12-11,2014-12-16,Standard Class,NH-18610,Nicole Hansen,Corporate,Jakarta,Jakarta,Indonesia,APAC,Southeast Asia,OFF-LA-10003141,Office Supplies,Labels,"Hon Shipping Labels, Laser Printer Compatible",18.078300000000002,3,0.47000000000000003,0.9782999999999973,1.15,Medium
24608,ID-2012-50123,2012-11-29,2012-12-04,Standard Class,JD-16015,Joy Daniels,Consumer,Medan,Sumatera Utara,Indonesia,APAC,Southeast Asia,OFF-EN-10002007,Office Supplies,Envelopes,"Kraft Clasp Envelope, with clear poly window",33.230999999999995,5,0.47000000000000003,-19.568999999999996,1.15,Medium
24665,IN-2012-41177,2012-08-02,2012-08-07,Standard Class,AF-10885,Art Foster,Consumer,Pontianak,Kalimantan Barat,Indonesia,APAC,Southeast Asia,OFF-EN-10000232,Office Supplies,Envelopes,"Kraft Peel and Seal, Recycled",30.671100000000003,3,0.47000000000000003,-18.5589,1.15,Medium
26696,ID-2013-22753,2013-04-01,2013-04-05,Standard Class,KH-16330,Katharine Harms,Corporate,Jakarta,Jakarta,Indonesia,APAC,Southeast Asia,TEC-AC-10004012,Technology,Accessories,"Enermax Flash Drive, Erganomic",20.8449,1,0.47000000000000003,-1.9850999999999992,1.14,Medium
24821,ID-2014-39441,2014-06-27,2014-06-30,Second Class,AH-10585,Angele Hood,Consumer,Samarinda,Kalimantan Timur,Indonesia,APAC,Southeast Asia,OFF-EN-10004941,Office Supplies,Envelopes,"GlobeWeis Manila Envelope, Recycled",13.880700000000001,1,0.47000000000000003,-5.259300000000001,1.13,Medium
27382,ID-2012-46392,2012-05-18,2012-05-23,Standard Class,JP-16135,Julie Prescott,Home Office,Balikpapan,Kalimantan Timur,Indonesia,APAC,Southeast Asia,FUR-FU-10000783,Furniture,Furnishings,"Advantus Light Bulb, Durable",24.965999999999998,2,0.27,-0.354000000000001,1.13,Medium
22808,IN-2014-78151,2014-12-11,2014-12-16,Standard Class,NH-18610,Nicole Hansen,Corporate,Jakarta,Jakarta,Indonesia,APAC,Southeast Asia,OFF-LA-10001830,Office Supplies,Labels,"Hon Round Labels, Laser Printer Compatible",14.1192,4,0.47000000000000003,-7.8408,1.11,Medium
26286,ID-2014-53784,2014-10-31,2014-11-06,Standard Class,LS-17200,Luke Schmidt,Corporate,Jakarta,Jakarta,Indonesia,APAC,Southeast Asia,OFF-SU-10003789,Office Supplies,Supplies,"Fiskars Box Cutter, Steel",18.507600000000004,1,0.47000000000000003,-2.4624000000000006,1.11,Medium
28489,ID-2011-37306,2011-11-16,2011-11-23,Standard Class,DJ-13630,Doug Jacobs,Consumer,Semarang,Jawa Tengah,Indonesia,APAC,Southeast Asia,OFF-EN-10002540,Office Supplies,Envelopes,"GlobeWeis Clasp Envelope, with clear poly window",21.3696,3,0.47000000000000003,-5.720399999999998,1.11,Low
24856,ID-2014-37453,2014-08-20,2014-08-26,Standard Class,DP-13390,Dennis Pardue,Home Office,Surabaya,Jawa Timur,Indonesia,APAC,Southeast Asia,OFF-BI-10001324,Office Supplies,Binders,"Ibico Hole Reinforcements, Clear",10.706999999999999,2,0.17,-0.813,1.1,Medium
29644,IN-2014-25462,2014-10-04,2014-10-06,Second Class,VT-21700,Valerie Takahito,Home Office,Yogyakarta,Yogyakarta,Indonesia,APAC,Southeast Asia,OFF-AR-10004138,Office Supplies,Art,"Stanley Pens, Easy-Erase",22.6008,3,0.27,2.4407999999999976,1.1,High
21529,ID-2011-41751,2011-09-21,2011-09-26,Standard Class,SG-20080,Sandra Glassco,Consumer,Samarinda,Kalimantan Timur,Indonesia,APAC,Southeast Asia,OFF-BI-10002708,Office Supplies,Binders,"Acco Binder, Clear",24.252599999999997,2,0.17,1.7526000000000002,1.08,Medium
21983,ID-2011-58824,2011-11-07,2011-11-13,Standard Class,NG-18430,Nathan Gelder,Consumer,Medan,Sumatera Utara,Indonesia,APAC,Southeast Asia,TEC-AC-10001835,Technology,Accessories,"Belkin Mouse, Programmable",22.3713,1,0.47000000000000003,-13.958700000000004,1.08,Medium
24239,ID-2014-36473,2014-10-24,2014-10-26,First Class,RB-19435,Richard Bierner,Consumer,Depok,Yogyakarta,Indonesia,APAC,Southeast Asia,OFF-PA-10003969,Office Supplies,Paper,"Green Bar Note Cards, 8.5 x 11",31.482000000000003,2,0.47000000000000003,-1.818000000000005,1.08,High
24776,IN-2014-41345,2014-11-13,2014-11-18,Standard Class,DV-13045,Darrin Van Huff,Corporate,Pekanbaru,Riau,Indonesia,APAC,Southeast Asia,OFF-EN-10001680,Office Supplies,Envelopes,"Jiffy Clasp Envelope, with clear poly window",12.7836,2,0.47000000000000003,-3.1763999999999992,1.08,Medium
25948,IN-2013-77577,2013-06-21,2013-06-25,Standard Class,HE-14800,Harold Engle,Corporate,Kupang,Nusa Tenggara Timur,Indonesia,APAC,Southeast Asia,FUR-FU-10001933,Furniture,Furnishings,"Tenex Stacking Tray, Black",18.4617,1,0.27,0.7317,1.08,Medium
21446,ID-2012-47456,2012-03-28,2012-04-04,Standard Class,DV-13465,Dianna Vittorini,Consumer,Surabaya,Jawa Timur,Indonesia,APAC,Southeast Asia,OFF-BI-10004240,Office Supplies,Binders,"Cardinal Binding Machine, Recycled",83.2158,2,0.17,29.035799999999995,1.07,Medium
25164,ID-2011-18140,2011-03-12,2011-03-16,Standard Class,RR-19525,Rick Reed,Corporate,Bandung,Jawa Barat,Indonesia,APAC,Southeast Asia,OFF-ST-10003154,Office Supplies,Storage,"Fellowes Shelving, Industrial",242.02799999999996,5,0.17,-5.92199999999999,1.06,Medium
28957,ID-2013-12148,2013-07-29,2013-08-03,Standard Class,BP-11155,Becky Pak,Consumer,Jakarta,Jakarta,Indonesia,APAC,Southeast Asia,OFF-FA-10001718,Office Supplies,Fasteners,"Accos Staples, Assorted Sizes",26.712000000000003,6,0.47000000000000003,-12.708000000000002,1.06,Medium
28437,IN-2011-51859,2011-08-26,2011-08-29,First Class,SC-20575,Sonia Cooley,Consumer,Binjai,Sumatera Utara,Indonesia,APAC,Southeast Asia,OFF-LA-10003141,Office Supplies,Labels,"Hon Shipping Labels, Laser Printer Compatible",6.0261000000000005,1,0.47000000000000003,0.3260999999999994,1.05,High
30168,ID-2013-49556,2013-05-25,2013-05-30,Standard Class,JK-15325,Jason Klamczynski,Corporate,Bekasi,Jawa Barat,Indonesia,APAC,Southeast Asia,OFF-BI-10000854,Office Supplies,Binders,"Acco Binder Covers, Economy",33.166799999999995,3,0.17,-0.8531999999999993,1.05,Medium
27344,IN-2013-28164,2013-04-01,2013-04-06,Standard Class,DW-13195,David Wiener,Corporate,Bekasi,Jawa Barat,Indonesia,APAC,Southeast Asia,OFF-EN-10000776,Office Supplies,Envelopes,"Jiffy Peel and Seal, Set of 50",21.2106,2,0.47000000000000003,0.3906000000000027,1.04,Medium
27911,IN-2014-19274,2014-11-28,2014-11-29,First Class,DB-13270,Deborah Brumfield,Home Office,Surabaya,Jawa Timur,Indonesia,APAC,Southeast Asia,OFF-FA-10000581,Office Supplies,Fasteners,"Stockwell Thumb Tacks, Metal",21.7035,3,0.47000000000000003,-5.7464999999999975,1.01,Medium
26951,ID-2014-72593,2014-06-05,2014-06-09,Standard Class,KE-16420,Katrina Edelman,Corporate,Surabaya,Jawa Timur,Indonesia,APAC,Southeast Asia,OFF-FA-10001621,Office Supplies,Fasteners,"Accos Rubber Bands, 12 Pack",25.6149,3,0.47000000000000003,-15.515099999999999,1.0,Medium
25749,ID-2014-39616,2014-06-16,2014-06-19,First Class,TT-21070,Ted Trevino,Consumer,Balikpapan,Kalimantan Timur,Indonesia,APAC,Southeast Asia,OFF-BI-10000373,Office Supplies,Binders,"Ibico Hole Reinforcements, Economy",11.6034,2,0.17,-0.7566000000000002,0.99,High
27314,IN-2014-41989,2014-11-03,2014-11-08,Standard Class,DM-13015,Darrin Martin,Consumer,Bandung,Jawa Barat,Indonesia,APAC,Southeast Asia,OFF-BI-10003806,Office Supplies,Binders,"Avery Index Tab, Clear",10.5078,2,0.17,3.9078000000000004,0.99,Medium
30089,ID-2012-41380,2012-12-29,2013-01-03,Standard Class,SF-20965,Sylvia Foulston,Corporate,Manado,Sulawesi Utara,Indonesia,APAC,Southeast Asia,OFF-PA-10004648,Office Supplies,Paper,"Xerox Message Books, Recycled",21.496800000000004,2,0.47000000000000003,-16.2432,0.98,Medium
25769,ID-2013-15032,2013-09-30,2013-10-04,Standard Class,CC-12370,Christopher Conant,Consumer,Bogor,Jawa Barat,Indonesia,APAC,Southeast Asia,OFF-FA-10003615,Office Supplies,Fasteners,"Stockwell Staples, Assorted Sizes",8.3316,2,0.47000000000000003,-3.788400000000001,0.97,High
30208,ID-2014-48828,2014-12-29,2015-01-02,Standard Class,KB-16315,Karl Braun,Consumer,Cirebon,Jawa Barat,Indonesia,APAC,Southeast Asia,OFF-SU-10001382,Office Supplies,Supplies,"Acme Trimmer, Serrated",21.878400000000003,1,0.47000000000000003,-8.691600000000003,0.96,Medium
22003,ID-2014-22851,2014-08-11,2014-08-16,Second Class,TB-21190,Thomas Brumley,Home Office,Pekalongan,Jawa Tengah,Indonesia,APAC,Southeast Asia,OFF-SU-10003332,Office Supplies,Supplies,"Elite Letter Opener, Steel",12.719999999999999,1,0.47000000000000003,-1.4399999999999995,0.95,Medium
27063,IN-2013-46609,2013-08-15,2013-08-19,Standard Class,FM-14215,Filia McAdams,Corporate,Pematangsiantar,Sumatera Utara,Indonesia,APAC,Southeast Asia,OFF-LA-10000615,Office Supplies,Labels,"Hon Removable Labels, Adjustable",16.9335,3,0.47000000000000003,-7.366499999999999,0.95,Medium
28899,ID-2013-52594,2013-04-10,2013-04-16,Standard Class,SJ-20215,Sarah Jordon,Consumer,Medan,Sumatera Utara,Indonesia,APAC,Southeast Asia,OFF-EN-10000726,Office Supplies,Envelopes,"Jiffy Clasp Envelope, Set of 50",13.546800000000001,3,0.47000000000000003,-3.103200000000001,0.95,Medium
25601,ID-2011-63402,2011-11-15,2011-11-21,Standard Class,KE-16420,Katrina Edelman,Corporate,Jakarta,Jakarta,Indonesia,APAC,Southeast Asia,OFF-LA-10004114,Office Supplies,Labels,"Avery File Folder Labels, Alphabetical",14.2146,3,0.47000000000000003,-4.865400000000001,0.94,Medium
27422,ID-2013-53273,2013-04-10,2013-04-15,Standard Class,DK-13150,David Kendrick,Corporate,Bandung,Jawa Barat,Indonesia,APAC,Southeast Asia,OFF-LA-10001191,Office Supplies,Labels,"Harbour Creations File Folder Labels, Alphabetical",18.126,4,0.47000000000000003,-3.474,0.94,High
29213,ID-2012-14073,2012-05-23,2012-05-27,Standard Class,LH-17155,Logan Haushalter,Consumer,Jakarta,Jakarta,Indonesia,APAC,Southeast Asia,OFF-BI-10003874,Office Supplies,Binders,"Avery Index Tab, Clear",14.4171,3,0.17,0.10709999999999997,0.94,Medium
26320,ID-2013-70808,2013-12-24,2013-12-28,Standard Class,ED-13885,Emily Ducich,Home Office,Jakarta,Jakarta,Indonesia,APAC,Southeast Asia,OFF-SU-10000207,Office Supplies,Supplies,"Kleencut Box Cutter, High Speed",36.729,2,0.47000000000000003,-15.950999999999997,0.93,High
21753,ID-2011-43480,2011-11-22,2011-11-24,First Class,MS-17980,Michael Stewart,Corporate,Bekasi,Jawa Barat,Indonesia,APAC,Southeast Asia,OFF-LA-10004918,Office Supplies,Labels,"Harbour Creations Round Labels, Alphabetical",6.964200000000001,2,0.47000000000000003,-4.915800000000001,0.92,High
24801,IN-2012-63150,2012-05-23,2012-05-28,Second Class,NH-18610,Nicole Hansen,Corporate,Bogor,Jawa Barat,Indonesia,APAC,Southeast Asia,OFF-BI-10001808,Office Supplies,Binders,"Ibico Index Tab, Clear",7.3953,1,0.17,-1.2747000000000002,0.92,High
20617,ID-2012-59384,2012-08-10,2012-08-16,Standard Class,LP-17080,Liz Pelletier,Consumer,Jakarta,Jakarta,Indonesia,APAC,Southeast Asia,OFF-PA-10003020,Office Supplies,Paper,"Xerox Message Books, Premium",21.592200000000002,2,0.47000000000000003,-13.447800000000004,0.91,Medium
24254,ID-2012-27450,2012-11-16,2012-11-17,First Class,AH-10075,Adam Hart,Corporate,Bandung,Jawa Barat,Indonesia,APAC,Southeast Asia,OFF-PA-10001979,Office Supplies,Paper,"Enermax Message Books, Premium",23.85,2,0.47000000000000003,-8.130000000000003,0.91,Medium
29332,IN-2011-56878,2011-11-14,2011-11-21,Standard Class,EB-14110,Eugene Barchas,Consumer,Jakarta,Jakarta,Indonesia,APAC,Southeast Asia,OFF-LA-10001731,Office Supplies,Labels,"Avery Removable Labels, Alphabetical",11.193600000000002,2,0.47000000000000003,-5.726400000000002,0.9,Medium
21733,ID-2014-43690,2014-05-25,2014-05-29,Standard Class,LS-16945,Linda Southworth,Corporate,Samarinda,Kalimantan Timur,Indonesia,APAC,Southeast Asia,OFF-LA-10003215,Office Supplies,Labels,"Smead File Folder Labels, Laser Printer Compatible",9.412799999999999,2,0.47000000000000003,-4.447199999999999,0.88,High
21389,ID-2014-27163,2014-10-27,2014-10-31,Second Class,DV-13045,Darrin Van Huff,Corporate,Manado,Sulawesi Utara,Indonesia,APAC,Southeast Asia,OFF-BI-10002885,Office Supplies,Binders,"Avery Hole Reinforcements, Recycled",11.877300000000002,3,0.17,4.227299999999999,0.87,High
23049,ID-2014-31139,2014-10-27,2014-10-29,Second Class,DJ-13630,Doug Jacobs,Consumer,Surabaya,Jawa Timur,Indonesia,APAC,Southeast Asia,OFF-FA-10004664,Office Supplies,Fasteners,"Advantus Push Pins, Bulk Pack",7.647900000000001,1,0.47000000000000003,-1.3221000000000007,0.86,Critical
26506,ID-2012-10139,2012-06-11,2012-06-15,Standard Class,KA-16525,Kelly Andreada,Consumer,Bekasi,Jawa Barat,Indonesia,APAC,Southeast Asia,OFF-SU-10001869,Office Supplies,Supplies,"Stiletto Scissors, Steel",12.1953,1,0.47000000000000003,-10.364700000000001,0.86,High
26658,IN-2013-55555,2013-03-05,2013-03-09,Standard Class,VP-21760,Victoria Pisteka,Corporate,Yogyakarta,Yogyakarta,Indonesia,APAC,Southeast Asia,OFF-LA-10002088,Office Supplies,Labels,"Novimex Round Labels, Laser Printer Compatible",6.646199999999999,2,0.47000000000000003,-0.013799999999999812,0.86,High
23602,ID-2011-45062,2011-04-05,2011-04-10,Standard Class,PG-18895,Paul Gonzalez,Consumer,Medan,Sumatera Utara,Indonesia,APAC,Southeast Asia,OFF-LA-10004234,Office Supplies,Labels,"Smead File Folder Labels, 5000 Label Set",14.7393,3,0.47000000000000003,-11.720700000000003,0.85,Medium
25835,ID-2013-64011,2013-11-26,2013-12-01,Standard Class,JH-16180,Justin Hirsh,Consumer,Jakarta,Jakarta,Indonesia,APAC,Southeast Asia,OFF-EN-10003316,Office Supplies,Envelopes,"Jiffy Business Envelopes, Recycled",15.6456,2,0.47000000000000003,-9.794400000000001,0.85,Medium
27066,ID-2014-15578,2014-03-21,2014-03-23,Second Class,MH-17455,Mark Hamilton,Consumer,Tasikmalaya,Jawa Barat,Indonesia,APAC,Southeast Asia,OFF-FA-10003626,Office Supplies,Fasteners,"Advantus Rubber Bands, Assorted Sizes",29.7648,4,0.47000000000000003,-2.8751999999999995,0.85,Medium
24269,ID-2014-35052,2014-08-21,2014-08-28,Standard Class,SH-20635,Stefanie Holloman,Corporate,Surabaya,Jawa Timur,Indonesia,APAC,Southeast Asia,OFF-LA-10000732,Office Supplies,Labels,"Novimex Round Labels, 5000 Label Set",10.5894,3,0.47000000000000003,-3.270599999999999,0.82,Low
23639,IN-2011-75540,2011-06-02,2011-06-07,Standard Class,AT-10435,Alyssa Tate,Home Office,Jakarta,Jakarta,Indonesia,APAC,Southeast Asia,OFF-BI-10003012,Office Supplies,Binders,"Wilson Jones Hole Reinforcements, Economy",7.519800000000002,2,0.17,2.2997999999999994,0.8,Medium
29877,ID-2014-26008,2014-11-28,2014-12-03,Standard Class,ML-17410,Maris LaWare,Consumer,Jakarta,Jakarta,Indonesia,APAC,Southeast Asia,OFF-EN-10003715,Office Supplies,Envelopes,"Kraft Manila Envelope, Set of 50",14.039700000000002,1,0.47000000000000003,-9.300300000000002,0.79,Medium
22650,ID-2014-57781,2014-01-10,2014-01-14,Standard Class,TS-21655,Trudy Schmidt,Consumer,Manado,Sulawesi Utara,Indonesia,APAC,Southeast Asia,TEC-AC-10001090,Technology,Accessories,"Enermax Mouse, Programmable",22.1487,1,0.47000000000000003,-1.2813000000000017,0.78,Medium
26225,ID-2012-33505,2012-03-23,2012-03-28,Standard Class,MH-17440,Mark Haberlin,Corporate,Jakarta,Jakarta,Indonesia,APAC,Southeast Asia,OFF-FA-10001072,Office Supplies,Fasteners,"Advantus Clamps, 12 Pack",29.7648,3,0.47000000000000003,-11.8152,0.78,Medium
22360,ID-2012-73125,2012-11-06,2012-11-10,Standard Class,DM-13015,Darrin Martin,Consumer,Medan,Sumatera Utara,Indonesia,APAC,Southeast Asia,OFF-LA-10001764,Office Supplies,Labels,"Avery Round Labels, Adjustable",10.684800000000001,4,0.47000000000000003,-8.5152,0.77,Medium
24440,ID-2012-46574,2012-01-20,2012-01-25,Second Class,KL-16555,Kelly Lampkin,Corporate,Bandung,Jawa Barat,Indonesia,APAC,Southeast Asia,OFF-BI-10000106,Office Supplies,Binders,"Cardinal Hole Reinforcements, Clear",7.968000000000001,2,0.17,1.6079999999999999,0.77,Medium
29834,ID-2014-32931,2014-01-16,2014-01-21,Standard Class,AJ-10960,Astrea Jones,Consumer,Denpasar,Bali,Indonesia,APAC,Southeast Asia,OFF-PA-10002073,Office Supplies,Paper,"Green Bar Parchment Paper, 8.5 x 11",22.069200000000002,2,0.47000000000000003,-3.370799999999999,0.77,Medium
23442,IN-2011-52748,2011-09-02,2011-09-07,Second Class,BW-11200,Ben Wallace,Consumer,Malang,Jawa Timur,Indonesia,APAC,Southeast Asia,OFF-BI-10004140,Office Supplies,Binders,"Cardinal Index Tab, Clear",11.155199999999997,2,0.17,3.7152000000000003,0.76,Medium
28098,ID-2013-30201,2013-12-28,2014-01-02,Standard Class,VW-21775,Victoria Wilson,Corporate,Pematangsiantar,Sumatera Utara,Indonesia,APAC,Southeast Asia,OFF-SU-10000178,Office Supplies,Supplies,"Acme Ruler, Easy Grip",9.714900000000002,1,0.47000000000000003,-7.175100000000002,0.76,Medium
29894,IN-2012-63395,2012-10-08,2012-10-12,Standard Class,JP-15460,Jennifer Patt,Corporate,Bandung,Jawa Barat,Indonesia,APAC,Southeast Asia,OFF-FA-10000294,Office Supplies,Fasteners,"Advantus Clamps, Metal",10.287300000000002,1,0.47000000000000003,-4.082700000000002,0.76,Medium
25736,IN-2012-76926,2012-10-27,2012-10-31,Standard Class,KM-16660,Khloe Miller,Consumer,Jakarta,Jakarta,Indonesia,APAC,Southeast Asia,OFF-LA-10004756,Office Supplies,Labels,"Avery Removable Labels, Laser Printer Compatible",17.076600000000003,3,0.47000000000000003,-2.003400000000001,0.74,Medium
25837,ID-2013-64011,2013-11-26,2013-12-01,Standard Class,JH-16180,Justin Hirsh,Consumer,Jakarta,Jakarta,Indonesia,APAC,Southeast Asia,OFF-BI-10002287,Office Supplies,Binders,"Acco Index Tab, Clear",13.346399999999997,2,0.17,3.0263999999999998,0.73,Medium
29754,ID-2013-27856,2013-12-09,2013-12-13,Standard Class,EH-14185,Evan Henry,Consumer,Bogor,Jawa Barat,Indonesia,APAC,Southeast Asia,OFF-FA-10004527,Office Supplies,Fasteners,"Advantus Thumb Tacks, Bulk Pack",21.6081,3,0.47000000000000003,-11.871900000000002,0.73,Medium
21171,ID-2013-12309,2013-07-29,2013-08-03,Standard Class,CS-12175,Charles Sheldon,Corporate,Palembang,Sumatera Selatan,Indonesia,APAC,Southeast Asia,OFF-AR-10002060,Office Supplies,Art,"Stanley Pens, Fluorescent",16.512600000000003,2,0.27,-2.0874000000000015,0.72,Medium
25771,ID-2013-15032,2013-09-30,2013-10-04,Standard Class,CC-12370,Christopher Conant,Consumer,Bogor,Jawa Barat,Indonesia,APAC,Southeast Asia,OFF-FA-10003819,Office Supplies,Fasteners,"Advantus Paper Clips, Assorted Sizes",7.393500000000001,1,0.47000000000000003,-1.8165000000000004,0.71,High
27651,IN-2014-54582,2014-12-17,2014-12-21,Standard Class,EN-13780,Edward Nazzal,Consumer,Banjarmasin,Kalimantan Selatan,Indonesia,APAC,Southeast Asia,OFF-EN-10000224,Office Supplies,Envelopes,"Cameo Clasp Envelope, Recycled",13.212899999999998,3,0.47000000000000003,-6.767099999999998,0.71,Medium
29873,ID-2014-26008,2014-11-28,2014-12-03,Standard Class,ML-17410,Maris LaWare,Consumer,Jakarta,Jakarta,Indonesia,APAC,Southeast Asia,OFF-LA-10004398,Office Supplies,Labels,"Hon Color Coded Labels, Alphabetical",13.3878,2,0.47000000000000003,-11.8722,0.71,Medium
24090,IN-2013-76681,2013-05-25,2013-05-29,Standard Class,JE-15715,Joe Elijah,Consumer,Dumai,Riau,Indonesia,APAC,Southeast Asia,OFF-EN-10000726,Office Supplies,Envelopes,"Jiffy Clasp Envelope, Set of 50",9.0312,2,0.47000000000000003,-2.0688000000000013,0.68,Medium
24775,IN-2014-41345,2014-11-13,2014-11-18,Standard Class,DV-13045,Darrin Van Huff,Corporate,Pekanbaru,Riau,Indonesia,APAC,Southeast Asia,OFF-FA-10003962,Office Supplies,Fasteners,"Accos Thumb Tacks, Assorted Sizes",17.6967,3,0.47000000000000003,-13.443299999999999,0.67,Medium
29570,ID-2011-56535,2011-11-24,2011-11-29,Standard Class,RO-19780,Rose O'Brian,Consumer,Dumai,Riau,Indonesia,APAC,Southeast Asia,OFF-BI-10001096,Office Supplies,Binders,"Ibico Binder Covers, Durable",25.148999999999997,2,0.17,5.409000000000001,0.66,Medium
21102,ID-2012-51544,2012-08-06,2012-08-10,Standard Class,CS-12130,Chad Sievert,Consumer,Balikpapan,Kalimantan Timur,Indonesia,APAC,Southeast Asia,OFF-EN-10001154,Office Supplies,Envelopes,"Kraft Clasp Envelope, Set of 50",9.540000000000001,2,0.47000000000000003,-8.100000000000001,0.64,High
24242,ID-2014-36473,2014-10-24,2014-10-26,First Class,RB-19435,Richard Bierner,Consumer,Depok,Yogyakarta,Indonesia,APAC,Southeast Asia,OFF-SU-10003527,Office Supplies,Supplies,"Elite Ruler, Easy Grip",57.20819999999999,7,0.47000000000000003,-24.9018,0.64,High
28002,ID-2014-71403,2014-12-16,2014-12-20,Standard Class,LS-17200,Luke Schmidt,Corporate,Depok,Jawa Barat,Indonesia,APAC,Southeast Asia,OFF-AR-10002665,Office Supplies,Art,"Binney & Smith Markers, Easy-Erase",35.565599999999996,2,0.27,-10.2744,0.64,Medium
22793,ID-2013-30915,2013-06-10,2013-06-16,Standard Class,TB-21520,Tracy Blumstein,Consumer,Samarinda,Kalimantan Timur,Indonesia,APAC,Southeast Asia,OFF-EN-10000315,Office Supplies,Envelopes,"Jiffy Business Envelopes, Security-Tint",8.4588,1,0.47000000000000003,-4.4712000000000005,0.63,Medium
22915,ID-2014-54589,2014-10-19,2014-10-26,Standard Class,SM-20320,Sean Miller,Home Office,Jakarta,Jakarta,Indonesia,APAC,Southeast Asia,OFF-LA-10002876,Office Supplies,Labels,"Hon Legal Exhibit Labels, Adjustable",9.2856,2,0.47000000000000003,-0.7344000000000008,0.62,Low
25201,ID-2013-56717,2013-08-02,2013-08-04,First Class,DK-12985,Darren Koutras,Consumer,Jakarta,Jakarta,Indonesia,APAC,Southeast Asia,OFF-EN-10000726,Office Supplies,Envelopes,"Jiffy Clasp Envelope, Set of 50",4.5156,1,0.47000000000000003,-1.0344000000000007,0.62,High
22073,IN-2011-25882,2011-07-23,2011-07-28,Standard Class,LD-16855,Lela Donovan,Corporate,Jakarta,Jakarta,Indonesia,APAC,Southeast Asia,OFF-BI-10002712,Office Supplies,Binders,"Acco Hole Reinforcements, Durable",13.5456,2,0.17,1.1256,0.61,Medium
27080,ID-2014-29081,2014-06-17,2014-06-22,Standard Class,ES-14020,Erica Smith,Consumer,Bandung,Jawa Barat,Indonesia,APAC,Southeast Asia,FUR-FU-10000628,Furniture,Furnishings,"Rubbermaid Light Bulb, Black",13.753199999999996,1,0.27,3.1932,0.59,Medium
23453,IN-2014-37033,2014-08-27,2014-08-31,Standard Class,AT-10435,Alyssa Tate,Home Office,Depok,Jawa Barat,Indonesia,APAC,Southeast Asia,OFF-ST-10004841,Office Supplies,Storage,"Eldon Box, Blue",8.515799999999999,1,0.17,1.7357999999999998,0.58,Medium
22463,ID-2014-64039,2014-10-02,2014-10-06,Standard Class,DM-13345,Denise Monton,Corporate,Jakarta,Jakarta,Indonesia,APAC,Southeast Asia,OFF-LA-10001830,Office Supplies,Labels,"Hon Round Labels, Laser Printer Compatible",7.0596,2,0.47000000000000003,-3.9204,0.57,High
26987,IN-2014-48870,2014-11-19,2014-11-26,Standard Class,KC-16540,Kelly Collister,Consumer,Bekasi,Jawa Barat,Indonesia,APAC,Southeast Asia,OFF-BI-10000439,Office Supplies,Binders,"Acco Hole Reinforcements, Economy",11.0556,2,0.17,2.6555999999999997,0.56,Low
31296,ID-2014-3000,2014-12-20,2014-12-24,Standard Class,SV-10935,Susan Vittorini,Consumer,Tangerang,Jawa Barat,Indonesia,APAC,Southeast Asia,OFF-BOS-10001753,Office Supplies,Art,"Boston Highlighters, Water Color",4.409999999999999,1,0.4,-2.36,0.56,Medium
30064,ID-2012-75302,2012-05-01,2012-05-05,Standard Class,SO-20335,Sean O'Donnell,Consumer,Denpasar,Bali,Indonesia,APAC,Southeast Asia,OFF-LA-10002633,Office Supplies,Labels,"Novimex Shipping Labels, Laser Printer Compatible",5.8194,1,0.47000000000000003,-3.4206,0.55,High
24052,ID-2013-72061,2013-06-13,2013-06-18,Standard Class,BW-11110,Bart Watters,Corporate,Jakarta,Jakarta,Indonesia,APAC,Southeast Asia,OFF-PA-10003938,Office Supplies,Paper,"Eaton Cards & Envelopes, Premium",23.9454,1,0.47000000000000003,-11.3046,0.49,Medium
24825,ID-2011-23698,2011-12-13,2011-12-19,Standard Class,NW-18400,Natalie Webber,Consumer,Jakarta,Jakarta,Indonesia,APAC,Southeast Asia,OFF-EN-10002003,Office Supplies,Envelopes,"Ames Clasp Envelope, Set of 50",7.632,2,0.47000000000000003,-0.5880000000000001,0.48,Medium
25343,ID-2011-25287,2011-05-09,2011-05-15,Standard Class,SC-20440,Shaun Chance,Corporate,Medan,Sumatera Utara,Indonesia,APAC,Southeast Asia,OFF-LA-10003236,Office Supplies,Labels,"Hon Round Labels, Adjustable",14.500800000000002,6,0.47000000000000003,-3.6792000000000016,0.48,Medium
25385,IN-2014-41212,2014-06-18,2014-06-21,First Class,JG-15805,John Grady,Corporate,Medan,Sumatera Utara,Indonesia,APAC,Southeast Asia,OFF-LA-10000688,Office Supplies,Labels,"Harbour Creations Shipping Labels, Laser Printer Compatible",18.2214,3,0.47000000000000003,-3.108600000000001,0.47,Medium
21241,ID-2014-19225,2014-12-01,2014-12-05,Standard Class,HL-15040,Hunter Lopez,Consumer,Bogor,Jawa Barat,Indonesia,APAC,Southeast Asia,OFF-PA-10003899,Office Supplies,Paper,"SanDisk Memo Slips, Premium",53.99640000000001,6,0.47000000000000003,-13.323599999999999,0.46,Medium
29333,IN-2011-56878,2011-11-14,2011-11-21,Standard Class,EB-14110,Eugene Barchas,Consumer,Jakarta,Jakarta,Indonesia,APAC,Southeast Asia,OFF-LA-10004756,Office Supplies,Labels,"Avery Removable Labels, Laser Printer Compatible",17.076600000000003,3,0.47000000000000003,-2.003400000000001,0.45,Medium
29498,ID-2013-45139,2013-07-05,2013-07-11,Standard Class,CR-12730,Craig Reiter,Consumer,Pekanbaru,Riau,Indonesia,APAC,Southeast Asia,OFF-LA-10001497,Office Supplies,Labels,"Smead Round Labels, Adjustable",7.6320000000000014,3,0.47000000000000003,-4.5180000000000025,0.44,Medium
23901,ID-2013-79201,2013-08-24,2013-08-29,Second Class,CS-12130,Chad Sievert,Consumer,Binjai,Sumatera Utara,Indonesia,APAC,Southeast Asia,OFF-FA-10000746,Office Supplies,Fasteners,"Advantus Thumb Tacks, 12 Pack",6.9006,1,0.47000000000000003,-5.2194,0.43,Medium
26629,IN-2011-73839,2011-10-27,2011-11-02,Standard Class,VP-21760,Victoria Pisteka,Corporate,Semarang,Jawa Tengah,Indonesia,APAC,Southeast Asia,TEC-AC-10002568,Technology,Accessories,"Enermax Numeric Keypad, Erganomic",62.3598,2,0.47000000000000003,-2.380200000000002,0.42,Medium
26944,ID-2013-69198,2013-09-24,2013-09-28,Standard Class,CR-12625,Corey Roper,Home Office,Semarang,Jawa Tengah,Indonesia,APAC,Southeast Asia,OFF-LA-10003617,Office Supplies,Labels,"Smead Legal Exhibit Labels, Adjustable",9.540000000000001,2,0.47000000000000003,-0.7200000000000006,0.41,Medium
29101,ID-2013-77269,2013-06-21,2013-06-24,First Class,MT-17815,Meg Tillman,Consumer,Probolinggo,Jawa Timur,Indonesia,APAC,Southeast Asia,OFF-FA-10004545,Office Supplies,Fasteners,"Stockwell Push Pins, Metal",44.83800000000001,6,0.47000000000000003,-5.201999999999998,0.41,Medium
24893,IN-2014-30768,2014-09-10,2014-09-15,Standard Class,RH-19495,Rick Hansen,Consumer,Surabaya,Jawa Timur,Indonesia,APAC,Southeast Asia,OFF-BI-10000583,Office Supplies,Binders,"Wilson Jones Hole Reinforcements, Clear",9.9351,3,0.17,1.2950999999999993,0.39,Medium
26084,ID-2014-48583,2014-06-23,2014-06-27,Second Class,AB-10015,Aaron Bergman,Consumer,Palembang,Sumatera Selatan,Indonesia,APAC,Southeast Asia,OFF-LA-10000732,Office Supplies,Labels,"Novimex Round Labels, 5000 Label Set",10.5894,3,0.47000000000000003,-3.270599999999999,0.39,Medium
29562,ID-2013-35584,2013-06-17,2013-06-21,Standard Class,KD-16495,Keith Dawkins,Corporate,Kendari,Sulawesi Tenggara,Indonesia,APAC,Southeast Asia,OFF-EN-10000224,Office Supplies,Envelopes,"Cameo Clasp Envelope, Recycled",8.808599999999998,2,0.47000000000000003,-4.511399999999998,0.39,Medium
27691,ID-2014-36263,2014-11-27,2014-11-29,First Class,SP-20620,Stefania Perrino,Corporate,Semarang,Jawa Tengah,Indonesia,APAC,Southeast Asia,OFF-FA-10003962,Office Supplies,Fasteners,"Accos Thumb Tacks, Assorted Sizes",23.595599999999997,4,0.47000000000000003,-17.9244,0.37,High
23992,ID-2014-18154,2014-12-24,2014-12-30,Standard Class,RP-19270,Rachel Payne,Corporate,Jakarta,Jakarta,Indonesia,APAC,Southeast Asia,OFF-FA-10003779,Office Supplies,Fasteners,"Stockwell Paper Clips, Assorted Sizes",7.361700000000001,1,0.47000000000000003,-0.8583000000000007,0.36,Medium
24427,IN-2014-39077,2014-07-19,2014-07-23,Standard Class,JK-16120,Julie Kriz,Home Office,Palembang,Sumatera Selatan,Indonesia,APAC,Southeast Asia,OFF-LA-10001658,Office Supplies,Labels,"Avery Round Labels, 5000 Label Set",7.9818,2,0.47000000000000003,-5.1582,0.36,High
25100,IN-2012-20149,2012-11-30,2012-12-06,Standard Class,MS-17530,MaryBeth Skach,Consumer,Depok,Yogyakarta,Indonesia,APAC,Southeast Asia,OFF-AP-10001824,Office Supplies,Appliances,"Hamilton Beach Blender, Silver",58.9632,1,0.17,6.373200000000001,0.36,Medium
24053,ID-2013-72061,2013-06-13,2013-06-18,Standard Class,BW-11110,Bart Watters,Corporate,Jakarta,Jakarta,Indonesia,APAC,Southeast Asia,OFF-LA-10002493,Office Supplies,Labels,"Hon Color Coded Labels, Adjustable",5.676299999999999,1,0.47000000000000003,-3.773699999999999,0.35,Medium
22344,ID-2014-47603,2014-08-06,2014-08-10,Standard Class,FC-14335,Fred Chung,Corporate,Banjarmasin,Kalimantan Selatan,Indonesia,APAC,Southeast Asia,OFF-PA-10004815,Office Supplies,Paper,"Xerox Note Cards, Premium",13.976099999999999,1,0.47000000000000003,-4.503900000000001,0.34,Medium
22579,ID-2013-37495,2013-05-16,2013-05-18,First Class,RF-19735,Roland Fjeld,Consumer,Medan,Sumatera Utara,Indonesia,APAC,Southeast Asia,OFF-AR-10001922,Office Supplies,Art,"Sanford Pens, Blue",16.206000000000003,2,0.27,-2.0340000000000016,0.34,Medium
24405,IN-2014-76247,2014-05-03,2014-05-07,Standard Class,KE-16420,Katrina Edelman,Corporate,Medan,Sumatera Utara,Indonesia,APAC,Southeast Asia,OFF-ST-10003606,Office Supplies,Storage,"Smead Box, Single Width",8.964,1,0.17,0.8639999999999999,0.34,Medium
27598,IN-2012-46560,2012-09-07,2012-09-13,Standard Class,SZ-20035,Sam Zeldin,Home Office,Jakarta,Jakarta,Indonesia,APAC,Southeast Asia,OFF-BI-10001324,Office Supplies,Binders,"Ibico Hole Reinforcements, Clear",10.706999999999999,2,0.17,-0.813,0.32,Medium
24777,IN-2014-41345,2014-11-13,2014-11-18,Standard Class,DV-13045,Darrin Van Huff,Corporate,Pekanbaru,Riau,Indonesia,APAC,Southeast Asia,OFF-PA-10004268,Office Supplies,Paper,"SanDisk Note Cards, 8.5 x 11",63.02760000000001,4,0.47000000000000003,-47.6124,0.3,Medium
25911,IN-2011-39308,2011-01-11,2011-01-18,Standard Class,DF-13135,David Flashing,Consumer,Bekasi,Jawa Barat,Indonesia,APAC,Southeast Asia,OFF-BI-10004334,Office Supplies,Binders,"Avery Hole Reinforcements, Durable",4.9052999999999995,1,0.17,-0.014700000000000157,0.3,Medium
22217,IN-2011-44145,2011-07-30,2011-08-03,Standard Class,HJ-14875,Heather Jas,Home Office,Samarinda,Kalimantan Timur,Indonesia,APAC,Southeast Asia,OFF-LA-10002088,Office Supplies,Labels,"Novimex Round Labels, Laser Printer Compatible",3.3230999999999997,1,0.47000000000000003,-0.006899999999999906,0.28,High
23352,IN-2011-76842,2011-04-13,2011-04-17,Standard Class,SV-20785,Stewart Visinsky,Consumer,Surabaya,Jawa Timur,Indonesia,APAC,Southeast Asia,OFF-EN-10001975,Office Supplies,Envelopes,"Kraft Business Envelopes, Security-Tint",8.7132,1,0.47000000000000003,-5.596800000000001,0.27,Medium
26911,ID-2014-72579,2014-07-15,2014-07-19,Standard Class,JL-15175,James Lanier,Home Office,Bekasi,Jawa Barat,Indonesia,APAC,Southeast Asia,OFF-FA-10000838,Office Supplies,Fasteners,"Stockwell Push Pins, Assorted Sizes",6.264600000000001,1,0.47000000000000003,-5.465400000000001,0.25,Medium
28662,ID-2013-74875,2013-02-12,2013-02-19,Standard Class,CA-12310,Christine Abelman,Corporate,Medan,Sumatera Utara,Indonesia,APAC,Southeast Asia,OFF-PA-10004185,Office Supplies,Paper,"SanDisk Message Books, Recycled",12.576899999999998,1,0.47000000000000003,-4.043099999999998,0.25,Medium
25734,IN-2012-76926,2012-10-27,2012-10-31,Standard Class,KM-16660,Khloe Miller,Consumer,Jakarta,Jakarta,Indonesia,APAC,Southeast Asia,OFF-FA-10004298,Office Supplies,Fasteners,"Stockwell Staples, Bulk Pack",5.723999999999999,1,0.47000000000000003,-1.0859999999999994,0.23,Medium
28178,IN-2012-45279,2012-09-10,2012-09-14,Standard Class,MS-17770,Maxwell Schwartz,Consumer,Jakarta,Jakarta,Indonesia,APAC,Southeast Asia,OFF-FA-10000549,Office Supplies,Fasteners,"Advantus Staples, Metal",5.819400000000001,1,0.47000000000000003,-3.8706000000000005,0.23,Medium
25958,IN-2011-27702,2011-12-29,2012-01-03,Standard Class,RB-19645,Robert Barroso,Corporate,Jakarta,Jakarta,Indonesia,APAC,Southeast Asia,OFF-BI-10004334,Office Supplies,Binders,"Avery Hole Reinforcements, Durable",4.9052999999999995,1,0.17,-0.014700000000000157,0.16,Medium
27916,IN-2014-19274,2014-11-28,2014-11-29,First Class,DB-13270,Deborah Brumfield,Home Office,Surabaya,Jawa Timur,Indonesia,APAC,Southeast Asia,OFF-LA-10002364,Office Supplies,Labels,"Smead Shipping Labels, Alphabetical",12.1158,2,0.47000000000000003,-4.1442000000000005,0.16,Medium
21388,ID-2014-27163,2014-10-27,2014-10-31,Second Class,DV-13045,Darrin Van Huff,Corporate,Manado,Sulawesi Utara,Indonesia,APAC,Southeast Asia,OFF-FA-10001309,Office Supplies,Fasteners,"Stockwell Thumb Tacks, 12 Pack",19.9863,3,0.47000000000000003,-10.613700000000001,0.14,High
